"GEO_ID","NAME","B17018_001E","B17018_001M","B17018_002E","B17018_002M","B17018_003E","B17018_003M","B17018_004E","B17018_004M","B17018_005E","B17018_005M","B17018_006E","B17018_006M","B17018_007E","B17018_007M","B17018_008E","B17018_008M","B17018_009E","B17018_009M","B17018_010E","B17018_010M","B17018_011E","B17018_011M","B17018_012E","B17018_012M","B17018_013E","B17018_013M","B17018_014E","B17018_014M","B17018_015E","B17018_015M","B17018_016E","B17018_016M","B17018_017E","B17018_017M","B17018_018E","B17018_018M","B17018_019E","B17018_019M","B17018_020E","B17018_020M","B17018_021E","B17018_021M","B17018_022E","B17018_022M","B17018_023E","B17018_023M","B17018_024E","B17018_024M","B17018_025E","B17018_025M","B17018_026E","B17018_026M","B17018_027E","B17018_027M","B17018_028E","B17018_028M","B17018_029E","B17018_029M","B17018_030E","B17018_030M","B17018_031E","B17018_031M","B17018_032E","B17018_032M","B17018_033E","B17018_033M","B17018_034E","B17018_034M","B17018_035E","B17018_035M",
"Geography","Geographic Area Name","Estimate!!Total:","Margin of Error!!Total:","Estimate!!Total:!!Income in the past 12 months below poverty level:","Margin of Error!!Total:!!Income in the past 12 months below poverty level:","Estimate!!Total:!!Income in the past 12 months below poverty level:!!Married-couple family:","Margin of Error!!Total:!!Income in the past 12 months below poverty level:!!Married-couple family:","Estimate!!Total:!!Income in the past 12 months below poverty level:!!Married-couple family:!!Less than high school graduate","Margin of Error!!Total:!!Income in the past 12 months below poverty level:!!Married-couple family:!!Less than high school graduate","Estimate!!Total:!!Income in the past 12 months below poverty level:!!Married-couple family:!!High school graduate (includes equivalency)","Margin of Error!!Total:!!Income in the past 12 months below poverty level:!!Married-couple family:!!High school graduate (includes equivalency)","Estimate!!Total:!!Income in the past 12 months below poverty level:!!Married-couple family:!!Some college, associate's degree","Margin of Error!!Total:!!Income in the past 12 months below poverty level:!!Married-couple family:!!Some college, associate's degree","Estimate!!Total:!!Income in the past 12 months below poverty level:!!Married-couple family:!!Bachelor's degree or higher","Margin of Error!!Total:!!Income in the past 12 months below poverty level:!!Married-couple family:!!Bachelor's degree or higher","Estimate!!Total:!!Income in the past 12 months below poverty level:!!Other families:","Margin of Error!!Total:!!Income in the past 12 months below poverty level:!!Other families:","Estimate!!Total:!!Income in the past 12 months below poverty level:!!Other families:!!Male householder, no spouse present:","Margin of Error!!Total:!!Income in the past 12 months below poverty level:!!Other families:!!Male householder, no spouse present:","Estimate!!Total:!!Income in the past 12 months below poverty level:!!Other families:!!Male householder, no spouse present:!!Less than high school graduate","Margin of Error!!Total:!!Income in the past 12 months below poverty level:!!Other families:!!Male householder, no spouse present:!!Less than high school graduate","Estimate!!Total:!!Income in the past 12 months below poverty level:!!Other families:!!Male householder, no spouse present:!!High school graduate (includes equivalency)","Margin of Error!!Total:!!Income in the past 12 months below poverty level:!!Other families:!!Male householder, no spouse present:!!High school graduate (includes equivalency)","Estimate!!Total:!!Income in the past 12 months below poverty level:!!Other families:!!Male householder, no spouse present:!!Some college, associate's degree","Margin of Error!!Total:!!Income in the past 12 months below poverty level:!!Other families:!!Male householder, no spouse present:!!Some college, associate's degree","Estimate!!Total:!!Income in the past 12 months below poverty level:!!Other families:!!Male householder, no spouse present:!!Bachelor's degree or higher","Margin of Error!!Total:!!Income in the past 12 months below poverty level:!!Other families:!!Male householder, no spouse present:!!Bachelor's degree or higher","Estimate!!Total:!!Income in the past 12 months below poverty level:!!Other families:!!Female householder, no spouse present:","Margin of Error!!Total:!!Income in the past 12 months below poverty level:!!Other families:!!Female householder, no spouse present:","Estimate!!Total:!!Income in the past 12 months below poverty level:!!Other families:!!Female householder, no spouse present:!!Less than high school graduate","Margin of Error!!Total:!!Income in the past 12 months below poverty level:!!Other families:!!Female householder, no spouse present:!!Less than high school graduate","Estimate!!Total:!!Income in the past 12 months below poverty level:!!Other families:!!Female householder, no spouse present:!!High school graduate (includes equivalency)","Margin of Error!!Total:!!Income in the past 12 months below poverty level:!!Other families:!!Female householder, no spouse present:!!High school graduate (includes equivalency)","Estimate!!Total:!!Income in the past 12 months below poverty level:!!Other families:!!Female householder, no spouse present:!!Some college, associate's degree","Margin of Error!!Total:!!Income in the past 12 months below poverty level:!!Other families:!!Female householder, no spouse present:!!Some college, associate's degree","Estimate!!Total:!!Income in the past 12 months below poverty level:!!Other families:!!Female householder, no spouse present:!!Bachelor's degree or higher","Margin of Error!!Total:!!Income in the past 12 months below poverty level:!!Other families:!!Female householder, no spouse present:!!Bachelor's degree or higher","Estimate!!Total:!!Income in the past 12 months at or above poverty level:","Margin of Error!!Total:!!Income in the past 12 months at or above poverty level:","Estimate!!Total:!!Income in the past 12 months at or above poverty level:!!Married-couple family:","Margin of Error!!Total:!!Income in the past 12 months at or above poverty level:!!Married-couple family:","Estimate!!Total:!!Income in the past 12 months at or above poverty level:!!Married-couple family:!!Less than high school graduate","Margin of Error!!Total:!!Income in the past 12 months at or above poverty level:!!Married-couple family:!!Less than high school graduate","Estimate!!Total:!!Income in the past 12 months at or above poverty level:!!Married-couple family:!!High school graduate (includes equivalency)","Margin of Error!!Total:!!Income in the past 12 months at or above poverty level:!!Married-couple family:!!High school graduate (includes equivalency)","Estimate!!Total:!!Income in the past 12 months at or above poverty level:!!Married-couple family:!!Some college, associate's degree","Margin of Error!!Total:!!Income in the past 12 months at or above poverty level:!!Married-couple family:!!Some college, associate's degree","Estimate!!Total:!!Income in the past 12 months at or above poverty level:!!Married-couple family:!!Bachelor's degree or higher","Margin of Error!!Total:!!Income in the past 12 months at or above poverty level:!!Married-couple family:!!Bachelor's degree or higher","Estimate!!Total:!!Income in the past 12 months at or above poverty level:!!Other families:","Margin of Error!!Total:!!Income in the past 12 months at or above poverty level:!!Other families:","Estimate!!Total:!!Income in the past 12 months at or above poverty level:!!Other families:!!Male householder, no spouse present:","Margin of Error!!Total:!!Income in the past 12 months at or above poverty level:!!Other families:!!Male householder, no spouse present:","Estimate!!Total:!!Income in the past 12 months at or above poverty level:!!Other families:!!Male householder, no spouse present:!!Less than high school graduate","Margin of Error!!Total:!!Income in the past 12 months at or above poverty level:!!Other families:!!Male householder, no spouse present:!!Less than high school graduate","Estimate!!Total:!!Income in the past 12 months at or above poverty level:!!Other families:!!Male householder, no spouse present:!!High school graduate (includes equivalency)","Margin of Error!!Total:!!Income in the past 12 months at or above poverty level:!!Other families:!!Male householder, no spouse present:!!High school graduate (includes equivalency)","Estimate!!Total:!!Income in the past 12 months at or above poverty level:!!Other families:!!Male householder, no spouse present:!!Some college, associate's degree","Margin of Error!!Total:!!Income in the past 12 months at or above poverty level:!!Other families:!!Male householder, no spouse present:!!Some college, associate's degree","Estimate!!Total:!!Income in the past 12 months at or above poverty level:!!Other families:!!Male householder, no spouse present:!!Bachelor's degree or higher","Margin of Error!!Total:!!Income in the past 12 months at or above poverty level:!!Other families:!!Male householder, no spouse present:!!Bachelor's degree or higher","Estimate!!Total:!!Income in the past 12 months at or above poverty level:!!Other families:!!Female householder, no spouse present:","Margin of Error!!Total:!!Income in the past 12 months at or above poverty level:!!Other families:!!Female householder, no spouse present:","Estimate!!Total:!!Income in the past 12 months at or above poverty level:!!Other families:!!Female householder, no spouse present:!!Less than high school graduate","Margin of Error!!Total:!!Income in the past 12 months at or above poverty level:!!Other families:!!Female householder, no spouse present:!!Less than high school graduate","Estimate!!Total:!!Income in the past 12 months at or above poverty level:!!Other families:!!Female householder, no spouse present:!!High school graduate (includes equivalency)","Margin of Error!!Total:!!Income in the past 12 months at or above poverty level:!!Other families:!!Female householder, no spouse present:!!High school graduate (includes equivalency)","Estimate!!Total:!!Income in the past 12 months at or above poverty level:!!Other families:!!Female householder, no spouse present:!!Some college, associate's degree","Margin of Error!!Total:!!Income in the past 12 months at or above poverty level:!!Other families:!!Female householder, no spouse present:!!Some college, associate's degree","Estimate!!Total:!!Income in the past 12 months at or above poverty level:!!Other families:!!Female householder, no spouse present:!!Bachelor's degree or higher","Margin of Error!!Total:!!Income in the past 12 months at or above poverty level:!!Other families:!!Female householder, no spouse present:!!Bachelor's degree or higher",
"0500000US01003","Baldwin County, Alabama","72891","4060","5260","1518","2870","981","739","526","1084","639","816","493","231","303","2390","1375","42","72","42","72","0","213","0","213","0","213","2348","1375","696","945","373","472","1064","1013","215","339","67631","3958","56863","3623","2921","1205","9728","1922","17691","2319","26523","2704","10768","2073","3473","1229","349","369","1226","650","767","485","1131","744","7295","1675","292","255","1959","938","3461","1229","1583","759",
"0500000US01015","Calhoun County, Alabama","29688","1834","4864","1416","1153","523","134","138","805","464","83","101","131","128","3711","1294","871","638","329","289","193","232","349","522","0","213","2840","1082","339","279","1227","724","907","807","367","393","24824","1981","17098","1696","917","592","4992","1078","6590","1171","4599","947","7726","1439","2010","730","367","340","277","277","992","517","374","321","5716","1208","924","604","1594","643","2505","848","693","311",
"0500000US01043","Cullman County, Alabama","26010","1854","2949","853","1127","549","398","409","687","404","0","213","42","71","1822","644","237","220","37","68","58","103","142","168","0","213","1585","626","349","328","562","399","575","482","99","160","23061","1778","17593","1579","1725","761","5074","1232","5881","1129","4913","1100","5468","1470","2328","887","561","433","1141","743","114","99","512","320","3140","1030","240","225","1234","684","1240","737","426","284",
"0500000US01049","DeKalb County, Alabama","17780","1596","3348","1012","1364","821","422","515","412","381","416","496","114","120","1984","733","578","512","336","468","105","188","137","195","0","213","1406","573","432","304","453","278","447","399","74","117","14432","1168","11269","1333","961","524","2918","737","4516","983","2874","699","3163","956","1138","647","274","227","83","86","358","277","423","514","2025","637","335","318","664","373","824","403","202","186",
"0500000US01051","Elmore County, Alabama","null","null","null","null","null","null","null","null","null","null","null","null","null","null","null","null","null","null","null","null","null","null","null","null","null","null","null","null","null","null","null","null","null","null","null","null","null","null","null","null","null","null","null","null","null","null","null","null","null","null","null","null","null","null","null","null","null","null","null","null","null","null","null","null","null","null","null","null","null","null",
"0500000US01055","Etowah County, Alabama","28116","1954","3711","992","1265","557","255","210","255","291","712","455","43","73","2446","976","406","358","27","46","147","158","232","307","0","213","2040","925","528","544","597","411","676","501","239","286","24405","1860","18956","1895","1097","494","5973","1219","6814","1358","5072","964","5449","1192","1742","630","212","250","868","436","516","313","146","152","3707","952","597","381","689","370","1677","735","744","413",
"0500000US01069","Houston County, Alabama","28833","1192","3876","771","962","326","240","149","399","237","155","97","168","124","2914","689","199","136","33","58","23","38","82","133","61","100","2715","686","146","112","992","354","1431","568","146","146","24957","1149","19080","1134","1235","325","4863","766","6851","882","6131","683","5877","906","1630","446","214","178","358","190","655","339","403","188","4247","783","457","240","984","370","1724","435","1082","512",
"0500000US01073","Jefferson County, Alabama","166513","5339","16290","2649","4904","1492","1162","663","1562","927","1333","623","847","491","11386","2282","1715","1032","113","140","368","315","1194","958","40","67","9671","2111","1362","667","3227","1250","3842","1338","1240","829","150223","4850","103786","3726","3510","944","17687","2352","27408","3183","55181","3044","46437","3913","12397","1878","1413","819","3833","1253","4459","1468","2692","984","34040","3254","2528","994","8597","1794","11731","2041","11184","2172",
"0500000US01077","Lauderdale County, Alabama","26175","1691","1955","817","812","515","16","28","502","452","248","235","46","78","1143","626","37","76","0","213","37","76","0","213","0","213","1106","620","294","275","353","360","302","281","157","288","24220","1477","20608","1427","708","425","5899","1470","5404","1250","8597","1410","3612","1047","1422","625","236","201","594","408","287","279","305","344","2190","883","46","80","559","522","985","788","600","386",
"0500000US01081","Lee County, Alabama","43519","2333","4303","1088","1419","649","92","151","326","286","299","272","702","484","2884","933","396","382","0","213","55","68","341","383","0","213","2488","867","430","494","776","458","906","591","376","524","39216","2385","32008","2451","1220","623","5680","1261","8016","1492","17092","1991","7208","1418","2333","807","218","238","565","341","364","293","1186","625","4875","1087","33","59","1744","765","1337","600","1761","788",
"0500000US01083","Limestone County, Alabama","null","null","null","null","null","null","null","null","null","null","null","null","null","null","null","null","null","null","null","null","null","null","null","null","null","null","null","null","null","null","null","null","null","null","null","null","null","null","null","null","null","null","null","null","null","null","null","null","null","null","null","null","null","null","null","null","null","null","null","null","null","null","null","null","null","null","null","null","null","null",
"0500000US01089","Madison County, Alabama","105372","3043","6856","1391","2204","837","206","191","505","351","533","457","960","597","4652","1260","556","550","47","81","64","97","154","239","291","468","4096","1126","251","244","1418","721","1949","881","478","420","98516","2778","79800","3093","2872","927","9682","1434","21012","2447","46234","2852","18716","2048","6057","1468","42","70","610","415","2429","1086","2976","1064","12659","1789","801","594","2693","895","3308","1012","5857","1171",
"0500000US01095","Marshall County, Alabama","27282","1888","3321","992","1171","430","317","258","312","267","369","237","173","146","2150","890","401","385","61","77","281","414","14","26","45","93","1749","845","339","207","966","708","444","361","0","213","23961","1865","18296","1875","1369","543","4099","1078","7870","1380","4958","923","5665","1307","2060","691","1177","644","491","277","276","179","116","111","3605","1107","646","392","850","584","1263","451","846","507",
"0500000US01097","Mobile County, Alabama","101614","3606","11767","2160","2861","1207","535","617","1451","871","812","447","63","106","8906","1748","1778","1037","427","371","1288","1010","63","101","0","213","7128","1430","1016","605","3402","1028","2436","991","274","210","89847","3662","62758","3937","3914","1341","17629","2003","18674","2191","22541","2687","27089","2666","5612","1409","702","645","1836","615","2310","1001","764","378","21477","2459","1569","614","5819","1390","6196","1524","7893","1569",
"0500000US01101","Montgomery County, Alabama","54698","3183","8096","1604","1695","746","286","311","794","451","277","229","338","266","6401","1492","494","371","82","148","377","359","0","213","35","62","5907","1511","603","420","1747","958","2824","1234","733","538","46602","3097","30998","2787","1575","654","5083","1475","6873","1558","17467","2374","15604","2853","3891","1543","420","440","758","438","2121","1231","592","334","11713","2305","1459","841","3120","1181","3899","1465","3235","1106",
"0500000US01103","Morgan County, Alabama","29258","2213","2529","882","629","407","262","332","164","151","136","173","67","93","1900","815","283","350","0","213","283","350","0","213","0","213","1617","729","147","230","791","619","500","343","179","222","26729","2310","21336","2084","1764","700","5231","1221","6599","1229","7742","1264","5393","1158","1408","622","130","122","641","431","465","407","172","211","3985","951","333","244","1335","570","1538","591","779","436",
"0500000US01115","St. Clair County, Alabama","26307","1823","1705","749","739","456","78","134","428","379","233","240","0","213","966","563","94","164","0","213","94","164","0","213","0","213","872","541","221","246","283","387","277","214","91","157","24602","1754","19890","1673","1043","556","4711","1192","8926","1282","5210","1118","4712","1259","1404","634","562","348","433","299","346","333","63","114","3308","1019","347","411","755","388","983","474","1223","761",
"0500000US01117","Shelby County, Alabama","64019","2752","2822","964","1411","640","415","344","144","135","505","394","347","299","1411","732","152","192","0","213","152","192","0","213","0","213","1259","724","43","73","32","30","585","487","599","627","61197","2815","53953","2683","1101","464","8360","1763","13256","1824","31236","2455","7244","1427","2043","790","276","379","493","306","634","537","640","498","5201","1291","160","153","1029","525","1573","663","2439","912",
"0500000US01121","Talladega County, Alabama","22778","1804","3156","933","450","312","193","195","139","178","118","199","0","213","2706","906","277","320","0","213","76","91","201","305","0","213","2429","809","612","561","816","483","1001","616","0","213","19622","1797","14155","1663","484","312","4413","1209","6006","1477","3252","1094","5467","1296","1460","695","621","483","325","347","260","306","254","221","4007","1039","763","635","1536","746","1170","562","538","434",
"0500000US01125","Tuscaloosa County, Alabama","54900","2784","5144","1543","1344","620","438","409","339","232","367","272","200","256","3800","1447","345","330","249","245","0","213","96","225","0","213","3455","1399","601","576","1832","1158","643","396","379","598","49756","2898","37507","2746","2362","982","5997","1116","12625","1793","16523","2298","12249","1992","2620","863","173","195","577","341","1395","730","475","297","9629","1707","505","388","1953","950","4643","1450","2528","1104",
"0500000US01127","Walker County, Alabama","null","null","null","null","null","null","null","null","null","null","null","null","null","null","null","null","null","null","null","null","null","null","null","null","null","null","null","null","null","null","null","null","null","null","null","null","null","null","null","null","null","null","null","null","null","null","null","null","null","null","null","null","null","null","null","null","null","null","null","null","null","null","null","null","null","null","null","null","null","null",
"0500000US02020","Anchorage Municipality, Alaska","70122","2955","3283","1030","966","422","147","188","290","263","244","184","285","303","2317","975","622","635","0","172","622","635","0","172","0","172","1695","845","330","377","662","510","660","566","43","76","66839","3086","52118","3414","1236","502","7835","1561","16773","2542","26274","2541","14721","2318","5350","1519","454","451","1939","935","2040","873","917","588","9371","1640","1202","705","1980","984","3691","1076","2498","846",
"0500000US02090","Fairbanks North Star Borough, Alaska","null","null","null","null","null","null","null","null","null","null","null","null","null","null","null","null","null","null","null","null","null","null","null","null","null","null","null","null","null","null","null","null","null","null","null","null","null","null","null","null","null","null","null","null","null","null","null","null","null","null","null","null","null","null","null","null","null","null","null","null","null","null","null","null","null","null","null","null","null","null",
"0500000US02170","Matanuska-Susitna Borough, Alaska","28170","1327","1566","488","675","321","117","147","128","124","262","248","168","141","891","362","147","147","85","104","62","101","0","172","0","172","744","338","172","190","302","222","221","156","49","60","26604","1195","22612","1231","999","403","5092","1071","8790","1271","7731","1069","3992","689","1673","480","101","99","591","318","467","264","514","287","2319","554","46","77","633","311","885","419","755","347",
"0500000US04001","Apache County, Arizona","15733","1391","3959","775","1156","382","247","150","498","243","158","97","253","177","2803","706","892","640","158","111","186","138","548","630","0","237","1911","483","433","194","586","213","599","310","293","311","11774","1349","7071","1446","1048","510","1079","388","2315","653","2629","969","4703","1048","1423","761","201","136","547","502","433","324","242","209","3280","553","477","197","814","322","1356","405","633","244",
"0500000US04003","Cochise County, Arizona","34323","1857","3379","976","1093","551","268","316","254","264","553","380","18","25","2286","745","1003","610","432","503","0","237","493","487","78","132","1283","578","368","334","385","299","329","261","201","243","30944","2149","22597","1928","1970","927","3195","1077","8653","1466","8779","1466","8347","1791","2737","1081","324","289","448","263","1417","770","548","465","5610","1339","996","829","665","423","2763","932","1186","713",
"0500000US04005","Coconino County, Arizona","32561","2064","2453","859","971","565","95","143","222","220","304","315","350","396","1482","609","140","137","33","57","50","70","57","98","0","237","1342","611","88","73","886","533","356","303","12","23","30108","1985","23224","2073","1352","935","3689","801","7330","1231","10853","1649","6884","1268","2224","685","251","216","448","309","1186","524","339","304","4660","1109","577","430","990","530","1624","554","1469","515",
"0500000US04013","Maricopa County, Arizona","1148047","12285","77834","5307","35173","4238","7269","2033","8479","2148","10385","2033","9040","1797","42661","4178","8835","1956","2332","994","2181","961","2125","937","2197","920","33826","3935","7435","1804","10418","2098","11869","2503","4104","1148","1070213","12536","797773","12199","48354","3898","119692","7213","234758","7512","394969","8837","272440","9949","96870","6086","15697","2819","25380","3237","29181","3440","26612","3487","175570","7978","18462","3061","39849","4279","62994","5694","54265","5022",
"0500000US04015","Mohave County, Arizona","70270","3081","6978","1592","3013","944","379","302","934","435","1229","712","471","372","3965","1331","1070","646","614","571","267","256","189","217","0","237","2895","1104","176","216","1178","985","1158","691","383","293","63292","3315","49439","3381","4615","1433","14217","2279","20748","2297","9859","2016","13853","2757","5859","2115","1197","1141","1617","1418","1758","885","1287","982","7994","1698","755","390","3132","1204","3465","1216","642","420",
"0500000US04017","Navajo County, Arizona","30679","2062","5994","1215","2157","782","596","310","633","373","598","453","330","306","3837","938","496","283","81","101","255","171","160","191","0","237","3341","884","968","504","1072","550","917","507","384","315","24685","2072","18239","1754","932","528","4688","1110","6629","1275","5990","1293","6446","1330","1899","892","267","269","669","519","593","347","370","590","4547","1004","529","321","871","545","2175","742","972","507",
"0500000US04019","Pima County, Arizona","271177","6770","22703","3483","8843","1657","1267","689","2120","756","3003","1088","2453","1034","13860","2790","3325","1333","856","624","1239","915","1162","821","68","119","10535","2412","1905","871","2461","1219","5013","1787","1156","646","248474","6621","186633","6128","9307","2260","28108","3639","58301","4263","90917","4794","61841","4241","21881","3017","2693","1176","4808","1465","8028","2087","6352","1474","39960","3166","3051","936","8117","1875","16435","2561","12357","2032",
"0500000US04021","Pinal County, Arizona","126737","4242","9198","2058","5236","1550","762","712","879","554","2247","937","1348","696","3962","1268","1262","599","431","338","624","528","207","215","0","237","2700","1072","753","771","1059","677","875","585","13","25","117539","4539","92213","4377","4462","1557","22896","3407","37500","3497","27355","2717","25326","3123","9368","2286","989","731","1883","1121","4267","1770","2229","909","15958","2445","1545","751","4789","1420","5882","1705","3742","1288",
"0500000US04025","Yavapai County, Arizona","73938","3695","3705","1129","2352","732","262","256","366","384","825","358","899","456","1353","726","171","222","0","237","15","26","156","222","0","237","1182","719","45","62","538","474","599","559","0","237","70233","3639","57867","3086","3154","1118","10373","2007","20892","2272","23448","2230","12366","2205","3868","1186","848","696","725","516","1367","800","928","446","8498","1812","324","302","1294","709","4876","1504","2004","1028",
"0500000US04027","Yuma County, Arizona","60552","3012","8078","2075","3474","1487","2026","1377","417","296","804","601","227","186","4604","1503","752","757","147","194","424","675","12","22","169","279","3852","1373","1011","710","851","757","1479","878","511","528","52474","3621","40204","3585","7598","2224","10013","2668","14676","2907","7917","1409","12270","2515","3459","1520","354","470","480","323","2294","1399","331","300","8811","2020","1440","750","2674","1158","2839","1240","1858","1126",
"0500000US05007","Benton County, Arkansas","88095","2979","4710","1238","1599","633","445","324","581","347","222","233","351","270","3111","1057","346","249","167","171","54","76","125","171","0","213","2765","1023","783","735","1357","785","513","467","112","137","83385","3092","67502","3261","4880","1252","11839","1805","16980","2511","33803","2751","15883","2302","6228","1636","396","367","2390","1182","910","528","2532","1066","9655","1668","792","483","2936","892","2678","1017","3249","989",
"0500000US05031","Craighead County, Arkansas","30951","2042","5233","1546","1999","930","0","213","1430","856","372","440","197","174","3234","1240","870","586","681","590","90","130","99","173","0","213","2364","1075","427","477","849","689","759","630","329","376","25718","2091","18943","1753","874","444","3961","1121","5084","1090","9024","1528","6775","1590","1532","710","27","49","388","310","216","208","901","613","5243","1343","382","294","1257","652","2310","1011","1294","719",
"0500000US05045","Faulkner County, Arkansas","31565","2052","3064","1064","1070","646","273","409","520","456","162","217","115","138","1994","849","481","435","83","145","0","213","348","396","50","88","1513","745","90","154","722","603","654","518","47","80","28501","2178","23055","2082","587","433","3155","956","7804","1516","11509","1693","5446","1486","920","534","64","118","257","225","314","286","285","394","4526","1379","630","656","950","554","1311","637","1635","906",
"0500000US05051","Garland County, Arkansas","null","null","null","null","null","null","null","null","null","null","null","null","null","null","null","null","null","null","null","null","null","null","null","null","null","null","null","null","null","null","null","null","null","null","null","null","null","null","null","null","null","null","null","null","null","null","null","null","null","null","null","null","null","null","null","null","null","null","null","null","null","null","null","null","null","null","null","null","null","null",
"0500000US05069","Jefferson County, Arkansas","15000","1406","2882","1091","771","548","39","72","540","494","116","107","76","79","2111","962","0","213","0","213","0","213","0","213","0","213","2111","962","167","280","1211","747","62","111","671","598","12118","1539","7937","1362","573","362","2078","671","2531","855","2755","771","4181","1081","871","468","160","222","290","201","346","383","75","138","3310","876","68","100","1492","631","1288","655","462","288",
"0500000US05085","Lonoke County, Arkansas","null","null","null","null","null","null","null","null","null","null","null","null","null","null","null","null","null","null","null","null","null","null","null","null","null","null","null","null","null","null","null","null","null","null","null","null","null","null","null","null","null","null","null","null","null","null","null","null","null","null","null","null","null","null","null","null","null","null","null","null","null","null","null","null","null","null","null","null","null","null",
"0500000US05119","Pulaski County, Arkansas","101897","4657","12024","2619","4468","1553","738","751","1375","720","1566","982","789","523","7556","2009","938","520","522","444","0","213","294","231","122","201","6618","1910","1272","915","1595","1050","3558","1442","193","268","89873","4356","65239","4190","2022","721","10391","1849","19033","2851","33793","2944","24634","3139","6222","1548","485","515","2405","1073","1472","689","1860","732","18412","2749","1085","599","4344","1499","6273","1758","6710","1652",
"0500000US05125","Saline County, Arkansas","36777","1972","3253","1264","1505","695","324","369","491","411","449","452","241","213","1748","884","693","631","236","367","85","145","0","213","372","454","1055","709","0","213","711","625","289","302","55","100","33524","2039","26654","2476","1298","613","6767","1757","8195","1965","10394","1672","6870","1674","1477","730","120","122","747","580","259","234","351","275","5393","1557","281","296","1148","646","1874","779","2090","1051",
"0500000US05131","Sebastian County, Arkansas","36056","1823","2663","993","892","399","289","297","272","223","273","250","58","100","1771","867","405","416","277","356","113","160","15","28","0","213","1366","706","748","576","143","158","318","287","157","241","33393","1796","26586","2285","2921","1219","7120","1535","8484","1461","8061","1567","6807","1556","1463","733","27","47","778","524","396","463","262","184","5344","1388","740","500","2089","1037","1684","724","831","543",
"0500000US05143","Washington County, Arkansas","62443","2806","5024","1481","2474","1190","999","1044","585","471","452","436","438","419","2550","897","522","471","97","158","374","434","51","85","0","213","2028","790","114","173","1271","715","384","324","259","273","57419","2726","45475","2596","4720","1328","10742","1797","9364","1573","20649","1825","11944","2058","3778","1083","501","278","1500","937","859","440","918","540","8166","1732","845","625","3051","1265","1775","761","2495","932",
"0500000US05145","White County, Arkansas","21018","1375","3594","1406","1306","841","84","103","422","320","800","754","0","213","2288","1043","96","174","0","213","96","174","0","213","0","213","2192","1031","736","735","950","539","323","278","183","159","17424","1505","12951","1576","558","326","4206","1086","4378","1049","3809","902","4473","1217","2103","920","389","511","561","418","939","688","214","206","2370","789","397","472","862","496","538","306","573","353",
"0500000US06001","Alameda County, California","392920","6801","21252","3136","8479","1654","3048","1252","1511","662","1792","660","2128","852","12773","2699","2194","1084","351","305","439","463","581","561","823","616","10579","2388","1793","1053","4079","1334","2603","1109","2104","856","371668","6030","287760","6689","24774","2800","26324","2735","48052","4033","188610","6570","83908","5024","29151","3135","2586","862","4570","1444","7958","2046","14037","2040","54757","3775","6037","1319","10691","2331","15539","2250","22490","2760",
"0500000US06007","Butte County, California","46981","2820","6396","1457","1807","759","459","465","623","471","514","365","211","167","4589","1370","1259","838","100","128","540","463","619","646","0","225","3330","1119","778","560","902","580","1584","844","66","112","40585","2562","30656","2472","1668","749","6041","1387","10453","1738","12494","1694","9929","2144","3129","962","448","304","430","271","1516","678","735","440","6800","1751","173","134","1117","788","3050","1178","2460","921",
"0500000US06013","Contra Costa County, California","301302","5342","18973","3059","9856","2325","2911","1323","2389","998","1519","741","3037","1122","9117","2202","2179","1049","247","292","966","745","555","419","411","361","6938","1771","1194","682","2287","1214","1761","816","1696","914","282329","5530","219445","5114","12180","2225","27731","3166","51135","3472","128399","3873","62884","4346","17516","2695","2525","1125","3691","1330","4298","1002","7002","1478","45368","3678","4521","1359","7901","1761","14749","2471","18197","2648",
"0500000US06017","El Dorado County, California","55991","2740","3185","995","2017","851","633","642","195","209","931","617","258","234","1168","568","213","237","126","192","87","148","0","225","0","225","955","566","0","225","350","323","516","441","89","105","52806","2756","44538","2527","913","640","5948","1367","13707","1877","23970","2091","8268","1436","3506","983","42","68","1097","704","1468","655","899","521","4762","1158","471","446","545","438","1998","824","1748","658",
"0500000US06019","Fresno County, California","238183","5320","36445","4023","12315","2176","4980","1490","2804","1082","2699","920","1832","984","24130","3340","5123","1662","1560","869","1572","867","1672","1118","319","211","19007","2671","5283","1049","4770","1323","7523","1730","1431","689","201738","5499","139437","5448","24267","3181","22741","2430","45555","3701","46874","4125","62301","4582","21934","2777","4145","1261","6851","1559","6951","1772","3987","1220","40367","4121","6933","1341","7690","1562","15866","2223","9878","1876",
"0500000US06023","Humboldt County, California","29436","2062","3152","1026","1293","666","88","121","482","414","222","203","501","426","1859","824","936","650","24","41","208","200","704","633","0","225","923","444","6","11","0","225","605","414","312","269","26284","1772","19076","2081","1212","704","2521","743","6919","1342","8424","1598","7208","1488","2313","909","210","256","966","655","682","442","455","441","4895","1292","240","250","963","553","1962","899","1730","722",
"0500000US06025","Imperial County, California","38347","2100","6154","1303","2230","717","649","374","610","359","606","390","365","401","3924","1110","428","422","6","10","320","406","102","127","0","225","3496","1025","459","402","1372","587","1192","645","473","456","32193","2141","23322","1966","5656","1220","3506","1069","8636","1613","5524","1435","8871","1554","2379","828","445","346","318","370","1449","702","167","247","6492","1292","822","490","1351","656","2601","954","1718","737",
"0500000US06029","Kern County, California","220028","3894","33332","2965","12885","2162","6166","1502","4020","1367","2153","766","546","352","20447","2623","4392","1246","2295","874","1528","770","346","235","223","274","16055","2331","5184","1175","4385","1210","5780","1362","706","398","186696","4686","127277","4227","21172","2507","28956","2929","43476","3018","33673","2746","59419","4496","22118","3299","5750","1724","7194","2016","6348","1271","2826","1020","37301","3244","7521","1460","8094","1689","14866","2138","6820","1433",
"0500000US06031","Kings County, California","34703","1915","3126","928","1142","512","403","350","171","215","457","351","111","169","1984","809","279","301","69","114","151","242","59","111","0","225","1705","756","132","212","606","466","967","585","0","225","31577","2114","21606","2127","4241","1344","5430","1307","6633","1412","5302","1020","9971","1748","4064","1199","1095","666","871","549","1433","837","665","527","5907","1120","1053","562","1826","832","2444","718","584","371",
"0500000US06033","Lake County, California","null","null","null","null","null","null","null","null","null","null","null","null","null","null","null","null","null","null","null","null","null","null","null","null","null","null","null","null","null","null","null","null","null","null","null","null","null","null","null","null","null","null","null","null","null","null","null","null","null","null","null","null","null","null","null","null","null","null","null","null","null","null","null","null","null","null","null","null","null","null",
"0500000US06037","Los Angeles County, California","2244445","17032","220102","7932","88489","5223","30884","3146","22719","2943","16845","2073","18041","2331","131613","6378","31926","3764","9312","1973","8157","1856","8630","1893","5827","1407","99687","5074","32706","3278","26293","2559","29024","3717","11664","2022","2024343","16340","1397632","18061","214682","7773","210233","7429","326327","8388","646390","11468","626711","12194","215610","7516","48603","4087","47759","3483","65882","5137","53366","3952","411101","10423","79094","4876","86874","5185","122399","6026","122734","6051",
"0500000US06039","Madera County, California","36842","2070","5472","1205","1836","810","1180","745","283","260","174","160","199","194","3636","1073","876","538","454","343","119","199","303","376","0","225","2760","960","1483","805","399","272","846","534","32","57","31370","2104","22444","2060","5547","1165","4429","1043","7124","1456","5344","1043","8926","1608","2830","1028","446","353","1128","723","613","469","643","457","6096","1227","1184","654","1224","598","2650","951","1038","471",
"0500000US06041","Marin County, California","62466","3187","3210","1176","1370","893","661","729","195","226","166","208","348","276","1840","790","392","440","0","225","54","93","0","225","338","432","1448","651","307","347","330","467","237","270","574","374","59256","3069","49958","3024","1441","780","2236","1049","8494","1590","37787","2990","9298","1719","3919","1268","188","284","1190","781","334","293","2207","956","5379","1264","576","474","650","348","1426","764","2727","933",
"0500000US06045","Mendocino County, California","null","null","null","null","null","null","null","null","null","null","null","null","null","null","null","null","null","null","null","null","null","null","null","null","null","null","null","null","null","null","null","null","null","null","null","null","null","null","null","null","null","null","null","null","null","null","null","null","null","null","null","null","null","null","null","null","null","null","null","null","null","null","null","null","null","null","null","null","null","null",
"0500000US06047","Merced County, California","60819","2291","8542","1492","3757","1078","1379","735","952","578","1207","577","219","300","4785","1061","993","542","276","246","639","474","78","100","0","225","3792","1001","599","361","598","455","2053","805","542","423","52277","2473","35950","2452","10125","1652","9611","1573","8543","1614","7671","1494","16327","2192","7216","1501","1850","971","2530","1135","1977","835","859","438","9111","1652","1973","631","3401","1211","2648","843","1089","504",
"0500000US06053","Monterey County, California","97927","2781","10914","1983","4231","1096","1779","828","748","406","597","356","1107","589","6683","1496","1459","666","505","451","729","431","225","317","0","225","5224","1191","2871","989","1310","615","891","655","152","138","87013","3051","61408","3193","12471","1869","10310","1554","13705","1950","24922","2548","25605","2640","9366","1711","3455","1292","2900","970","1970","793","1041","470","16239","2212","3643","1332","3820","1070","5357","1132","3419","838",
"0500000US06055","Napa County, California","null","null","null","null","null","null","null","null","null","null","null","null","null","null","null","null","null","null","null","null","null","null","null","null","null","null","null","null","null","null","null","null","null","null","null","null","null","null","null","null","null","null","null","null","null","null","null","null","null","null","null","null","null","null","null","null","null","null","null","null","null","null","null","null","null","null","null","null","null","null",
"0500000US06057","Nevada County, California","null","null","null","null","null","null","null","null","null","null","null","null","null","null","null","null","null","null","null","null","null","null","null","null","null","null","null","null","null","null","null","null","null","null","null","null","null","null","null","null","null","null","null","null","null","null","null","null","null","null","null","null","null","null","null","null","null","null","null","null","null","null","null","null","null","null","null","null","null","null",
"0500000US06059","Orange County, California","775345","8835","53293","4579","26709","3346","7436","1565","5924","1908","4800","1228","8549","2195","26584","3386","7419","1777","1454","762","1721","763","1716","832","2528","1057","19165","2937","6818","1890","4794","1680","4170","1203","3383","891","722052","8543","550828","10121","47034","4133","69332","5670","125347","5677","309115","8755","171224","7632","63802","4832","10674","2456","14231","2300","16870","2635","22027","2757","107422","6412","14230","2346","18305","2419","35598","4071","39289","3511",
"0500000US06061","Placer County, California","118828","3648","5518","1449","3558","1116","327","266","785","571","1520","662","926","553","1960","934","161","185","0","225","50","82","17","31","94","162","1799","920","84","154","378","353","465","422","872","675","113310","3742","92526","4005","2018","878","10426","1981","29649","2933","50433","2872","20784","2369","7981","1559","229","212","2954","1279","2770","904","2028","776","12803","1894","1016","622","2473","939","4578","1196","4736","1304",
"0500000US06065","Riverside County, California","592840","9005","42833","3859","20549","2492","5970","1533","4942","1333","5998","1453","3639","1016","22284","2981","5811","1508","1158","629","2624","979","1478","781","551","586","16473","2459","4226","1366","4288","1190","5689","1513","2270","974","550007","9145","402891","8005","52310","4382","81534","4989","131931","6668","137116","6353","147116","6097","51259","3894","9908","1950","13902","2329","17325","2429","10124","1564","95857","5116","13138","2216","22845","3012","38428","3863","21446","2700",
"0500000US06067","Sacramento County, California","374173","6300","31398","3135","14170","2191","2782","756","2762","1002","5015","1348","3611","1080","17228","2421","3320","1150","920","471","1055","654","861","512","484","405","13908","2278","2944","1084","3868","1214","5820","1616","1276","682","342775","6434","249532","6887","18800","2457","34681","3513","77518","4703","118533","5624","93243","5432","29583","2923","3594","1142","9042","1671","9407","1880","7540","1509","63660","5222","5952","1371","12006","2256","25836","3073","19866","3028",
"0500000US06069","San Benito County, California","null","null","null","null","null","null","null","null","null","null","null","null","null","null","null","null","null","null","null","null","null","null","null","null","null","null","null","null","null","null","null","null","null","null","null","null","null","null","null","null","null","null","null","null","null","null","null","null","null","null","null","null","null","null","null","null","null","null","null","null","null","null","null","null","null","null","null","null","null","null",
"0500000US06071","San Bernardino County, California","517699","7692","51116","4487","21941","2492","7590","1596","7423","1591","4505","1010","2423","894","29175","3908","5316","1613","1751","861","1591","736","1743","942","231","296","23859","3304","6049","1732","8063","1982","6814","1670","2933","1238","466583","8176","320565","7610","44464","3414","70445","4680","103277","5263","102379","5381","146018","6729","54140","3764","9889","1794","18284","3012","16145","2564","9822","2022","91878","5362","13358","1921","24382","2887","32729","3535","21409","2604",
"0500000US06073","San Diego County, California","781679","9221","52451","4884","26885","3699","5977","1475","7025","2019","7219","1851","6664","1352","25566","3252","5459","1693","694","381","1441","1103","2282","1024","1042","480","20107","2625","5928","1760","4952","1355","6393","1474","2834","822","729228","8711","553014","9195","38019","3127","68139","4530","138231","6501","308625","7290","176214","6150","59831","5167","7111","1986","14144","2465","17938","2756","20638","2570","116383","5290","16544","2164","23987","2641","36661","3536","39191","3360",
"0500000US06075","San Francisco County, California","163134","5734","9150","1529","4266","940","1602","665","935","505","883","566","846","438","4884","1332","1033","554","0","225","82","137","401","327","550","432","3851","1235","882","563","926","673","1416","811","627","410","153984","5622","117393","5795","12381","2053","7808","1395","15016","2035","82188","4708","36591","3390","12658","2298","2195","974","815","460","3209","1256","6439","1297","23933","2561","3047","1075","3542","1105","7213","1710","10131","1802",
"0500000US06077","San Joaquin County, California","191546","4254","20824","3091","8262","1705","2460","957","2892","1024","1936","824","974","595","12562","2311","2519","1062","542","464","1518","732","68","113","391","511","10043","2008","3451","1223","2762","1010","2546","891","1284","811","170722","4964","123329","4633","16801","2344","23088","2619","39851","3259","43589","3574","47393","4191","18552","2793","4156","1256","6361","1628","5238","1429","2797","1278","28841","2797","6056","1457","7668","1453","10400","1836","4717","1084",
"0500000US06079","San Luis Obispo County, California","70732","2888","4697","1567","1921","846","361","340","165","265","661","476","734","411","2776","1142","44","76","0","225","44","76","0","225","0","225","2732","1137","635","623","637","522","1361","864","99","127","66035","3123","54954","3507","2343","754","8188","1737","18171","2643","26252","2431","11081","1844","3882","1260","51","88","688","453","2453","1113","690","330","7199","1406","753","634","1329","567","2083","716","3034","904",
"0500000US06081","San Mateo County, California","181139","4222","7105","1603","3287","882","499","540","485","382","724","451","1579","609","3818","1140","1386","829","93","158","1031","777","158","194","104","123","2432","879","361","402","467","487","1477","632","127","149","174034","4265","137908","4647","7763","1388","12496","1953","26257","2806","91392","3463","36126","2897","11897","1681","1976","943","2084","785","2994","1076","4843","1068","24229","2528","3912","1356","3273","1034","6023","1186","11021","1772",
"0500000US06083","Santa Barbara County, California","99218","3246","11566","1871","3747","1060","1255","612","762","565","647","503","1083","485","7819","1601","1641","776","997","613","47","78","597","541","0","225","6178","1366","2345","992","1505","891","1737","770","591","345","87652","3202","67157","3129","10131","1873","8722","1571","16468","2168","31836","2214","20495","2266","8124","1675","1645","696","2083","880","2515","993","1881","811","12371","1548","1738","683","2657","983","4967","1226","3009","845",
"0500000US06085","Santa Clara County, California","464170","7172","19563","2122","9255","1392","1996","675","1242","582","2119","683","3898","1071","10308","1931","2288","906","172","183","370","364","1021","711","725","435","8020","1765","2223","701","1830","790","2689","1115","1278","715","444607","7167","351443","7909","22889","2462","26761","3174","53591","4103","248202","6036","93164","4815","34303","3442","5034","1251","6241","1699","8393","1670","14635","2001","58861","3985","9040","1720","9633","1700","15899","2019","24289","3031",
"0500000US06087","Santa Cruz County, California","57932","2563","3603","903","1597","711","566","427","266","227","200","233","565","489","2006","702","424","409","0","225","142","175","282","358","0","225","1582","655","323","254","147","233","851","561","261","257","54329","2463","41059","2517","4617","1185","3789","1129","10128","1509","22525","2211","13270","1615","3837","1083","155","199","1116","705","1415","586","1151","521","9433","1391","1522","706","1897","763","1892","765","4122","1109",
"0500000US06089","Shasta County, California","45887","2321","4710","1159","2821","1068","862","655","170","153","1130","609","659","379","1889","722","233","217","0","225","0","225","146","179","87","132","1656","719","486","372","178","199","836","512","156","162","41177","2471","32531","2288","852","432","6021","1355","15742","1904","9916","1617","8646","1682","3553","1153","91","136","1571","903","1639","618","252","184","5093","1320","140","174","1521","781","2242","949","1190","557",
"0500000US06095","Solano County, California","108035","3509","7825","1606","4103","1208","1581","825","439","316","1254","648","829","479","3722","1116","669","528","0","225","183","221","339","466","147","169","3053","1049","729","428","538","360","1241","774","545","465","100210","3565","74041","3603","6263","1527","13743","2355","27725","2816","26310","2117","26169","2706","8197","1525","516","427","2625","989","3315","957","1741","730","17972","2544","2006","859","4523","1375","6171","1429","5272","1412",
"0500000US06097","Sonoma County, California","122282","3843","5114","1428","2057","858","486","455","512","477","807","568","252","180","3057","1085","439","246","78","142","228","157","0","225","133","132","2618","1042","815","529","621","637","886","626","296","219","117168","3659","88622","3486","8010","1900","11389","2312","25737","2521","43486","2709","28546","2655","9389","2003","1219","680","2129","1083","3725","1291","2316","715","19157","2129","2533","1151","3343","1222","5882","1178","7399","1203",
"0500000US06099","Stanislaus County, California","133366","3615","14456","2569","5556","1310","1836","713","2171","844","1014","432","535","389","8900","2223","1149","744","899","722","126","156","124","146","0","225","7751","2022","3162","1204","1972","929","1737","904","880","634","118910","3983","83546","4507","13616","2047","21606","2498","27999","2821","20325","2194","35364","3457","14976","2303","2756","1074","6159","1659","4480","1408","1581","768","20388","2652","4027","1322","5773","1489","6176","1306","4412","1338",
"0500000US06101","Sutter County, California","24197","1505","2621","1027","1781","1035","807","722","214","302","173","153","587","625","840","527","139","297","0","225","139","297","0","225","0","225","701","524","205","332","379","405","117","205","0","225","21576","1560","16137","1803","2235","899","3025","938","5958","1029","4919","1585","5439","1319","1552","625","0","225","530","420","552","376","470","362","3887","1067","545","505","933","415","1554","666","855","489",
"0500000US06103","Tehama County, California","null","null","null","null","null","null","null","null","null","null","null","null","null","null","null","null","null","null","null","null","null","null","null","null","null","null","null","null","null","null","null","null","null","null","null","null","null","null","null","null","null","null","null","null","null","null","null","null","null","null","null","null","null","null","null","null","null","null","null","null","null","null","null","null","null","null","null","null","null","null",
"0500000US06107","Tulare County, California","114022","3181","19405","2049","9153","1474","4755","1332","1929","876","1537","712","932","520","10252","1754","2592","1054","1102","511","745","405","627","654","118","136","7660","1641","1602","697","2561","1120","3087","1096","410","383","94617","2833","65046","2822","11973","2024","16511","2215","20714","2607","15848","1963","29571","2549","10402","1671","2105","796","3875","1059","3067","860","1355","752","19169","2121","3094","986","6026","1783","6534","1318","3515","1091",
"0500000US06111","Ventura County, California","205013","4227","13223","2158","5469","1417","2105","859","1204","689","1095","522","1065","464","7754","1654","1301","585","293","302","419","308","480","374","109","137","6453","1532","2213","945","1485","926","1696","601","1059","695","191790","3932","147140","4410","15380","1572","17115","2148","41382","3192","73263","3550","44650","3373","16407","1991","3046","968","2852","925","6278","1618","4231","1010","28243","2792","3447","869","6796","1526","9947","1783","8053","1548",
"0500000US06113","Yolo County, California","48074","2524","3944","1370","1665","1108","148","180","141","144","777","999","599","333","2279","850","250","228","0","225","0","225","141","184","109","140","2029","826","468","409","960","696","377","321","224","152","44130","2518","33489","2106","1928","717","3854","1045","9002","1580","18705","1756","10641","2111","4173","1242","652","621","578","479","1460","746","1483","652","6468","1621","624","418","1881","883","2359","1024","1604","521",
"0500000US06115","Yuba County, California","null","null","null","null","null","null","null","null","null","null","null","null","null","null","null","null","null","null","null","null","null","null","null","null","null","null","null","null","null","null","null","null","null","null","null","null","null","null","null","null","null","null","null","null","null","null","null","null","null","null","null","null","null","null","null","null","null","null","null","null","null","null","null","null","null","null","null","null","null","null",
"0500000US08001","Adams County, Colorado","135627","4122","9908","2004","4457","1160","2210","989","1257","578","389","233","601","423","5451","1585","1800","1029","647","685","451","463","340","332","362","546","3651","1168","819","824","1093","697","1480","892","259","293","125719","4033","92758","4837","10694","2378","20284","3160","25855","3156","35925","3351","32961","3172","12828","2030","2079","1010","4244","1444","3364","873","3141","1083","20133","2818","2584","1182","5857","1445","6382","1414","5310","1400",
"0500000US08005","Arapahoe County, Colorado","169966","4785","8255","1811","3688","1146","794","506","158","156","1326","700","1410","566","4567","1277","866","576","313","367","166","162","165","268","222","370","3701","1092","746","531","1138","676","903","681","914","494","161711","4712","123335","5275","5162","1421","17430","3021","28665","3258","72078","3736","38376","3589","13195","1967","1305","796","3059","1178","4342","1274","4489","1542","25181","3211","1921","931","4841","1570","9763","2280","8656","1816",
"0500000US08013","Boulder County, Colorado","75195","3084","3302","1564","1101","441","170","217","186","180","152","180","593","321","2201","1515","1053","1155","728","1090","0","224","234","376","91","167","1148","649","95","163","414","444","150","199","489","383","71893","3056","57448","2921","847","538","3016","1012","8671","1668","44914","2769","14445","2081","4921","1325","35","59","432","431","983","577","3471","972","9524","1729","744","486","1759","849","1449","698","5572","1364",
"0500000US08014","Broomfield County, Colorado","null","null","null","null","null","null","null","null","null","null","null","null","null","null","null","null","null","null","null","null","null","null","null","null","null","null","null","null","null","null","null","null","null","null","null","null","null","null","null","null","null","null","null","null","null","null","null","null","null","null","null","null","null","null","null","null","null","null","null","null","null","null","null","null","null","null","null","null","null","null",
"0500000US08031","Denver County, Colorado","157172","5785","13900","2486","5417","1787","2776","1306","917","807","771","528","953","570","8483","2042","1523","840","555","528","464","470","186","211","318","345","6960","2036","2106","1254","1829","1129","2378","1171","647","517","143272","6093","112278","6396","7579","1788","10843","2541","16275","2803","77581","4902","30994","3897","10379","2301","702","502","4010","1595","1997","829","3670","1363","20615","3107","3150","1128","4269","1290","5092","1392","8104","1949",
"0500000US08035","Douglas County, Colorado","110277","2918","4053","1243","1935","725","0","224","191","198","488","343","1256","578","2118","1074","196","238","117","193","0","224","79","138","0","224","1922","1029","0","224","253","338","996","880","673","516","106224","3195","91953","3045","1128","662","5874","1332","17174","2105","67777","3200","14271","2020","4932","1077","0","224","685","360","1689","718","2558","828","9339","1519","148","190","1140","515","2632","853","5419","1337",
"0500000US08041","El Paso County, Colorado","202493","4816","12491","2175","4831","1419","285","276","1471","791","1385","724","1690","786","7660","1813","885","621","0","224","305","312","454","432","126","156","6775","1681","502","520","2633","1237","2879","1090","761","489","190002","4679","154072","5257","4058","1438","22175","2895","46107","3712","81732","3925","35930","3819","11958","2435","398","387","2692","1252","5135","1411","3733","1118","23972","3218","1426","786","5349","1239","10707","2011","6490","1345",
"0500000US08059","Jefferson County, Colorado","152238","4219","5301","1181","2159","744","316","405","169","140","766","383","908","437","3142","1039","354","265","0","224","137","157","217","212","0","224","2788","1008","443","436","706","561","1352","693","287","449","146937","4340","118177","4189","2748","831","14320","2253","23166","2692","77943","3914","28760","2970","10161","1792","907","687","2746","1079","2869","995","3639","1060","18599","2471","940","732","3920","1246","6157","1678","7582","1460",
"0500000US08069","Larimer County, Colorado","96424","2867","3859","1156","1788","584","250","222","324","249","202","208","1012","481","2071","1060","381","325","0","224","179","219","202","258","0","224","1690","988","201","350","932","700","519","550","38","63","92565","2883","76048","3232","1629","717","7304","1553","18772","2030","48343","2882","16517","2148","6355","1477","397","352","1345","997","2150","1064","2463","966","10162","1498","573","419","1422","656","3296","1105","4871","1034",
"0500000US08077","Mesa County, Colorado","41552","2526","1468","554","905","463","273","370","286","201","152","157","194","168","563","324","0","224","0","224","0","224","0","224","0","224","563","324","65","109","299","257","157","213","42","73","40084","2536","32775","2533","1573","853","5743","1354","10146","1801","15313","1889","7309","1575","2972","1080","794","764","723","389","957","536","498","408","4337","1215","73","122","815","482","1904","832","1545","783",
"0500000US08101","Pueblo County, Colorado","43628","2574","4944","1407","2269","847","163","230","789","503","1268","619","49","82","2675","1089","383","321","0","224","0","224","346","325","37","62","2292","971","66","109","1231","859","709","417","286","294","38684","2525","28441","2271","929","533","6112","1258","11268","1624","10132","1508","10243","1693","3315","1063","127","215","959","594","1402","747","827","458","6928","1479","302","324","1501","574","2804","997","2321","870",
"0500000US08123","Weld County, Colorado","92202","3236","5267","1530","2558","985","299","290","999","570","732","618","528","402","2709","1133","525","424","182","274","343","317","0","224","0","224","2184","1059","1099","763","241","172","404","321","440","407","86935","3453","69654","3411","5209","1341","11886","2071","20958","2504","31601","2819","17281","2594","7698","1890","297","348","2978","1211","2858","1181","1565","786","9583","1784","1310","826","2431","959","3405","1083","2437","978",
"0500000US09110","Capitol Planning Region, Connecticut","249523","5756","20736","2810","5441","1377","1533","916","1405","689","1252","667","1251","597","15295","2423","2812","1118","343","341","1357","885","611","540","501","397","12483","2085","2218","910","5855","1503","3007","1174","1403","764","228787","5623","173943","5519","6665","1440","28115","3337","42297","3511","96866","3976","54844","3730","16903","2493","1340","717","5881","1616","4743","1458","4939","1051","37941","3255","1991","666","10803","1965","13695","2187","11452","1811",
"0500000US09120","Greater Bridgeport Planning Region, Connecticut","79382","3493","6695","1728","1551","688","349","289","650","580","280","226","272","222","5144","1453","1364","880","842","780","279","342","145","227","98","116","3780","1232","778","600","1031","550","1463","942","508","427","72687","3665","49933","2828","2650","981","8426","1812","11333","2172","27524","2135","22754","2857","6997","1574","1331","686","2562","1076","1387","679","1717","687","15757","2159","1486","713","3848","1256","5865","1570","4558","1173",
"0500000US09130","Lower Connecticut River Valley Planning Region, Connecticut","45356","2511","2604","911","735","380","0","225","434","314","150","180","151","162","1869","841","35","60","0","225","0","225","0","225","35","60","1834","854","0","225","930","639","433","483","471","430","42752","2499","33828","2186","948","510","4141","906","8805","1659","19934","1844","8924","1681","3082","1215","332","463","1219","794","358","292","1173","712","5842","1295","56","68","1185","658","1721","820","2880","869",
"0500000US09140","Naugatuck Valley Planning Region, Connecticut","118858","4855","14291","3076","3954","1462","1052","895","2105","1081","570","407","227","260","10337","3016","1463","847","553","482","345","329","411","425","154","274","8874","2805","1969","1156","2978","1584","3596","1656","331","288","104567","5119","78883","4400","4494","1329","15275","2375","24334","2952","34780","3008","25684","3435","10722","2171","967","711","3919","1131","2423","1040","3413","1299","14962","2383","1668","962","4807","1592","4251","1418","4236","1323",
"0500000US09150","Northeastern Connecticut Planning Region, Connecticut","26714","1761","1416","759","186","157","48","81","35","58","54","97","49","64","1230","728","689","518","0","225","392","363","235","372","62","116","541","460","0","225","541","460","0","225","0","225","25298","1842","19919","1693","690","359","5621","1147","6074","1212","7534","1285","5379","1276","1513","648","89","107","651","454","588","343","185","168","3866","1110","248","234","916","655","1845","731","857","582",
"0500000US09160","Northwest Hills Planning Region, Connecticut","30375","1892","1728","836","716","442","0","225","537","434","115","112","64","89","1012","644","29","54","0","225","29","54","0","225","0","225","983","638","18","35","526","535","279","349","160","167","28647","2033","22593","1784","1091","656","4906","969","5938","1222","10658","1231","6054","1160","2954","987","656","573","1454","789","515","383","329","234","3100","752","255","266","825","335","788","457","1232","591",
"0500000US09170","South Central Connecticut Planning Region, Connecticut","141385","4464","10341","1970","3399","1226","260","272","1777","1018","853","632","509","306","6942","1638","1360","690","203","331","748","659","279","296","130","153","5582","1416","1412","807","3155","1120","841","517","174","172","131044","4493","91371","4422","3237","1047","19539","2275","20198","2500","48397","3583","39673","3834","11803","2403","843","818","3728","1346","3266","1249","3966","1228","27870","2817","1675","829","8576","1662","7318","1608","10301","1915",
"0500000US09180","Southeastern Connecticut Planning Region, Connecticut","72729","2939","4738","1456","645","440","187","224","313","316","55","94","90","151","4093","1344","153","171","28","50","0","225","125","159","0","225","3940","1310","1052","515","1825","930","767","525","296","269","67991","2936","49101","2314","1615","609","10589","1948","13282","2062","23615","1890","18890","2232","5612","1251","1040","784","1752","705","1156","620","1664","568","13278","1775","978","592","3172","987","5530","1519","3598","885",
"0500000US09190","Western Connecticut Planning Region, Connecticut","159946","4221","8198","2001","3373","967","632","390","711","424","814","595","1216","562","4825","1516","1038","705","592","646","0","225","178","166","268","238","3787","1278","744","594","1187","821","874","626","982","598","151748","4109","123608","4563","5687","1544","15267","2504","19096","2286","83558","4352","28140","3065","7211","1361","689","571","2433","895","2037","1015","2052","625","20929","2640","1708","873","5065","1660","4898","1430","9258","1943",
"0500000US10001","Kent County, Delaware","47826","2718","2671","1064","682","392","20","33","218","197","318","257","126","176","1989","1001","394","429","10","15","7","14","323","412","54","95","1595","893","3","6","612","500","818","641","162","258","45155","2657","33428","2488","2242","1148","6749","1341","9828","1874","14609","2187","11727","2054","3977","1374","316","365","1573","1006","1687","869","401","296","7750","1506","181","149","1865","888","3796","1222","1908","724",
"0500000US10003","New Castle County, Delaware","145770","4276","9719","2367","2449","921","341","438","710","386","1024","640","374","283","7270","2108","1213","730","229","257","799","622","0","208","185","196","6057","1906","1721","1039","1786","847","1616","1058","934","665","136051","4214","98535","4310","5132","1273","21400","3472","22157","2569","49846","2769","37516","3586","8014","1758","685","463","2587","909","3009","1039","1733","739","29502","3045","3438","1618","6239","1638","12188","2104","7637","1748",
"0500000US10005","Sussex County, Delaware","77803","3820","4980","1455","2893","1045","268","300","1035","682","1187","740","403","298","2087","1095","333","390","244","379","51","84","38","50","0","208","1754","1031","52","85","1384","1000","206","232","112","125","72823","3485","58283","3184","2872","946","12275","1622","16770","2052","26366","2394","14540","2301","3680","1241","673","689","1667","885","913","580","427","285","10860","1986","727","522","3872","1306","3681","1067","2580","951",
"0500000US11001","District of Columbia, District of Columbia","137241","5706","18927","3620","2279","1264","975","742","95","153","467","568","742","579","16648","3553","2526","1003","233","291","1190","687","703","681","400","386","14122","3360","2420","1196","6393","1945","4263","2254","1046","606","118314","5284","80262","4216","3259","1523","5097","1531","4251","1132","67655","3874","38052","3328","9524","2273","1718","1047","2206","1184","1309","754","4291","1304","28528","3168","2711","1402","8216","1699","6739","1770","10862","2075",
"0500000US12001","Alachua County, Florida","64234","3836","8506","2134","1705","941","46","86","468","478","299","230","892","725","6801","1746","832","472","33","64","441","430","230","297","128","156","5969","1710","97","134","1255","716","1927","1201","2690","1513","55728","2946","42027","3100","1328","880","4240","1190","8341","1720","28118","2818","13701","2313","3231","1042","275","323","478","395","1010","612","1468","721","10470","2133","37","65","1471","683","3563","1412","5399","1629",
"0500000US12005","Bay County, Florida","54129","2734","3352","1164","1007","520","118","159","458","400","212","191","219","203","2345","969","174","203","93","153","0","247","81","138","0","247","2171","956","757","656","456","361","831","586","127","222","50777","2827","38745","3052","1151","713","8164","1630","14964","2316","14466","2073","12032","1984","3965","1294","852","734","1485","874","816","554","812","597","8067","1614","447","380","2087","1023","2803","1142","2730","1197",
"0500000US12009","Brevard County, Florida","168217","4988","11907","2127","5337","1180","567","344","1876","873","1850","754","1044","517","6570","1585","1328","825","675","735","0","247","450","355","203","310","5242","1530","1003","745","1622","862","2140","1100","477","341","156310","4547","122450","4256","2596","913","18738","2489","42594","3626","58522","3736","33860","3405","9814","1709","501","390","1943","758","3467","1100","3903","1017","24046","3104","2954","1173","4925","1410","9973","2284","6194","1734",
"0500000US12011","Broward County, Florida","484795","7375","39125","4618","18836","2770","2420","796","5210","1547","6038","1734","5168","1249","20289","3379","4793","1535","826","617","780","503","1548","942","1639","1271","15496","2822","1988","799","5148","1822","5311","1441","3049","1137","445670","7227","311557","6894","17821","2875","58613","4612","82181","5581","152942","6233","134113","6575","41771","4168","3693","1260","11540","2091","12241","2462","14297","2853","92342","5675","8668","2253","22496","2989","29356","4048","31822","3548",
"0500000US12015","Charlotte County, Florida","58992","3714","2515","920","1725","790","169","187","192","187","1112","719","252","199","790","402","292","299","0","247","196","245","0","247","96","163","498","305","0","247","227","236","149","144","122","202","56477","3736","47870","3641","2998","1360","10548","1863","14963","1996","19361","2705","8607","2003","2541","949","62","109","998","732","892","512","589","458","6066","1629","413","308","1047","459","1969","954","2637","1168",
"0500000US12017","Citrus County, Florida","44737","3037","4593","1294","3005","1030","529","460","762","392","1306","702","408","346","1588","717","0","247","0","247","0","247","0","247","0","247","1588","717","56","100","280","228","869","532","383","474","40144","2773","32654","2620","2103","915","7382","1317","11126","1515","12043","1696","7490","1360","2035","856","267","273","950","567","696","556","122","148","5455","1162","415","318","2117","722","1619","640","1304","637",
"0500000US12019","Clay County, Florida","63896","2797","5267","1449","2608","909","241","250","726","644","826","562","815","526","2659","1191","248","220","99","118","101","163","0","247","48","83","2411","1159","129","224","710","588","1442","1086","130","216","58629","2958","44997","3566","1880","1018","10819","2156","17910","2645","14388","1944","13632","2570","4543","1473","764","705","2124","1093","1050","627","605","597","9089","2255","391","293","2005","880","4428","1655","2265","1236",
"0500000US12021","Collier County, Florida","117605","4865","8500","1594","4946","1355","1337","682","964","483","1077","639","1568","707","3554","1237","222","196","80","116","0","247","0","247","142","164","3332","1219","983","584","1761","1026","518","384","70","118","109105","4744","91859","4081","6505","1735","14580","2300","21328","2360","49446","2479","17246","2385","6120","1643","1655","952","1806","904","1164","524","1495","755","11126","1643","2446","730","3232","1177","2632","786","2816","839",
"0500000US12023","Columbia County, Florida","null","null","null","null","null","null","null","null","null","null","null","null","null","null","null","null","null","null","null","null","null","null","null","null","null","null","null","null","null","null","null","null","null","null","null","null","null","null","null","null","null","null","null","null","null","null","null","null","null","null","null","null","null","null","null","null","null","null","null","null","null","null","null","null","null","null","null","null","null","null",
"0500000US12031","Duval County, Florida","271556","7939","23834","3330","6179","1503","1454","1067","2049","830","1414","741","1262","480","17655","2859","3191","1377","1138","770","1734","1116","239","316","80","145","14464","2514","3527","1264","5539","1802","4809","1638","589","534","247722","7849","172945","6390","9505","2387","35475","4070","46594","3974","81371","4252","74777","6045","21632","2935","3196","1486","5885","1886","5754","1494","6797","1506","53145","4739","4869","1314","15341","2896","19493","2702","13442","3067",
"0500000US12033","Escambia County, Florida","77200","3215","8312","1816","1863","645","198","214","291","353","751","540","623","357","6449","1685","818","579","287","283","87","116","416","452","28","48","5631","1717","1829","1201","1525","913","1866","966","411","441","68888","3279","48832","2993","2216","928","9235","1819","16125","2067","21256","2083","20056","2383","6154","1510","914","691","2439","1069","1920","835","881","435","13902","1963","732","499","4031","1304","4922","1343","4217","1229",
"0500000US12035","Flagler County, Florida","36042","2735","2631","981","1696","730","230","353","291","223","688","437","487","431","935","639","136","232","0","247","0","247","136","232","0","247","799","587","342","428","0","247","299","323","158","204","33411","2833","26835","2419","649","465","5369","1629","10159","1865","10658","1551","6576","1512","2660","1203","0","247","1044","684","997","703","619","511","3916","1018","285","318","1004","764","1878","962","749","428",
"0500000US12053","Hernando County, Florida","58818","3131","3457","875","1199","458","90","114","699","376","384","277","26","44","2258","754","478","284","0","247","304","287","174","195","0","247","1780","748","102","164","744","524","583","448","351","304","55361","3214","41780","2887","1845","629","12716","2180","16041","2328","11178","1847","13581","2144","5797","1667","142","157","1303","681","2744","1342","1608","702","7784","1449","279","285","2616","858","3151","1001","1738","770",
"0500000US12055","Highlands County, Florida","32669","2524","3029","1120","1716","696","460","401","688","459","485","343","83","105","1313","755","77","133","0","247","0","247","0","247","77","133","1236","759","0","247","495","393","298","267","443","692","29640","2638","22947","2112","1082","617","6580","1429","9361","2159","5924","1351","6693","2124","2188","1019","535","465","721","658","581","452","351","419","4505","1832","779","584","1656","1385","1452","1029","618","535",
"0500000US12057","Hillsborough County, Florida","382646","8011","30594","3847","16425","2710","3663","1110","4414","1766","3980","1265","4368","1258","14169","2561","2871","1262","785","521","990","850","1047","894","49","85","11298","2196","2848","1086","3553","1212","3478","1171","1419","697","352052","8542","260974","7235","13368","2847","47538","4647","65974","5094","134094","6209","91078","6493","25108","3204","3210","1326","8366","2116","6601","1972","6931","1473","65970","5352","4121","1209","18131","2963","22953","3622","20765","3386",
"0500000US12061","Indian River County, Florida","49777","3276","2963","1134","2329","932","227","347","981","727","385","396","736","518","634","526","92","172","0","247","0","247","92","172","0","247","542","505","58","99","264","397","220","261","0","247","46814","3249","38200","3177","1381","730","6192","1416","11178","1987","19449","2220","8614","1906","2145","964","443","579","329","285","929","648","444","322","6469","1655","774","641","1967","899","2272","962","1456","839",
"0500000US12069","Lake County, Florida","121056","3888","6776","1826","3231","1189","493","446","775","623","1303","600","660","434","3545","1304","428","379","0","247","238","311","119","191","71","83","3117","1304","704","673","1001","685","1030","890","382","506","114280","4159","91341","3776","3946","1103","18636","2654","31037","3321","37722","3293","22939","3151","6626","1797","746","640","1881","998","2666","1323","1333","912","16313","2621","1055","668","5260","1557","5542","1344","4456","1298",
"0500000US12071","Lee County, Florida","222658","6426","17036","2255","9689","1636","1979","830","1995","904","3529","1066","2186","893","7347","1730","2682","1210","0","247","1268","993","1211","875","203","247","4665","1348","1110","602","2036","900","1185","598","334","284","205622","6074","167981","5392","9411","1855","36705","3350","46973","3123","74892","4603","37641","3612","11653","2171","2490","1068","4482","1574","2227","961","2454","1015","25988","3213","1989","772","6713","1673","10228","2140","7058","1482",
"0500000US12073","Leon County, Florida","64796","2822","9183","2103","2215","1039","0","247","700","546","679","476","836","690","6968","1835","919","618","445","494","103","174","312","367","59","112","6049","1805","1004","661","2348","1153","2599","1366","98","115","55613","2595","40862","2390","1453","927","4170","1133","9769","1710","25470","1879","14751","2396","4606","1466","213","287","1067","686","1514","842","1812","804","10145","1639","395","295","1755","672","2873","999","5122","1234",
"0500000US12081","Manatee County, Florida","126886","4363","7805","1799","3214","1210","574","524","725","452","1236","838","679","484","4591","1510","871","609","190","365","246","407","188","247","247","334","3720","1347","1004","954","2084","1120","540","519","92","158","119081","4536","98663","4280","4823","1291","16785","2493","30439","3134","46616","3149","20418","2657","6682","1452","526","511","3021","1055","805","441","2330","831","13736","2290","955","663","3817","1337","4361","1219","4603","1425",
"0500000US12083","Marion County, Florida","114809","4327","10849","2220","4449","1188","555","434","1563","597","1646","866","685","564","6400","1923","1289","697","584","522","215","185","490","475","0","247","5111","1698","733","635","2027","901","1819","1100","532","770","103960","4576","80626","4556","5165","1624","20750","2853","27261","3329","27450","2723","23334","4013","6561","1744","1204","741","1937","865","2413","1152","1007","584","16773","3450","1591","863","6294","1493","5254","1562","3634","1505",
"0500000US12085","Martin County, Florida","null","null","null","null","null","null","null","null","null","null","null","null","null","null","null","null","null","null","null","null","null","null","null","null","null","null","null","null","null","null","null","null","null","null","null","null","null","null","null","null","null","null","null","null","null","null","null","null","null","null","null","null","null","null","null","null","null","null","null","null","null","null","null","null","null","null","null","null","null","null",
"0500000US12086","Miami-Dade County, Florida","690835","8585","75312","4610","28899","2948","8686","1640","9256","1810","4758","1052","6199","1491","46413","4005","9404","1994","2068","960","3364","1187","2338","893","1634","882","37009","4125","7660","1722","12879","2578","9924","2215","6546","1413","615523","8681","403858","8479","39492","3566","79888","5522","92300","5127","192178","6291","211665","8484","69083","5179","10363","1982","18397","3157","17796","2990","22527","2974","142582","6722","20401","2439","38126","4606","34868","3457","49187","3950",
"0500000US12087","Monroe County, Florida","null","null","null","null","null","null","null","null","null","null","null","null","null","null","null","null","null","null","null","null","null","null","null","null","null","null","null","null","null","null","null","null","null","null","null","null","null","null","null","null","null","null","null","null","null","null","null","null","null","null","null","null","null","null","null","null","null","null","null","null","null","null","null","null","null","null","null","null","null","null",
"0500000US12089","Nassau County, Florida","null","null","null","null","null","null","null","null","null","null","null","null","null","null","null","null","null","null","null","null","null","null","null","null","null","null","null","null","null","null","null","null","null","null","null","null","null","null","null","null","null","null","null","null","null","null","null","null","null","null","null","null","null","null","null","null","null","null","null","null","null","null","null","null","null","null","null","null","null","null",
"0500000US12091","Okaloosa County, Florida","60288","3060","4928","1652","2512","1232","252","258","934","1007","1132","848","194","166","2416","1022","632","465","78","132","196","331","238","264","120","205","1784","897","569","651","221","236","639","575","355","364","55360","3090","41302","2930","890","593","6914","1451","13287","1861","20211","2100","14058","2133","4671","1568","670","482","1816","1017","1715","829","470","401","9387","1591","806","679","2394","1054","3486","1141","2701","1105",
"0500000US12095","Orange County, Florida","371405","8792","34725","4927","11453","2273","2390","1364","3563","1289","2412","1016","3088","1211","23272","4489","4182","1460","1454","964","938","655","1509","936","281","279","19090","4290","2862","1460","5316","2091","7056","2566","3856","3045","336680","9038","247872","8685","11324","1836","42898","4867","67000","5680","126650","5853","88808","6718","27631","4934","2735","1324","9601","2802","7675","2703","7620","2296","61177","5052","3771","1087","14136","2290","19509","2953","23761","3585",
"0500000US12097","Osceola County, Florida","126401","4825","16530","3107","10353","2769","2363","1316","4017","1914","2384","1327","1589","968","6177","1751","1390","1103","0","247","686","1000","206","270","498","388","4787","1791","425","553","1116","748","2288","1381","958","993","109871","5387","80825","5403","5024","1447","15556","2816","25871","3682","34374","3623","29046","4543","9309","2732","997","678","3038","1824","2872","1511","2402","1690","19737","3760","2568","1561","4550","1775","5675","2064","6944","1953",
"0500000US12099","Palm Beach County, Florida","389238","7201","33269","3844","15088","2805","3956","1557","2169","630","3414","967","5549","1835","18181","2636","4682","1556","1450","810","1066","685","1575","911","591","581","13499","2395","3465","1378","4181","1345","3159","1330","2694","995","355969","6694","264436","6645","16230","2377","39889","4352","64756","4960","143561","6062","91533","6068","28945","3444","3387","1075","7972","2098","8383","2149","9203","2069","62588","4719","5545","1587","15368","2232","19541","3214","22134","2930",
"0500000US12101","Pasco County, Florida","161383","4825","11013","1965","4676","1171","1200","655","1436","791","1174","579","866","506","6337","1673","1349","820","220","265","857","691","272","256","0","247","4988","1497","376","351","2050","1055","1465","691","1097","856","150370","5018","114717","5029","4435","1287","26718","2830","32967","3190","50597","3363","35653","3647","11522","2461","1980","1095","3741","1599","3270","1220","2531","962","24131","3357","1286","579","5396","1571","8813","1776","8636","2040",
"0500000US12103","Pinellas County, Florida","233618","5920","14110","2174","6794","1409","455","365","1614","700","2568","895","2157","921","7316","1825","542","328","109","129","129","163","195","208","109","128","6774","1868","1546","960","2434","1309","2247","821","547","449","219508","6136","169636","5952","6564","1539","27221","2634","54718","4177","81133","4705","49872","3885","15369","2766","1593","820","5144","1497","4799","1773","3833","1411","34503","3090","2786","865","7658","1428","14133","2268","9926","1539",
"0500000US12105","Polk County, Florida","213297","5344","21274","3047","9531","1986","1342","587","3473","1183","2611","983","2105","962","11743","2347","2325","1049","845","811","988","760","492","564","0","247","9418","2154","2871","1521","3813","1470","2347","1046","387","374","192023","5261","144101","5585","8736","1942","37257","3721","48110","4389","49998","3856","47922","4918","12755","2618","1655","672","4068","1142","5531","2077","1501","503","35167","4050","3153","1168","10162","2454","10715","2584","11137","2507",
"0500000US12107","Putnam County, Florida","21062","2230","3449","1287","813","489","213","265","109","119","491","373","0","247","2636","1327","933","678","335","455","499","456","99","173","0","247","1703","974","1039","877","339","294","325","371","0","247","17613","1994","14057","1980","1722","955","4629","1490","4290","1167","3416","1183","3556","1176","848","563","47","89","207","256","594","501","0","247","2708","1033","250","194","745","466","1315","734","398","431",
"0500000US12109","St. Johns County, Florida","96672","3108","3563","1148","1683","749","76","135","448","309","413","330","746","474","1880","991","451","542","356","509","0","247","0","247","95","167","1429","814","0","247","666","550","0","247","763","647","93109","3315","79161","3804","1653","979","7628","1870","19809","2617","50071","4036","13948","2313","4435","1288","84","146","553","484","1058","627","2740","1125","9513","2103","447","460","987","617","3895","1439","4184","1211",
"0500000US12111","St. Lucie County, Florida","105807","5101","8918","2081","3468","1109","1011","800","818","530","883","483","756","563","5450","1925","1727","1120","438","555","846","759","443","588","0","247","3723","1430","282","313","1808","1165","1602","872","31","53","96889","4637","72574","4694","4502","1291","17749","2700","24458","3068","25865","3064","24315","3413","8412","2059","1484","908","1789","826","3465","1251","1674","946","15903","2848","1504","946","4065","1533","6054","1788","4280","1495",
"0500000US12113","Santa Rosa County, Florida","55679","2690","4021","1149","3033","1145","419","442","1208","705","867","558","539","487","988","472","192","177","0","247","53","89","96","143","43","72","796","434","160","203","461","308","175","185","0","247","51658","2873","41524","2662","312","262","7561","1535","14792","2270","18859","2239","10134","1790","3690","1242","604","584","842","807","920","423","1324","721","6444","1456","236","271","2498","1060","2245","781","1465","667",
"0500000US12115","Sarasota County, Florida","139126","4975","7229","1879","4988","1306","654","422","1037","536","1521","753","1776","718","2241","1106","230","226","83","132","109","173","0","247","38","68","2011","1018","526","597","1118","750","284","245","83","106","131897","4851","112245","4034","2534","998","21817","2711","31077","3418","56817","3225","19652","2857","6331","1830","697","935","2029","993","1948","861","1657","709","13321","1971","803","569","4448","1435","4105","1085","3965","1128",
"0500000US12117","Seminole County, Florida","124786","5202","7848","1705","3794","866","173","167","575","529","1520","838","1526","750","4054","1413","1135","607","0","247","458","539","583","508","94","164","2919","1250","0","247","1001","738","1207","844","711","556","116938","5345","86455","5005","2671","959","13203","2228","25895","3473","44686","3353","30483","3468","8227","1605","516","495","2326","958","2862","997","2523","863","22256","3176","775","488","4788","1496","6803","1729","9890","2172",
"0500000US12119","Sumter County, Florida","null","null","null","null","null","null","null","null","null","null","null","null","null","null","null","null","null","null","null","null","null","null","null","null","null","null","null","null","null","null","null","null","null","null","null","null","null","null","null","null","null","null","null","null","null","null","null","null","null","null","null","null","null","null","null","null","null","null","null","null","null","null","null","null","null","null","null","null","null","null",
"0500000US12127","Volusia County, Florida","159860","4810","9733","1935","4373","1168","396","287","2142","814","1003","601","832","482","5360","1583","1630","819","295","377","770","634","410","483","155","201","3730","1333","106","137","2013","1226","1429","612","182","155","150127","4729","110164","5285","6100","1807","24080","3064","37449","3416","42535","3600","39963","3361","13766","2294","808","490","5919","1638","4738","1623","2301","972","26197","3195","1116","823","6993","1554","11028","2460","7060","1811",
"0500000US12131","Walton County, Florida","null","null","null","null","null","null","null","null","null","null","null","null","null","null","null","null","null","null","null","null","null","null","null","null","null","null","null","null","null","null","null","null","null","null","null","null","null","null","null","null","null","null","null","null","null","null","null","null","null","null","null","null","null","null","null","null","null","null","null","null","null","null","null","null","null","null","null","null","null","null",
"0500000US13013","Barrow County, Georgia","null","null","null","null","null","null","null","null","null","null","null","null","null","null","null","null","null","null","null","null","null","null","null","null","null","null","null","null","null","null","null","null","null","null","null","null","null","null","null","null","null","null","null","null","null","null","null","null","null","null","null","null","null","null","null","null","null","null","null","null","null","null","null","null","null","null","null","null","null","null",
"0500000US13015","Bartow County, Georgia","null","null","null","null","null","null","null","null","null","null","null","null","null","null","null","null","null","null","null","null","null","null","null","null","null","null","null","null","null","null","null","null","null","null","null","null","null","null","null","null","null","null","null","null","null","null","null","null","null","null","null","null","null","null","null","null","null","null","null","null","null","null","null","null","null","null","null","null","null","null",
"0500000US13021","Bibb County, Georgia","36326","2510","7929","1978","1830","704","318","308","700","488","393","357","419","345","6099","1788","809","634","288","436","53","89","319","385","149","234","5290","1680","1354","832","1214","684","2520","1280","202","247","28397","2686","17230","1902","1001","491","3317","1015","5053","1356","7859","1446","11167","2225","1593","621","221","328","824","586","380","376","168","173","9574","2089","649","486","4643","1679","3079","1248","1203","761",
"0500000US13031","Bulloch County, Georgia","17881","1540","2965","1084","838","616","0","232","638","558","101","200","99","125","2127","962","176","205","124","194","0","232","52","92","0","232","1951","914","710","583","386","547","601","517","254","267","14916","1781","10841","1500","709","530","2695","867","2722","807","4715","1095","4075","1432","932","607","662","569","208","195","62","106","0","232","3143","1140","325","303","678","466","1779","1080","361","380",
"0500000US13045","Carroll County, Georgia","33279","1840","4178","1088","2012","765","420","319","965","605","322","223","305","240","2166","899","377","348","149","256","163","259","65","114","0","232","1789","905","271","399","621","581","512","414","385","409","29101","1764","21672","1729","2137","732","5648","1139","6419","1437","7468","1268","7429","1595","1659","732","276","348","1082","630","301","317","0","232","5770","1431","159","177","1021","658","2946","1077","1644","752",
"0500000US13047","Catoosa County, Georgia","null","null","null","null","null","null","null","null","null","null","null","null","null","null","null","null","null","null","null","null","null","null","null","null","null","null","null","null","null","null","null","null","null","null","null","null","null","null","null","null","null","null","null","null","null","null","null","null","null","null","null","null","null","null","null","null","null","null","null","null","null","null","null","null","null","null","null","null","null","null",
"0500000US13051","Chatham County, Georgia","71184","3175","6096","1391","1103","388","100","162","261","167","198","141","544","260","4993","1377","350","237","280","200","70","126","0","232","0","232","4643","1383","574","429","2048","940","1242","676","779","803","65088","3177","46951","3253","1776","665","7424","1670","12930","1784","24821","2814","18137","2603","4887","1414","921","612","1491","939","1397","649","1078","601","13250","2298","1462","837","2775","859","4983","1714","4030","1150",
"0500000US13057","Cherokee County, Georgia","80528","2591","4844","1231","2630","997","522","453","759","480","562","406","787","517","2214","799","196","227","0","232","196","227","0","232","0","232","2018","807","405","511","559","459","448","315","606","546","75684","2854","64524","2615","2412","994","9214","1653","16880","2750","36018","2711","11160","1811","4765","1293","1287","1064","1067","641","1108","550","1303","582","6395","1187","179","191","1109","550","1559","722","3548","989",
"0500000US13059","Clarke County, Georgia","null","null","null","null","null","null","null","null","null","null","null","null","null","null","null","null","null","null","null","null","null","null","null","null","null","null","null","null","null","null","null","null","null","null","null","null","null","null","null","null","null","null","null","null","null","null","null","null","null","null","null","null","null","null","null","null","null","null","null","null","null","null","null","null","null","null","null","null","null","null",
"0500000US13063","Clayton County, Georgia","65589","3845","10513","2484","2690","1123","912","815","941","652","772","568","65","109","7823","2364","1110","950","0","232","569","705","380","519","161","269","6713","2233","435","496","1694","1042","3773","1690","811","762","55076","3984","28382","3225","4481","1545","6608","1920","7752","1524","9541","2156","26694","3119","4939","1769","711","572","1481","931","2140","1185","607","469","21755","2620","2267","1020","7019","2202","7458","1946","5011","1322",
"0500000US13067","Cobb County, Georgia","202004","4600","11334","2075","4610","1025","474","429","550","307","1989","756","1597","625","6724","1710","1839","852","269","355","820","547","242","379","508","399","4885","1534","339","380","1357","908","1965","1112","1224","642","190670","4852","143050","5021","5971","1183","16669","2228","27549","3026","92861","4955","47620","3960","15430","2497","2318","1098","3643","1432","4037","1348","5432","1570","32190","3401","1394","728","5510","1459","10247","2239","15039","2119",
"0500000US13073","Columbia County, Georgia","46915","2532","2435","1105","643","374","87","140","175","177","305","299","76","126","1792","1010","0","232","0","232","0","232","0","232","0","232","1792","1010","265","403","603","571","924","831","0","232","44480","2688","34039","2827","857","646","6104","1677","9004","1693","18074","2394","10441","2182","3786","1555","291","477","201","200","2380","1436","914","710","6655","1783","1122","1033","1651","848","1973","1053","1909","908",
"0500000US13077","Coweta County, Georgia","null","null","null","null","null","null","null","null","null","null","null","null","null","null","null","null","null","null","null","null","null","null","null","null","null","null","null","null","null","null","null","null","null","null","null","null","null","null","null","null","null","null","null","null","null","null","null","null","null","null","null","null","null","null","null","null","null","null","null","null","null","null","null","null","null","null","null","null","null","null",
"0500000US13089","DeKalb County, Georgia","172605","5677","15978","2438","6353","1486","746","408","3101","1230","1942","941","564","424","9625","1795","1213","638","473","395","138","127","439","442","163","222","8412","1726","874","592","1843","1056","3447","1240","2248","1138","156627","5223","105576","4986","6091","1686","14678","2216","18236","2626","66571","4042","51051","5245","14769","2953","1985","934","3173","1254","5325","1738","4286","1468","36282","4631","2879","1367","6495","1896","13992","2664","12916","2452",
"0500000US13095","Dougherty County, Georgia","19132","1579","3472","1061","653","413","61","99","202","205","178","170","212","239","2819","1049","281","368","0","232","68","118","0","232","213","354","2538","1019","873","495","1044","669","621","496","0","232","15660","1537","9027","1522","1211","604","1748","652","2991","1106","3077","884","6633","1439","1045","522","0","232","265","291","656","403","124","135","5588","1371","317","309","1979","869","2684","941","608","464",
"0500000US13097","Douglas County, Georgia","36116","2983","2975","1102","1069","566","87","174","380","384","527","375","75","135","1906","926","349","314","0","232","206","224","0","232","143","219","1557","856","67","113","550","465","940","642","0","232","33141","2831","24073","3285","2199","1209","4650","1248","9345","1925","7879","1611","9068","1909","2347","1074","383","486","989","740","756","659","219","188","6721","1492","73","112","1983","756","1823","734","2842","1209",
"0500000US13103","Effingham County, Georgia","null","null","null","null","null","null","null","null","null","null","null","null","null","null","null","null","null","null","null","null","null","null","null","null","null","null","null","null","null","null","null","null","null","null","null","null","null","null","null","null","null","null","null","null","null","null","null","null","null","null","null","null","null","null","null","null","null","null","null","null","null","null","null","null","null","null","null","null","null","null",
"0500000US13113","Fayette County, Georgia","null","null","null","null","null","null","null","null","null","null","null","null","null","null","null","null","null","null","null","null","null","null","null","null","null","null","null","null","null","null","null","null","null","null","null","null","null","null","null","null","null","null","null","null","null","null","null","null","null","null","null","null","null","null","null","null","null","null","null","null","null","null","null","null","null","null","null","null","null","null",
"0500000US13115","Floyd County, Georgia","23800","1570","2871","839","1003","492","276","252","264","312","177","191","286","292","1868","712","0","232","0","232","0","232","0","232","0","232","1868","712","769","544","526","509","573","436","0","232","20929","1577","16184","1676","1738","773","3615","1086","4700","1133","6131","1208","4745","1094","1742","812","251","272","638","478","410","421","443","293","3003","931","42","70","1361","745","1186","585","414","351",
"0500000US13117","Forsyth County, Georgia","78466","2002","2125","807","1300","586","217","184","390","228","288","267","405","359","825","632","275","377","233","370","0","232","0","232","42","70","550","543","0","232","32","52","92","109","426","535","76341","1959","65412","2560","1145","592","5895","1411","10537","1801","47835","2310","10929","2069","3927","1429","104","120","1526","1010","1210","640","1087","698","7002","1868","1146","939","607","414","795","529","4454","1434",
"0500000US13121","Fulton County, Georgia","243992","6016","16696","2584","5152","1642","1221","1074","862","673","942","597","2127","856","11544","2175","1863","998","0","232","949","870","609","492","305","292","9681","1983","1810","929","2601","1148","3780","1518","1490","692","227296","6210","167428","5494","3679","1088","12117","2337","24038","2738","127594","5539","59868","4262","11842","2222","993","579","3590","1672","3055","1264","4204","1095","48026","4005","2638","967","7611","1916","13591","2749","24186","2987",
"0500000US13127","Glynn County, Georgia","null","null","null","null","null","null","null","null","null","null","null","null","null","null","null","null","null","null","null","null","null","null","null","null","null","null","null","null","null","null","null","null","null","null","null","null","null","null","null","null","null","null","null","null","null","null","null","null","null","null","null","null","null","null","null","null","null","null","null","null","null","null","null","null","null","null","null","null","null","null",
"0500000US13135","Gwinnett County, Georgia","244290","5703","19972","2848","9457","1803","2609","890","1982","827","2503","935","2363","1015","10515","2171","2273","951","667","546","894","607","712","596","0","232","8242","1906","1611","741","1503","767","3326","1408","1802","1099","224318","6069","165605","5962","15361","2507","25992","3064","38851","3284","85401","4138","58713","4291","19803","3201","2395","1205","6680","1838","4794","1436","5934","2234","38910","3455","3380","1056","7764","1599","10589","2264","17177","2623",
"0500000US13139","Hall County, Georgia","57221","2362","3962","1131","2715","897","544","357","1400","773","316","253","455","298","1247","594","742","534","258","391","434","328","50","87","0","232","505","353","75","125","430","327","0","232","0","232","53259","2404","39713","2339","5668","1797","8062","1528","9027","1608","16956","1958","13546","1806","5522","1411","1831","1018","1250","724","1481","729","960","468","8024","1463","1001","591","2409","940","2186","862","2428","1074",
"0500000US13151","Henry County, Georgia","69211","3527","4346","1530","1458","633","456","456","266","192","288","230","448","332","2888","1534","698","637","0","232","246","386","452","522","0","232","2190","1394","0","232","1377","1180","813","712","0","232","64865","3368","43658","3430","795","341","10113","1833","14981","2351","17769","2661","21207","3171","4333","1221","153","201","2142","851","1267","580","771","533","16874","2660","580","379","3248","1018","5341","1711","7705","1867",
"0500000US13153","Houston County, Georgia","47581","2271","4620","1408","2275","953","434","439","779","468","522","458","540","450","2345","1069","37","65","0","232","37","65","0","232","0","232","2308","1069","196","151","1069","766","1043","792","0","232","42961","2362","32233","2476","1404","911","7729","1978","10376","2017","12724","2028","10728","2068","4057","1526","533","464","628","543","1796","1046","1100","779","6671","1547","1129","825","1535","737","2245","1019","1762","801",
"0500000US13157","Jackson County, Georgia","null","null","null","null","null","null","null","null","null","null","null","null","null","null","null","null","null","null","null","null","null","null","null","null","null","null","null","null","null","null","null","null","null","null","null","null","null","null","null","null","null","null","null","null","null","null","null","null","null","null","null","null","null","null","null","null","null","null","null","null","null","null","null","null","null","null","null","null","null","null",
"0500000US13179","Liberty County, Georgia","null","null","null","null","null","null","null","null","null","null","null","null","null","null","null","null","null","null","null","null","null","null","null","null","null","null","null","null","null","null","null","null","null","null","null","null","null","null","null","null","null","null","null","null","null","null","null","null","null","null","null","null","null","null","null","null","null","null","null","null","null","null","null","null","null","null","null","null","null","null",
"0500000US13185","Lowndes County, Georgia","27737","2241","4486","1384","1173","611","31","51","546","412","149","147","447","435","3313","1212","933","668","0","232","0","232","208","379","725","793","2380","991","30","57","1135","709","729","559","486","638","23251","2119","18304","1899","612","523","3827","1020","5690","1592","8175","1658","4947","1352","1557","783","71","129","480","432","869","576","137","186","3390","1092","102","136","1222","686","1411","806","655","418",
"0500000US13215","Muscogee County, Georgia","45218","2835","6158","1656","2288","1138","291","353","594","550","990","808","413","439","3870","1228","698","565","271","298","0","232","427","483","0","232","3172","1079","405","459","1371","580","1091","649","305","359","39060","2914","25865","2573","729","600","6030","1618","8471","1464","10635","1668","13195","2204","2711","997","353","283","724","510","1230","707","404","254","10484","1774","537","383","3207","1243","3273","1315","3467","1267",
"0500000US13217","Newton County, Georgia","null","null","null","null","null","null","null","null","null","null","null","null","null","null","null","null","null","null","null","null","null","null","null","null","null","null","null","null","null","null","null","null","null","null","null","null","null","null","null","null","null","null","null","null","null","null","null","null","null","null","null","null","null","null","null","null","null","null","null","null","null","null","null","null","null","null","null","null","null","null",
"0500000US13223","Paulding County, Georgia","47542","2418","1723","821","803","540","118","170","422","495","218","189","45","75","920","564","96","165","96","165","0","232","0","232","0","232","824","541","0","232","108","149","515","474","201","251","45819","2348","36928","2840","1300","665","7127","1760","15483","2601","13018","2025","8891","2104","2936","1169","525","440","729","559","479","423","1203","706","5955","1677","308","304","743","377","3484","1275","1420","648",
"0500000US13245","Richmond County, Georgia","49768","2628","7513","1611","874","486","139","180","183","275","232","200","320","315","6639","1586","1421","831","141","231","718","742","476","490","86","126","5218","1422","1592","868","1568","761","1798","870","260","246","42255","2808","24718","2216","1261","701","6925","1642","7035","1426","9497","1436","17537","2575","4629","1154","579","450","2042","972","1415","596","593","557","12908","2347","1398","807","3864","1289","5214","1468","2432","1064",
"0500000US13247","Rockdale County, Georgia","null","null","null","null","null","null","null","null","null","null","null","null","null","null","null","null","null","null","null","null","null","null","null","null","null","null","null","null","null","null","null","null","null","null","null","null","null","null","null","null","null","null","null","null","null","null","null","null","null","null","null","null","null","null","null","null","null","null","null","null","null","null","null","null","null","null","null","null","null","null",
"0500000US13255","Spalding County, Georgia","null","null","null","null","null","null","null","null","null","null","null","null","null","null","null","null","null","null","null","null","null","null","null","null","null","null","null","null","null","null","null","null","null","null","null","null","null","null","null","null","null","null","null","null","null","null","null","null","null","null","null","null","null","null","null","null","null","null","null","null","null","null","null","null","null","null","null","null","null","null",
"0500000US13285","Troup County, Georgia","null","null","null","null","null","null","null","null","null","null","null","null","null","null","null","null","null","null","null","null","null","null","null","null","null","null","null","null","null","null","null","null","null","null","null","null","null","null","null","null","null","null","null","null","null","null","null","null","null","null","null","null","null","null","null","null","null","null","null","null","null","null","null","null","null","null","null","null","null","null",
"0500000US13295","Walker County, Georgia","null","null","null","null","null","null","null","null","null","null","null","null","null","null","null","null","null","null","null","null","null","null","null","null","null","null","null","null","null","null","null","null","null","null","null","null","null","null","null","null","null","null","null","null","null","null","null","null","null","null","null","null","null","null","null","null","null","null","null","null","null","null","null","null","null","null","null","null","null","null",
"0500000US13297","Walton County, Georgia","null","null","null","null","null","null","null","null","null","null","null","null","null","null","null","null","null","null","null","null","null","null","null","null","null","null","null","null","null","null","null","null","null","null","null","null","null","null","null","null","null","null","null","null","null","null","null","null","null","null","null","null","null","null","null","null","null","null","null","null","null","null","null","null","null","null","null","null","null","null",
"0500000US13313","Whitfield County, Georgia","25169","2012","3414","1256","1488","775","410","380","987","637","0","232","91","116","1926","985","723","576","122","169","593","557","8","15","0","232","1203","689","364","383","498","411","276","382","65","111","21755","1906","15776","1692","3609","1062","3670","918","4160","1029","4337","1123","5979","1582","2271","1058","953","602","1133","959","151","136","34","42","3708","1201","698","456","1050","516","1549","713","411","425",
"0500000US15001","Hawaii County, Hawaii","50017","2915","5663","1484","2279","1016","18","29","1342","867","698","477","221","181","3384","1232","643","519","0","193","418","453","0","193","225","304","2741","1083","190","236","699","556","790","578","1062","926","44354","2820","32403","2490","927","391","6045","1176","11937","1845","13494","1903","11951","2044","4253","1234","60","65","2290","1052","1091","645","812","457","7698","1441","567","353","2872","959","2194","737","2065","701",
"0500000US15003","Honolulu County, Hawaii","230860","5102","12195","1860","6191","1226","1231","634","1353","439","1234","527","2373","618","6004","1378","861","465","225","226","331","301","169","135","136","115","5143","1317","271","255","2714","1032","1318","514","840","412","218665","5016","164138","5135","6175","1096","30148","2739","46128","3004","81687","4145","54527","3140","16842","1848","746","393","5485","1083","6112","1433","4499","924","37685","2726","2837","967","8543","1512","11639","1724","14666","1819",
"0500000US15007","Kauai County, Hawaii","null","null","null","null","null","null","null","null","null","null","null","null","null","null","null","null","null","null","null","null","null","null","null","null","null","null","null","null","null","null","null","null","null","null","null","null","null","null","null","null","null","null","null","null","null","null","null","null","null","null","null","null","null","null","null","null","null","null","null","null","null","null","null","null","null","null","null","null","null","null",
"0500000US15009","Maui County, Hawaii","36211","2566","2510","954","1061","596","0","193","347","257","477","459","237","181","1449","746","52","89","0","193","0","193","0","193","52","89","1397","729","258","336","316","337","790","517","33","43","33701","2630","25423","2277","1521","780","6411","1325","7006","1305","10485","1627","8278","1621","3366","1212","0","193","1845","1007","626","385","895","511","4912","1086","20","36","1045","498","1911","829","1936","779",
"0500000US16001","Ada County, Idaho","136512","3649","7133","1473","3552","1031","440","391","1024","749","1181","576","907","394","3581","1130","559","449","148","201","54","94","124","211","233","332","3022","1049","138","146","1505","794","972","542","407","328","129379","3918","106132","4046","2384","844","13791","1632","28930","2248","61027","3400","23247","2385","8802","1485","726","469","2380","977","3038","916","2658","827","14445","1761","1120","458","2048","686","5537","1206","5740","1309",
"0500000US16005","Bannock County, Idaho","20452","1613","1385","490","688","340","0","198","140","142","358","258","190","192","697","340","180","167","0","198","117","148","0","198","63","77","517","290","32","55","158","228","217","186","110","142","19067","1566","15634","1355","572","505","2557","780","5557","1107","6948","1085","3433","960","1152","461","39","70","423","346","362","272","328","287","2281","859","260","326","551","355","1145","569","325","269",
"0500000US16019","Bonneville County, Idaho","32454","2027","1655","502","670","291","0","198","187","190","308","230","175","155","985","441","52","91","0","198","52","91","0","198","0","198","933","427","208","245","170","179","555","359","0","198","30799","2131","24950","2210","1131","614","4607","1106","7855","1227","11357","1601","5849","1395","1804","731","206","209","917","499","483","387","198","213","4045","1188","347","365","1327","538","1332","754","1039","569",
"0500000US16027","Canyon County, Idaho","69648","2639","4478","1171","2739","1008","756","637","463","313","1143","698","377","263","1739","706","262","189","19","34","79","133","112","133","52","90","1477","696","258","258","502","312","549","387","168","268","65170","2687","51238","2546","4390","1115","11764","1811","18706","2158","16378","1913","13932","1766","4477","1099","685","414","1429","717","1425","493","938","629","9455","1521","603","439","3263","899","3901","1217","1688","705",
"0500000US16055","Kootenai County, Idaho","49634","2285","2905","867","1969","778","445","497","271","203","782","585","471","279","936","547","73","121","0","198","0","198","0","198","73","121","863","533","0","198","387","412","287","309","189","188","46729","2194","38582","2202","456","267","6325","1242","15987","1605","15814","1951","8147","1500","1966","732","208","282","207","205","991","670","560","373","6181","1274","177","156","1365","627","3153","1076","1486","818",
"0500000US16083","Twin Falls County, Idaho","null","null","null","null","null","null","null","null","null","null","null","null","null","null","null","null","null","null","null","null","null","null","null","null","null","null","null","null","null","null","null","null","null","null","null","null","null","null","null","null","null","null","null","null","null","null","null","null","null","null","null","null","null","null","null","null","null","null","null","null","null","null","null","null","null","null","null","null","null","null",
"0500000US17019","Champaign County, Illinois","42008","2281","2286","880","398","271","7","12","226","210","42","57","123","146","1888","833","314","340","0","208","16","23","298","341","0","208","1574","735","355","347","512","479","696","393","11","21","39722","2377","30232","2334","298","237","4491","990","8240","1292","17203","1820","9490","1829","3267","997","226","262","1100","630","921","550","1020","521","6223","1606","326","335","883","500","1716","893","3298","1350",
"0500000US17031","Cook County, Illinois","1208558","15470","119607","6128","44686","4486","12932","2521","12165","2807","10130","2022","9459","2241","74921","5092","14155","2747","3110","1170","4522","1898","4246","1586","2277","1102","60766","4870","11037","2461","19010","2783","22335","3564","8384","1963","1088951","14249","774893","12995","61660","4632","128675","6916","160866","8312","423692","9203","314058","10627","90519","5410","12299","2262","24170","3492","30165","3602","23885","2805","223539","8295","23764","3030","49457","4638","73631","5171","76687","6454",
"0500000US17037","DeKalb County, Illinois","23490","1530","1762","765","26","33","0","208","18","31","8","14","0","208","1736","764","196","256","0","208","159","244","37","66","0","208","1540","728","62","114","866","574","570","382","42","70","21728","1528","16610","1422","1179","548","2868","630","4458","1022","8105","1064","5118","1128","2175","711","479","489","577","373","852","513","267","199","2943","882","14","27","1033","499","1296","654","600","304",
"0500000US17043","DuPage County, Illinois","240886","4362","10235","1651","5919","1364","1124","593","1441","725","1019","426","2335","858","4316","1098","1352","601","622","473","103","146","173","176","454","518","2964","890","502","521","949","495","1017","521","496","254","230651","4755","188642","4992","7951","1677","24652","2891","36367","3515","119672","4471","42009","3049","14325","2085","1737","796","3309","1330","4132","1092","5147","1102","27684","2719","1985","878","3934","998","9420","1620","12345","1973",
"0500000US17089","Kane County, Illinois","132235","3859","6018","1495","2210","692","867","473","324","236","395","242","624","414","3808","1280","774","527","242","289","161","267","371","341","0","208","3034","1061","911","638","697","414","1170","719","256","213","126217","4099","101089","3908","8757","1451","16512","2462","26412","2813","49408","2923","25128","3065","9284","1908","2544","1145","1607","660","2874","982","2259","917","15844","2510","2999","1131","2350","673","5095","1249","5400","1452",
"0500000US17091","Kankakee County, Illinois","25418","1657","2680","884","728","371","71","90","367","277","290","249","0","208","1952","742","396","253","75","134","145","105","119","173","57","97","1556","695","0","208","638","472","918","548","0","208","22738","1666","17591","1611","534","308","5309","936","6523","1320","5225","948","5147","1141","1457","777","150","199","887","710","315","217","105","134","3690","885","393","360","960","467","1330","458","1007","547",
"0500000US17093","Kendall County, Illinois","null","null","null","null","null","null","null","null","null","null","null","null","null","null","null","null","null","null","null","null","null","null","null","null","null","null","null","null","null","null","null","null","null","null","null","null","null","null","null","null","null","null","null","null","null","null","null","null","null","null","null","null","null","null","null","null","null","null","null","null","null","null","null","null","null","null","null","null","null","null",
"0500000US17097","Lake County, Illinois","183747","4266","10805","1746","4253","1334","606","466","1763","1110","705","400","1179","568","6552","1544","1448","731","510","478","244","313","206","314","488","413","5104","1484","1321","856","1890","970","1050","624","843","539","172942","4405","139347","4534","8573","1692","18276","2347","25882","3182","86616","3440","33595","3160","11304","1526","2087","849","1487","569","3682","1058","4048","1055","22291","2729","1830","728","4706","1540","8068","2037","7687","1542",
"0500000US17099","LaSalle County, Illinois","28853","1588","3203","1011","589","346","29","38","49","56","259","222","252","251","2614","958","532","308","26","44","320","238","186","205","0","208","2082","903","551","487","1061","673","470","385","0","208","25650","1630","19678","1533","593","284","5930","1008","7236","1202","5919","1106","5972","1250","2704","935","197","228","1068","592","1182","597","257","215","3268","1048","143","110","1307","652","1555","799","263","197",
"0500000US17111","McHenry County, Illinois","87211","2277","4261","1120","1439","724","448","464","320","222","614","408","57","74","2822","886","594","479","431","432","68","110","49","81","46","80","2228","689","376","474","1024","588","470","458","358","395","82950","2479","67491","2629","4332","1260","11424","1527","21915","2116","29820","2291","15459","1858","5670","1143","593","447","1975","692","1823","669","1279","545","9789","1675","486","429","2687","926","2861","877","3755","979",
"0500000US17113","McLean County, Illinois","43297","2117","2939","929","1277","608","171","185","551","499","484","304","71","92","1662","650","193","224","0","208","108","170","85","142","0","208","1469","635","44","51","690","428","593","409","142","245","40358","2104","30832","1816","709","339","4427","1043","6852","1170","18844","1532","9526","1892","3150","994","83","140","1094","623","544","325","1429","686","6376","1719","364","363","1290","635","2475","1038","2247","842",
"0500000US17115","Macon County, Illinois","23391","1942","2576","965","382","233","0","208","106","123","276","201","0","208","2194","964","591","406","263","240","234","276","94","148","0","208","1603","862","48","84","1081","797","411","435","63","80","20815","1729","15390","1566","236","152","4181","1034","4988","1024","5985","1032","5425","1021","1472","585","96","111","396","259","688","489","292","340","3953","869","108","116","1460","720","1531","554","854","422",
"0500000US17119","Madison County, Illinois","68676","3045","4481","1125","1195","631","103","124","299","197","584","524","209","216","3286","938","799","527","183","294","251","330","330","301","35","60","2487","902","488","383","660","461","1019","605","320","345","64195","2927","48640","2573","2176","917","8567","1223","16695","1808","21202","2160","15555","2034","4695","1022","536","430","1521","654","2034","686","604","396","10860","1826","765","611","2463","937","3064","930","4568","1464",
"0500000US17143","Peoria County, Illinois","47875","2398","5570","1442","1765","1055","735","907","470","449","69","84","491","403","3805","1336","254","296","0","208","254","296","0","208","0","208","3551","1306","462","366","368","345","2486","1205","235","280","42305","2588","33420","1834","817","508","7294","1315","8987","1308","16322","1432","8885","1847","2508","788","269","228","1082","639","737","409","420","280","6377","1718","327","289","1451","801","2454","1193","2145","760",
"0500000US17161","Rock Island County, Illinois","35910","1900","3084","925","1062","609","381","301","102","120","477","520","102","127","2022","745","170","175","38","65","0","208","132","166","0","208","1852","719","491","297","822","542","539","440","0","208","32826","2077","22823","2030","1480","761","6222","1184","7604","1297","7517","1248","10003","1605","2687","819","585","470","812","518","1100","540","190","209","7316","1452","675","375","2032","834","2886","1004","1723","766",
"0500000US17163","St. Clair County, Illinois","63034","3661","5405","1727","1732","844","214","269","250","226","1176","702","92","142","3673","1473","424","488","8","12","0","208","416","488","0","208","3249","1385","291","270","1563","1127","1304","731","91","111","57629","3384","43440","2817","1522","778","7399","1522","15017","1791","19502","2094","14189","2422","3914","1181","315","276","1041","714","1694","770","864","533","10275","2173","52","94","2396","961","4284","1399","3543","1323",
"0500000US17167","Sangamon County, Illinois","49649","2705","2902","818","855","439","163","119","10","18","398","350","284","232","2047","638","48","58","25","47","0","208","23","32","0","208","1999","634","0","208","1430","600","505","344","64","79","46747","2679","35511","2285","509","295","4945","1014","10044","1588","20013","1934","11236","1480","4219","1141","743","623","955","431","1284","620","1237","583","7017","1133","417","309","1336","645","3320","964","1944","636",
"0500000US17179","Tazewell County, Illinois","32491","2107","1613","805","721","548","0","208","210","187","450","492","61","102","892","558","22","40","0","208","0","208","22","40","0","208","870","557","0","208","275","218","586","496","9","14","30878","2030","24741","1951","667","511","5512","1072","8212","1403","10350","1278","6137","1061","2273","750","331","305","808","369","782","517","352","263","3864","917","63","97","1623","672","1075","524","1103","470",
"0500000US17183","Vermilion County, Illinois","17905","1599","2611","873","609","334","262","203","98","104","237","229","12","20","2002","816","72","127","0","208","10","19","62","131","0","208","1930","805","456","401","1045","528","429","358","0","208","15294","1546","11219","1211","710","432","3003","662","4010","819","3496","845","4075","919","1061","470","81","104","483","314","461","390","36","50","3014","875","62","98","1198","557","1002","408","752","502",
"0500000US17197","Will County, Illinois","183610","3577","10994","2024","5356","1401","1037","677","1589","697","785","304","1945","859","5638","1457","1026","562","410","374","81","139","364","353","171","246","4612","1398","1054","733","1814","823","1360","550","384","338","172616","3621","137099","3612","7838","1634","23905","2210","38588","2770","66768","3890","35517","3010","11833","2096","823","525","3877","1259","3900","961","3233","1050","23684","2566","1982","773","5486","1250","7590","1628","8626","1571",
"0500000US17199","Williamson County, Illinois","null","null","null","null","null","null","null","null","null","null","null","null","null","null","null","null","null","null","null","null","null","null","null","null","null","null","null","null","null","null","null","null","null","null","null","null","null","null","null","null","null","null","null","null","null","null","null","null","null","null","null","null","null","null","null","null","null","null","null","null","null","null","null","null","null","null","null","null","null","null",
"0500000US17201","Winnebago County, Illinois","71461","2962","8432","1684","2556","934","264","308","763","415","836","524","693","416","5876","1462","973","536","109","137","521","499","293","262","50","83","4903","1375","920","547","1553","859","2195","863","235","241","63029","3239","45799","3115","2590","954","9893","1550","15427","1869","17889","1833","17230","2140","5758","1280","1447","870","1541","640","1508","705","1262","569","11472","1761","1143","582","3686","1122","4464","1210","2179","713",
"0500000US18003","Allen County, Indiana","98101","3107","8192","1669","2364","950","712","572","611","568","617","441","424","319","5828","1382","931","452","293","256","195","181","88","148","355","264","4897","1291","660","495","2465","1127","1257","828","515","399","89909","2939","66457","2801","4787","1255","12839","1814","20389","2373","28442","2348","23452","2834","6571","1507","916","506","2592","969","2462","1245","601","303","16881","2260","1765","935","3795","1042","6648","1386","4673","1272",
"0500000US18005","Bartholomew County, Indiana","null","null","null","null","null","null","null","null","null","null","null","null","null","null","null","null","null","null","null","null","null","null","null","null","null","null","null","null","null","null","null","null","null","null","null","null","null","null","null","null","null","null","null","null","null","null","null","null","null","null","null","null","null","null","null","null","null","null","null","null","null","null","null","null","null","null","null","null","null","null",
"0500000US18011","Boone County, Indiana","null","null","null","null","null","null","null","null","null","null","null","null","null","null","null","null","null","null","null","null","null","null","null","null","null","null","null","null","null","null","null","null","null","null","null","null","null","null","null","null","null","null","null","null","null","null","null","null","null","null","null","null","null","null","null","null","null","null","null","null","null","null","null","null","null","null","null","null","null","null",
"0500000US18019","Clark County, Indiana","34660","2312","2655","1173","1226","650","582","570","101","125","358","331","185","194","1429","815","141","187","91","166","50","91","0","211","0","211","1288","809","734","696","419","345","135","167","0","211","32005","2432","23150","2449","823","541","4373","1104","7814","1428","10140","1886","8855","1881","3510","1369","262","274","1482","997","1430","797","336","281","5345","1266","75","120","1809","698","2227","899","1234","602",
"0500000US18035","Delaware County, Indiana","24226","1874","3299","939","1213","632","174","185","213","228","592","428","234","356","2086","790","279","238","57","73","124","148","17","30","81","135","1807","739","472","464","561","295","732","481","42","71","20927","1619","15701","1543","819","426","4622","972","4998","993","5262","1176","5226","1251","2253","889","376","322","1304","743","339","267","234","205","2973","730","607","360","476","239","827","378","1063","516",
"0500000US18039","Elkhart County, Indiana","48751","2251","3607","1127","1286","690","138","108","673","619","323","469","152","195","2321","1007","126","167","0","211","45","73","0","211","81","155","2195","998","212","302","984","797","935","668","64","108","45144","2287","36024","2205","4789","1192","11580","1790","9828","1524","9827","1516","9120","1693","3366","1295","298","300","1770","890","316","283","982","698","5754","1204","616","383","2157","724","2123","912","858","381",
"0500000US18043","Floyd County, Indiana","null","null","null","null","null","null","null","null","null","null","null","null","null","null","null","null","null","null","null","null","null","null","null","null","null","null","null","null","null","null","null","null","null","null","null","null","null","null","null","null","null","null","null","null","null","null","null","null","null","null","null","null","null","null","null","null","null","null","null","null","null","null","null","null","null","null","null","null","null","null",
"0500000US18053","Grant County, Indiana","null","null","null","null","null","null","null","null","null","null","null","null","null","null","null","null","null","null","null","null","null","null","null","null","null","null","null","null","null","null","null","null","null","null","null","null","null","null","null","null","null","null","null","null","null","null","null","null","null","null","null","null","null","null","null","null","null","null","null","null","null","null","null","null","null","null","null","null","null","null",
"0500000US18057","Hamilton County, Indiana","105416","2671","3777","1221","2291","902","642","745","247","262","241","241","1161","506","1486","806","136","160","0","211","71","123","65","107","0","211","1350","768","55","90","485","556","369","362","441","358","101639","2695","87238","3230","1595","742","5813","1243","15266","2282","64564","3323","14401","2420","6161","1927","811","864","1415","903","1394","953","2541","1159","8240","1578","162","263","1784","862","2337","1130","3957","1256",
"0500000US18059","Hancock County, Indiana","null","null","null","null","null","null","null","null","null","null","null","null","null","null","null","null","null","null","null","null","null","null","null","null","null","null","null","null","null","null","null","null","null","null","null","null","null","null","null","null","null","null","null","null","null","null","null","null","null","null","null","null","null","null","null","null","null","null","null","null","null","null","null","null","null","null","null","null","null","null",
"0500000US18063","Hendricks County, Indiana","49973","2307","1974","852","842","423","378","314","23","39","111","140","330","248","1132","754","0","211","0","211","0","211","0","211","0","211","1132","754","603","771","334","302","195","162","0","211","47999","2400","38524","2610","1575","752","6972","1155","11682","2094","18295","2029","9475","2116","2990","1171","0","211","1064","799","1092","831","834","514","6485","1806","94","164","1755","986","2936","1294","1700","824",
"0500000US18067","Howard County, Indiana","null","null","null","null","null","null","null","null","null","null","null","null","null","null","null","null","null","null","null","null","null","null","null","null","null","null","null","null","null","null","null","null","null","null","null","null","null","null","null","null","null","null","null","null","null","null","null","null","null","null","null","null","null","null","null","null","null","null","null","null","null","null","null","null","null","null","null","null","null","null",
"0500000US18081","Johnson County, Indiana","43883","2391","1801","742","1094","512","208","222","212","221","53","90","621","431","707","545","0","211","0","211","0","211","0","211","0","211","707","545","0","211","470","467","126","156","111","196","42082","2412","33166","2354","1253","624","5946","1246","9843","1725","16124","2053","8916","1820","2887","982","531","481","856","653","1068","544","432","368","6029","1595","251","298","1417","746","2585","1218","1776","851",
"0500000US18085","Kosciusko County, Indiana","23301","1660","1633","732","814","571","200","288","397","416","0","211","217","259","819","426","84","141","0","211","84","141","0","211","0","211","735","409","277","279","458","353","0","211","0","211","21668","1674","17134","1632","1955","773","4751","966","4035","937","6393","1076","4534","1096","1416","605","366","321","423","373","509","471","118","143","3118","1009","647","450","757","443","1188","700","526","482",
"0500000US18089","Lake County, Indiana","130344","4002","12092","1898","4237","1230","1056","657","1162","653","1412","842","607","458","7855","1543","1194","686","694","614","157","170","191","300","152","212","6661","1300","1286","517","2002","814","2693","971","680","618","118252","4176","82538","4111","4787","1259","22722","2671","24780","2329","30249","2378","35714","3531","11217","2160","433","299","4789","1492","4271","1505","1724","753","24497","2595","1656","659","8504","1638","9641","1679","4696","1145",
"0500000US18091","LaPorte County, Indiana","25822","1984","2572","940","743","475","303","409","276","240","43","76","121","155","1829","816","758","662","116","196","526","589","116","194","0","211","1071","652","201","178","822","592","0","211","48","87","23250","1755","17508","1600","745","360","6308","1389","4833","1100","5622","1064","5742","1047","2138","698","247","303","744","483","991","466","156","169","3604","926","273","195","856","449","2046","840","429","305",
"0500000US18095","Madison County, Indiana","32617","1901","3056","1117","889","467","93","103","522","350","245","237","29","52","2167","912","277","273","0","211","28","39","191","248","58","88","1890","867","176","177","493","310","1192","747","29","49","29561","1794","21463","1795","1359","684","6078","1198","7101","1354","6925","1334","8098","1553","3335","1055","574","455","1276","653","1060","622","425","362","4763","1026","256","389","1455","597","1574","486","1478","644",
"0500000US18097","Marion County, Indiana","232665","6428","28713","4511","10002","3180","1737","1194","3870","1747","1963","1094","2432","2035","18711","3577","1951","1091","1009","943","616","471","326","305","0","211","16760","3549","3390","1544","7590","2703","3761","1816","2019","1114","203952","6853","137564","5946","11333","2189","26500","3462","35622","3276","64109","3953","66388","5415","16868","2735","1573","758","6512","1985","4560","1431","4223","1355","49520","4836","5080","1883","13683","3078","19942","3503","10815","2233",
"0500000US18105","Monroe County, Indiana","29135","2160","1528","697","870","489","91","119","23","39","321","263","435","376","658","499","29","51","0","211","0","211","29","51","0","211","629","500","0","211","447","471","125","168","57","102","27607","2083","20978","1930","404","261","2830","856","4677","1048","13067","1534","6629","1350","2284","861","83","104","699","598","636","476","866","470","4345","1146","80","139","978","498","1572","862","1715","660",
"0500000US18109","Morgan County, Indiana","21336","1262","2016","739","603","483","16","29","307","292","280","362","0","211","1413","579","203","235","191","236","12","21","0","211","0","211","1210","564","258","298","769","462","183","197","0","211","19320","1433","16130","1469","1091","535","4596","998","4925","1056","5518","1063","3190","942","1602","608","361","326","742","429","306","293","193","182","1588","714","0","211","729","536","653","472","206","209",
"0500000US18127","Porter County, Indiana","47577","2240","2633","1005","1136","450","63","111","354","250","305","239","414","326","1497","863","580","591","0","211","467","581","113","188","0","211","917","635","0","211","194","214","723","609","0","211","44944","2236","36278","2099","967","588","9113","1348","10710","1608","15488","1874","8666","1492","3338","1096","0","211","1694","861","877","576","767","417","5328","1218","254","243","1902","844","2013","794","1159","502",
"0500000US18141","St. Joseph County, Indiana","64997","2434","6725","1445","2708","888","735","496","1115","666","571","371","287","294","4017","1164","751","338","141","154","245","241","261","234","104","122","3266","1107","535","308","721","318","1384","857","626","490","58272","2318","44505","2401","2232","702","11063","1926","12563","1607","18647","1809","13767","1964","4776","1312","359","299","1747","644","1748","879","922","540","8991","1420","290","193","2719","785","3353","1007","2629","731",
"0500000US18157","Tippecanoe County, Indiana","42593","2423","3974","1163","986","553","138","175","665","519","52","69","131","190","2988","955","361","258","83","147","231","209","47","80","0","211","2627","975","170","183","1317","746","495","311","645","660","38619","2447","29676","2232","843","422","5751","1481","7303","1541","15779","1539","8943","2017","4195","1235","575","547","1732","930","1061","531","827","618","4748","1620","510","581","753","391","2110","1283","1375","641",
"0500000US18163","Vanderburgh County, Indiana","47065","2506","3047","1024","1102","644","141","187","274","258","568","429","119","206","1945","755","500","481","0","211","500","481","0","211","0","211","1445","596","326","349","265","230","854","480","0","211","44018","2316","31516","2151","1269","752","7155","1409","9668","1388","13424","1931","12502","1812","3835","1141","817","598","1297","690","934","603","787","608","8667","1491","602","689","3478","1056","3400","1128","1187","576",
"0500000US18167","Vigo County, Indiana","25975","1694","3494","995","1403","619","340","400","570","337","335","283","158","160","2091","948","439","360","0","211","243","303","143","180","53","95","1652","863","222","228","540","436","726","647","164","188","22481","1649","17348","1613","1053","654","4230","1080","6465","1101","5600","1033","5133","1105","1751","631","151","215","374","251","720","465","506","344","3382","1023","137","172","530","359","1508","741","1207","549",
"0500000US18173","Warrick County, Indiana","null","null","null","null","null","null","null","null","null","null","null","null","null","null","null","null","null","null","null","null","null","null","null","null","null","null","null","null","null","null","null","null","null","null","null","null","null","null","null","null","null","null","null","null","null","null","null","null","null","null","null","null","null","null","null","null","null","null","null","null","null","null","null","null","null","null","null","null","null","null",
"0500000US18177","Wayne County, Indiana","15603","1540","2614","1061","477","308","73","129","180","191","224","198","0","211","2137","977","816","575","268","264","55","100","426","490","67","113","1321","861","97","157","616","724","581","356","27","56","12989","1385","9735","1207","921","549","2261","614","3053","758","3500","854","3254","1019","1565","645","137","201","371","275","837","526","220","217","1689","694","187","261","560","333","546","366","396","341",
"0500000US19013","Black Hawk County, Iowa","32148","2164","2933","986","876","465","339","371","259","198","167","162","111","145","2057","891","200","153","48","79","95","109","57","73","0","174","1857","874","90","143","1089","715","678","609","0","174","29215","1840","22229","1747","1083","500","5050","993","7409","1538","8687","1043","6986","1420","1822","622","107","173","922","456","523","343","270","219","5164","1236","426","424","1465","728","2705","1057","568","283",
"0500000US19049","Dallas County, Iowa","null","null","null","null","null","null","null","null","null","null","null","null","null","null","null","null","null","null","null","null","null","null","null","null","null","null","null","null","null","null","null","null","null","null","null","null","null","null","null","null","null","null","null","null","null","null","null","null","null","null","null","null","null","null","null","null","null","null","null","null","null","null","null","null","null","null","null","null","null","null",
"0500000US19061","Dubuque County, Iowa","25427","1503","2079","759","787","407","0","174","421","269","304","312","62","75","1292","665","129","210","0","174","129","210","0","174","0","174","1163","640","501","415","507","435","133","151","22","36","23348","1480","18854","1213","748","417","4122","680","5683","991","8301","1029","4494","1064","1689","713","53","77","150","150","432","311","1054","658","2805","815","226","196","487","297","841","407","1251","616",
"0500000US19103","Johnson County, Iowa","null","null","null","null","null","null","null","null","null","null","null","null","null","null","null","null","null","null","null","null","null","null","null","null","null","null","null","null","null","null","null","null","null","null","null","null","null","null","null","null","null","null","null","null","null","null","null","null","null","null","null","null","null","null","null","null","null","null","null","null","null","null","null","null","null","null","null","null","null","null",
"0500000US19113","Linn County, Iowa","57256","2710","3535","1240","1223","641","9","16","283","241","295","334","636","505","2312","901","345","274","0","174","278","247","67","112","0","174","1967","882","229","245","645","559","993","621","100","155","53721","2713","42339","2668","635","352","9639","1488","13400","1583","18665","1902","11382","1776","4270","1136","203","323","1536","664","1218","620","1313","539","7112","1399","1042","650","2599","1139","2043","664","1428","540",
"0500000US19153","Polk County, Iowa","127891","4260","8997","1873","3220","1086","894","737","753","571","719","358","854","583","5777","1558","669","511","0","174","150","153","447","466","72","119","5108","1476","1501","1078","2022","831","1104","684","481","453","118894","4180","91394","3850","4092","1144","13599","1958","24718","2974","48985","3442","27500","2971","8847","1895","1175","706","1466","833","4154","1297","2052","761","18653","2604","1314","621","2346","757","9145","1959","5848","1621",
"0500000US19155","Pottawattamie County, Iowa","24034","1397","3129","1064","980","555","175","262","740","486","26","33","39","66","2149","852","552","528","0","174","427","495","125","183","0","174","1597","651","341","284","571","314","511","373","174","275","20905","1551","16031","1408","725","402","4232","932","6017","881","5057","884","4874","1218","1122","512","141","153","396","346","271","178","314","284","3752","1057","517","490","1254","575","1163","672","818","461",
"0500000US19163","Scott County, Iowa","46288","2305","2978","936","1024","568","323","430","359","337","198","169","144","155","1954","816","336","272","0","174","217","216","0","174","119","159","1618","765","392","469","644","412","409","408","173","189","43310","2301","33367","2170","1454","697","6137","1172","9594","1475","16182","1593","9943","1772","3539","1018","93","113","856","456","1648","806","942","527","6404","1460","851","576","1184","620","2428","990","1941","737",
"0500000US19169","Story County, Iowa","17764","1090","1142","544","444","325","34","57","11","19","68","115","331","303","698","417","148","173","0","174","47","46","0","174","101","167","550","375","0","174","340","329","145","125","65","80","16622","990","14639","1068","144","128","1903","554","3157","635","9435","1169","1983","502","651","256","0","174","286","191","139","127","226","168","1332","460","0","174","287","226","425","293","620","350",
"0500000US19193","Woodbury County, Iowa","27724","1595","2709","954","921","470","321","261","526","420","74","92","0","174","1788","778","456","402","284","352","89","141","83","147","0","174","1332","686","192","185","770","626","331","265","39","67","25015","1701","17186","1681","1267","623","3494","897","6408","1055","6017","1064","7829","1552","3345","975","843","668","1459","751","723","349","320","314","4484","1171","366","303","1184","690","1540","667","1394","729",
"0500000US20015","Butler County, Kansas","null","null","null","null","null","null","null","null","null","null","null","null","null","null","null","null","null","null","null","null","null","null","null","null","null","null","null","null","null","null","null","null","null","null","null","null","null","null","null","null","null","null","null","null","null","null","null","null","null","null","null","null","null","null","null","null","null","null","null","null","null","null","null","null","null","null","null","null","null","null",
"0500000US20045","Douglas County, Kansas","null","null","null","null","null","null","null","null","null","null","null","null","null","null","null","null","null","null","null","null","null","null","null","null","null","null","null","null","null","null","null","null","null","null","null","null","null","null","null","null","null","null","null","null","null","null","null","null","null","null","null","null","null","null","null","null","null","null","null","null","null","null","null","null","null","null","null","null","null","null",
"0500000US20091","Johnson County, Kansas","166615","3894","6784","1822","2902","974","169","266","394","271","1078","727","1261","514","3882","1442","712","485","0","189","229","220","0","189","483","445","3170","1467","307","375","464","398","1552","953","847","750","159831","3731","134487","4331","2485","766","10423","1900","28078","2513","93501","3944","25344","2499","9158","1555","286","251","2550","807","2993","1025","3329","928","16186","2254","554","396","2781","1048","4398","989","8453","1906",
"0500000US20103","Leavenworth County, Kansas","null","null","null","null","null","null","null","null","null","null","null","null","null","null","null","null","null","null","null","null","null","null","null","null","null","null","null","null","null","null","null","null","null","null","null","null","null","null","null","null","null","null","null","null","null","null","null","null","null","null","null","null","null","null","null","null","null","null","null","null","null","null","null","null","null","null","null","null","null","null",
"0500000US20161","Riley County, Kansas","null","null","null","null","null","null","null","null","null","null","null","null","null","null","null","null","null","null","null","null","null","null","null","null","null","null","null","null","null","null","null","null","null","null","null","null","null","null","null","null","null","null","null","null","null","null","null","null","null","null","null","null","null","null","null","null","null","null","null","null","null","null","null","null","null","null","null","null","null","null",
"0500000US20173","Sedgwick County, Kansas","128726","5169","12013","2257","4884","1218","1376","758","1113","627","1542","729","853","531","7129","2043","768","672","521","636","169","217","55","89","23","41","6361","2037","1145","864","2138","1179","2355","1194","723","540","116713","4991","92018","4763","6612","1351","16477","2014","26853","2867","42076","3226","24695","2271","7665","1372","1502","812","2551","1054","2372","603","1240","448","17030","1922","994","458","4440","1264","7711","1522","3885","833",
"0500000US20177","Shawnee County, Kansas","47134","2460","3953","1249","1299","756","0","189","767","633","532","331","0","189","2654","937","623","447","136","230","0","189","307","309","180","278","2031","842","405","435","607","599","589","376","430","571","43181","2613","32362","2470","1456","737","7813","1431","10818","1828","12275","1604","10819","1628","3317","860","592","426","1453","723","732","400","540","460","7502","1543","271","222","3036","1123","2226","1079","1969","808",
"0500000US20209","Wyandotte County, Kansas","40563","2221","3766","1149","855","490","103","105","451","416","301","229","0","189","2911","1143","270","223","84","108","186","175","0","189","0","189","2641","1063","913","633","1057","653","625","522","46","80","36797","2373","23161","2244","4304","1253","5429","1127","6777","1350","6651","1205","13636","1784","5473","1280","1050","694","2161","955","1997","994","265","236","8163","1486","1431","687","2188","777","3451","1115","1093","507",
"0500000US21015","Boone County, Kentucky","38639","2082","2011","751","795","623","168","281","527","514","0","208","100","86","1216","591","119","176","0","208","0","208","119","176","0","208","1097","563","81","127","201","238","750","511","65","145","36628","2054","28232","2192","575","365","4069","975","9549","1560","14039","1779","8396","1526","2842","888","400","335","322","416","1507","585","613","365","5554","1322","814","572","1650","660","1725","886","1365","597",
"0500000US21029","Bullitt County, Kentucky","24983","1461","1600","785","610","388","0","208","534","384","8","13","68","106","990","635","304","371","0","208","304","371","0","208","0","208","686","505","52","86","323","337","311","303","0","208","23383","1594","17894","1584","1304","616","4682","908","7185","1480","4723","1043","5489","1190","1866","783","30","50","796","642","770","483","270","235","3623","977","486","363","1171","579","1211","502","755","526",
"0500000US21037","Campbell County, Kentucky","22812","1515","1619","753","817","486","0","208","281","316","0","208","536","393","802","487","46","85","0","208","0","208","46","85","0","208","756","475","13","25","558","470","153","157","32","55","21193","1513","17328","1489","658","397","3642","844","4413","1062","8615","1232","3865","979","2136","724","194","201","702","480","709","498","531","393","1729","528","99","97","476","279","475","320","679","332",
"0500000US21047","Christian County, Kentucky","null","null","null","null","null","null","null","null","null","null","null","null","null","null","null","null","null","null","null","null","null","null","null","null","null","null","null","null","null","null","null","null","null","null","null","null","null","null","null","null","null","null","null","null","null","null","null","null","null","null","null","null","null","null","null","null","null","null","null","null","null","null","null","null","null","null","null","null","null","null",
"0500000US21059","Daviess County, Kentucky","null","null","null","null","null","null","null","null","null","null","null","null","null","null","null","null","null","null","null","null","null","null","null","null","null","null","null","null","null","null","null","null","null","null","null","null","null","null","null","null","null","null","null","null","null","null","null","null","null","null","null","null","null","null","null","null","null","null","null","null","null","null","null","null","null","null","null","null","null","null",
"0500000US21067","Fayette County, Kentucky","76997","3674","5832","1602","2294","1214","328","306","481","481","442","375","1043","686","3538","1194","912","871","0","208","0","208","834","852","78","152","2626","927","195","212","1009","588","655","508","767","610","71165","3610","53132","3051","2311","971","4830","1345","11629","1790","34362","3026","18033","2398","5692","1547","344","333","1401","717","1401","694","2546","1071","12341","1930","1507","719","2651","968","4199","1447","3984","1245",
"0500000US21093","Hardin County, Kentucky","30310","2098","3748","1348","2053","908","258","371","855","557","665","621","275","265","1695","979","44","77","0","208","44","77","0","208","0","208","1651","975","328","360","560","611","706","623","57","106","26562","2402","20391","1932","651","356","4907","1207","8171","1343","6662","1459","6171","1676","1565","735","11","21","200","219","734","509","620","543","4606","1551","332","346","1193","577","1082","539","1999","1300",
"0500000US21111","Jefferson County, Kentucky","186519","4680","18902","3172","5105","1229","1206","544","1083","629","1499","872","1317","588","13797","2891","2228","982","140","232","1046","851","875","578","167","204","11569","2506","1788","753","5613","1895","2833","1412","1335","814","167617","5098","114936","4633","5939","1690","18558","2288","34168","3150","56271","3560","52681","3935","17791","2652","1294","580","6160","1504","5619","1513","4718","1315","34890","3258","2974","1176","7853","1700","13490","2089","10573","1713",
"0500000US21117","Kenton County, Kentucky","40886","2413","2489","834","910","582","84","98","271","257","66","131","489","491","1579","675","101","127","41","67","60","102","0","208","0","208","1478","669","321","341","266","304","816","434","75","130","38397","2404","30362","2482","1327","773","6270","1249","8504","1512","14261","1875","8035","1642","2649","953","427","445","1209","642","687","457","326","243","5386","1338","784","656","2281","935","1518","693","803","463",
"0500000US21145","McCracken County, Kentucky","null","null","null","null","null","null","null","null","null","null","null","null","null","null","null","null","null","null","null","null","null","null","null","null","null","null","null","null","null","null","null","null","null","null","null","null","null","null","null","null","null","null","null","null","null","null","null","null","null","null","null","null","null","null","null","null","null","null","null","null","null","null","null","null","null","null","null","null","null","null",
"0500000US21151","Madison County, Kentucky","24476","1669","3331","984","1298","787","40","67","712","489","428","517","118","129","2033","742","552","556","170","203","382","439","0","208","0","208","1481","526","207","208","691","504","445","317","138","138","21145","1860","17205","1938","826","392","3807","800","5293","1073","7279","1341","3940","898","1418","528","275","246","559","409","276","203","308","209","2522","714","47","77","921","454","690","402","864","503",
"0500000US21185","Oldham County, Kentucky","null","null","null","null","null","null","null","null","null","null","null","null","null","null","null","null","null","null","null","null","null","null","null","null","null","null","null","null","null","null","null","null","null","null","null","null","null","null","null","null","null","null","null","null","null","null","null","null","null","null","null","null","null","null","null","null","null","null","null","null","null","null","null","null","null","null","null","null","null","null",
"0500000US21199","Pulaski County, Kentucky","18201","1382","2898","849","1789","684","601","486","718","456","435","327","35","62","1109","529","274","370","240","366","34","57","0","208","0","208","835","365","77","108","549","285","161","190","48","84","15303","1507","12288","1586","478","287","4417","1138","3827","1024","3566","892","3015","828","946","597","0","208","467","443","374","313","105","190","2069","655","170","174","535","302","496","316","868","554",
"0500000US21227","Warren County, Kentucky","37423","2119","4583","1448","1474","650","194","197","983","563","88","145","209","232","3109","1371","425","415","135","215","290","280","0","208","0","208","2684","1314","349","366","920","799","1331","858","84","140","32840","2167","24464","1885","2227","1061","5103","1448","6734","1601","10400","2122","8376","1867","3869","1372","1317","1093","1111","930","1052","682","389","359","4507","1343","526","387","901","506","2232","1069","848","647",
"0500000US22005","Ascension Parish, Louisiana","35967","2065","2238","983","617","450","0","224","478","418","139","155","0","224","1621","924","629","525","241","340","388","506","0","224","0","224","992","819","39","72","61","102","575","702","317","447","33729","2103","26383","2097","888","411","7879","1643","6052","1493","11564","1622","7346","1737","2490","954","461","408","588","436","777","480","664","477","4856","1515","0","224","1444","780","1935","1100","1477","936",
"0500000US22015","Bossier Parish, Louisiana","32211","2558","4649","1388","1033","527","0","224","322","363","546","356","165","175","3616","1340","522","317","0","224","204","193","318","272","0","224","3094","1326","413","483","829","699","1595","1240","257","421","27562","2495","21131","2089","637","449","3455","925","8385","1359","8654","1363","6431","1550","1983","792","246","310","841","579","707","418","189","218","4448","1337","765","558","781","498","2096","1150","806","544",
"0500000US22017","Caddo Parish, Louisiana","57463","3123","9538","1902","1710","756","0","224","611","392","606","419","493","438","7828","1835","761","513","164","166","303","382","202","206","92","150","7067","1740","2063","1058","3324","1290","1435","889","245","237","47925","2978","29556","2773","926","379","5130","1271","11824","2167","11676","1714","18369","2428","3160","1111","243","286","1074","699","742","506","1101","729","15209","2214","598","314","3318","918","6443","1816","4850","1370",
"0500000US22019","Calcasieu Parish, Louisiana","53660","3186","5762","1623","1738","741","289","339","587","401","285","306","577","487","4024","1452","198","307","198","307","0","224","0","224","0","224","3826","1464","1011","901","1562","1111","999","694","254","333","47898","3084","36026","2667","1753","743","11473","2071","11721","2130","11079","1964","11872","2596","4834","1443","1103","1039","1656","652","1509","747","566","333","7038","2044","435","323","2949","1565","2555","1188","1099","581",
"0500000US22033","East Baton Rouge Parish, Louisiana","103780","4891","16661","3419","3499","1473","1079","875","357","276","998","903","1065","712","13162","3049","2260","1083","237","237","990","812","885","703","148","250","10902","2799","1106","871","3716","1444","4984","2009","1096","753","87119","4888","62219","3991","2887","1015","10862","1976","15704","2205","32766","2923","24900","3447","6703","2087","1399","782","1889","1096","1998","1193","1417","694","18197","2956","229","230","6269","2046","6268","1861","5431","1522",
"0500000US22045","Iberia Parish, Louisiana","16745","1565","3105","1003","914","423","177","165","197","162","234","225","306","321","2191","843","37","66","0","224","37","66","0","224","0","224","2154","826","331","286","981","522","660","475","182","274","13640","1451","9664","1400","992","514","4226","963","1996","661","2450","839","3976","946","1248","555","62","108","819","338","219","351","148","181","2728","745","241","186","1276","539","968","474","243","202",
"0500000US22051","Jefferson Parish, Louisiana","102546","4605","12752","2623","4060","1596","1301","927","1333","990","779","484","647","407","8692","1977","1548","962","293","275","601","503","550","538","104","188","7144","1866","1222","705","2212","1216","2923","1293","787","604","89794","4604","64384","3867","4982","1419","15470","2542","18689","2588","25243","2504","25410","2956","8280","1758","2249","975","2818","965","1809","1035","1404","660","17130","2244","1048","640","5049","1590","5469","1666","5564","1447",
"0500000US22055","Lafayette Parish, Louisiana","63964","3406","8160","2145","2274","1019","351","509","591","476","767","607","565","434","5886","1904","725","679","0","224","322","506","0","224","403","495","5161","1750","1345","895","1803","852","1561","1092","452","360","55804","2886","45062","2563","1770","843","8950","2186","13301","2220","21041","2060","10742","1694","2983","906","164","173","1292","666","463","330","1064","631","7759","1225","482","459","2176","842","2914","1094","2187","853",
"0500000US22057","Lafourche Parish, Louisiana","28118","1924","3054","988","1748","685","335","274","1043","696","135","135","235","229","1306","716","276","333","177","308","0","224","29","49","70","122","1030","588","474","539","238","254","318","236","0","224","25064","2117","18475","1873","1720","611","6208","1317","5428","1209","5119","1028","6589","1347","2709","1223","148","178","1360","669","504","416","697","875","3880","1041","465","356","1421","617","1223","779","771","563",
"0500000US22063","Livingston Parish, Louisiana","38990","2248","3679","1270","1966","936","44","78","1259","637","575","655","88","143","1713","737","423","341","420","341","0","224","3","6","0","224","1290","691","0","224","414","427","636","453","240","247","35311","2210","25575","2165","1421","749","7893","1458","7814","1653","8447","1743","9736","1991","3653","1238","421","354","1363","788","1596","765","273","234","6083","1642","598","525","2251","988","2502","1198","732","353",
"0500000US22071","Orleans Parish, Louisiana","76015","3795","11156","2460","2026","839","351","403","1022","725","318","274","335","258","9130","2285","1885","975","277","321","638","555","898","730","72","83","7245","1957","1730","750","3011","1272","1788","922","716","475","64859","3352","42572","2625","1985","858","4130","1079","9492","1411","26965","2130","22287","2619","5282","1358","552","428","923","471","1791","810","2016","722","17005","2307","1118","547","4068","1377","6810","1955","5009","1019",
"0500000US22073","Ouachita Parish, Louisiana","40803","2427","5620","1526","1090","641","100","145","354","366","399","408","237","292","4530","1539","195","182","0","224","65","83","130","159","0","224","4335","1513","1267","817","1149","625","1279","864","640","572","35183","2622","25391","2673","1364","746","5636","1584","7035","1752","11356","2048","9792","2013","3182","1275","834","768","1418","924","482","409","448","455","6610","1830","413","440","2822","1231","2767","1081","608","354",
"0500000US22079","Rapides Parish, Louisiana","32916","2096","4021","1287","847","541","35","64","573","377","239","271","0","224","3174","1141","964","657","209","251","755","587","0","224","0","224","2210","900","616","501","883","483","711","560","0","224","28895","2253","20760","1867","772","379","5888","1351","6015","1424","8085","1373","8135","1674","3116","1046","348","368","1515","831","841","615","412","376","5019","1328","303","243","1453","741","1679","808","1584","718",
"0500000US22097","St. Landry Parish, Louisiana","19388","1943","3428","1048","923","541","193","253","502","389","136","221","92","151","2505","875","256","265","66","116","0","224","116","193","74","129","2249","873","773","527","602","394","874","618","0","224","15960","1841","11298","1497","1220","574","4146","937","3101","1030","2831","927","4662","1131","2092","855","471","373","1028","644","578","525","15","26","2570","864","600","410","858","526","870","590","242","228",
"0500000US22103","St. Tammany Parish, Louisiana","73445","2830","4945","1465","2006","826","644","554","191","185","523","363","648","512","2939","1199","632","457","272","272","212","338","52","90","96","155","2307","1056","165","185","699","559","1357","851","86","142","68500","2680","51347","2895","1577","545","8945","1684","12122","1844","28703","2845","17153","2067","5204","1368","327","280","1690","769","2042","1071","1145","691","11949","1774","585","417","1655","806","4203","1317","5506","1483",
"0500000US22105","Tangipahoa Parish, Louisiana","36300","2397","6322","1890","994","427","277","292","400","252","150","173","167","217","5328","1781","1351","853","914","701","286","455","151","185","0","224","3977","1568","916","922","1444","841","1548","902","69","111","29978","2523","20634","2521","2289","944","6044","1583","7027","1942","5274","1259","9344","1680","2750","1061","249","293","852","540","1155","844","494","524","6594","1436","609","376","2093","917","1998","940","1894","774",
"0500000US22109","Terrebonne Parish, Louisiana","29637","1847","4021","969","1464","777","317","276","592","564","369","549","186","265","2557","941","538","441","48","62","424","421","66","120","0","224","2019","895","227","141","648","571","831","862","313","249","25616","1883","17921","1559","1847","643","6716","1370","4614","1054","4744","1106","7695","1718","2820","954","592","506","930","531","877","543","421","497","4875","1219","429","309","2185","777","1540","744","721","480",
"0500000US23001","Androscoggin County, Maine","null","null","null","null","null","null","null","null","null","null","null","null","null","null","null","null","null","null","null","null","null","null","null","null","null","null","null","null","null","null","null","null","null","null","null","null","null","null","null","null","null","null","null","null","null","null","null","null","null","null","null","null","null","null","null","null","null","null","null","null","null","null","null","null","null","null","null","null","null","null",
"0500000US23003","Aroostook County, Maine","18670","1075","1704","555","1026","436","164","203","511","319","265","177","86","87","678","334","75","59","0","179","9","17","51","49","15","25","603","325","0","179","229","168","321","259","53","75","16966","1072","13766","1149","882","397","3539","545","4513","913","4832","682","3200","765","862","392","45","36","269","162","251","207","297","259","2338","661","188","207","455","293","763","333","932","462",
"0500000US23005","Cumberland County, Maine","76937","3457","4128","1187","1783","662","548","453","345","217","183","187","707","372","2345","928","459","390","286","336","0","179","173","207","0","179","1886","891","162","264","409","307","1059","688","256","218","72809","3272","59850","3610","1013","639","7897","1570","12745","1724","38195","2834","12959","2197","4793","1212","105","135","1403","856","1610","684","1675","605","8166","1765","243","337","1600","836","2280","1075","4043","1017",
"0500000US23011","Kennebec County, Maine","null","null","null","null","null","null","null","null","null","null","null","null","null","null","null","null","null","null","null","null","null","null","null","null","null","null","null","null","null","null","null","null","null","null","null","null","null","null","null","null","null","null","null","null","null","null","null","null","null","null","null","null","null","null","null","null","null","null","null","null","null","null","null","null","null","null","null","null","null","null",
"0500000US23019","Penobscot County, Maine","38650","2469","3698","1189","1195","466","15","18","454","392","402","182","324","250","2503","1039","223","241","17","29","119","154","87","117","0","179","2280","1028","122","138","1064","848","739","555","355","383","34952","2363","29133","2188","489","215","7233","1226","9277","1485","12134","1397","5819","1138","2024","668","243","196","585","321","761","426","435","315","3795","1005","76","90","739","379","1400","581","1580","714",
"0500000US23031","York County, Maine","63042","3144","2340","763","849","349","166","171","198","168","407","252","78","140","1491","667","565","444","0","179","277","304","203","315","85","146","926","509","0","179","326","301","240","249","360","289","60702","3140","50588","2943","1484","691","9120","1207","15205","2045","24779","2264","10114","1825","3782","1074","434","398","1210","576","1212","636","926","480","6332","1594","275","233","1442","689","2273","981","2342","968",
"0500000US24001","Allegany County, Maryland","16963","1436","1985","670","795","397","128","118","514","377","122","116","31","54","1190","589","402","351","0","228","342","330","60","102","0","228","788","449","82","131","259","217","447","339","0","228","14978","1434","10067","1166","127","143","3063","744","3792","887","3085","571","4911","1108","1618","615","117","131","479","390","701","403","321","280","3293","932","75","126","686","375","1754","785","778","434",
"0500000US24003","Anne Arundel County, Maryland","151586","4379","6592","1490","3316","1088","680","541","499","303","1435","918","702","389","3276","1047","388","333","171","263","134","151","83","72","0","228","2888","1050","711","667","730","440","659","521","788","578","144994","4490","112072","4001","3239","1068","16145","2363","26684","2636","66004","3501","32922","3423","9075","1589","622","480","3123","1088","2926","1037","2404","844","23847","3087","1527","849","6175","1431","7785","2173","8360","1699",
"0500000US24005","Baltimore County, Maryland","208709","5259","12096","2490","5790","1294","1179","630","1557","598","773","461","2281","943","6306","1829","1418","1014","260","315","85","142","662","890","411","439","4888","1572","332","323","2309","935","1261","990","986","804","196613","4761","140424","4607","7630","1955","21904","2702","29988","2877","80902","4932","56189","4610","16453","3019","1046","540","5034","1727","6322","2188","4051","1216","39736","3495","2564","980","11393","2476","12393","2347","13386","2180",
"0500000US24009","Calvert County, Maryland","null","null","null","null","null","null","null","null","null","null","null","null","null","null","null","null","null","null","null","null","null","null","null","null","null","null","null","null","null","null","null","null","null","null","null","null","null","null","null","null","null","null","null","null","null","null","null","null","null","null","null","null","null","null","null","null","null","null","null","null","null","null","null","null","null","null","null","null","null","null",
"0500000US24013","Carroll County, Maryland","49540","2011","3056","1159","368","271","0","228","208","210","121","143","39","66","2688","1052","742","768","420","654","100","171","0","228","222","349","1946","838","117","148","803","595","753","545","273","410","46484","2172","39187","2418","697","372","8179","1524","10121","1533","20190","1935","7297","1457","2027","847","45","76","1204","716","311","236","467","327","5270","1266","383","477","1686","737","1654","824","1547","541",
"0500000US24015","Cecil County, Maryland","null","null","null","null","null","null","null","null","null","null","null","null","null","null","null","null","null","null","null","null","null","null","null","null","null","null","null","null","null","null","null","null","null","null","null","null","null","null","null","null","null","null","null","null","null","null","null","null","null","null","null","null","null","null","null","null","null","null","null","null","null","null","null","null","null","null","null","null","null","null",
"0500000US24017","Charles County, Maryland","null","null","null","null","null","null","null","null","null","null","null","null","null","null","null","null","null","null","null","null","null","null","null","null","null","null","null","null","null","null","null","null","null","null","null","null","null","null","null","null","null","null","null","null","null","null","null","null","null","null","null","null","null","null","null","null","null","null","null","null","null","null","null","null","null","null","null","null","null","null",
"0500000US24021","Frederick County, Maryland","76330","2402","2269","828","813","370","164","200","421","274","78","101","150","146","1456","749","430","438","0","228","79","121","0","228","351","408","1026","545","125","155","293","208","290","258","318","307","74061","2327","58649","2471","2640","905","7128","1225","15236","2062","33645","2148","15412","1776","4834","1040","744","448","805","462","1650","840","1635","624","10578","1493","903","702","2330","793","2799","892","4546","1064",
"0500000US24025","Harford County, Maryland","72105","2804","4465","1597","1474","771","201","291","206","179","874","625","193","206","2991","1360","1716","1157","0","228","808","770","908","932","0","228","1275","658","98","119","605","472","187","181","385","469","67640","2867","54243","2991","666","385","8056","1348","17909","2598","27612","2262","13397","2267","4155","1349","118","145","1687","761","1496","943","854","550","9242","1850","344","343","2830","1171","2586","982","3482","1296",
"0500000US24027","Howard County, Maryland","87409","3204","3169","1093","1520","817","605","515","356","488","349","368","210","207","1649","761","323","407","238","384","0","228","0","228","85","140","1326","643","133","189","629","578","259","214","305","219","84240","3238","70050","3508","1796","829","5308","1519","9182","1721","53764","2919","14190","2631","3648","1187","674","548","816","602","566","315","1592","870","10542","2209","87","106","2004","1103","2917","1161","5534","1613",
"0500000US24031","Montgomery County, Maryland","263903","5349","12287","2239","4522","1147","821","600","921","492","635","402","2145","894","7765","1992","757","481","197","223","403","396","49","86","108","125","7008","1981","2231","1155","1498","777","1740","1068","1539","756","251616","4955","200581","4742","7033","1434","15567","2215","26924","2930","151057","4541","51035","3716","16097","2600","2090","1042","3738","1577","3642","1192","6627","1391","34938","3133","3455","1384","5664","1567","7884","1928","17935","2198",
"0500000US24033","Prince George's County, Maryland","222548","5009","14722","2263","4285","1380","772","436","1110","767","1191","761","1212","578","10437","2015","2187","965","523","604","274","307","1390","907","0","228","8250","1859","2441","1197","2539","1094","2362","1134","908","567","207826","5535","124866","5638","11827","2559","23436","2459","30350","3683","59253","4380","82960","4575","23714","3033","6268","1317","5968","1720","4707","1536","6771","1746","59246","4251","4207","1305","13865","2178","17750","2736","23424","3148",
"0500000US24037","St. Mary's County, Maryland","32088","2093","2463","1059","1115","689","51","90","366","305","184","233","514","585","1348","817","201","225","136","210","65","105","0","228","0","228","1147","719","46","77","183","173","918","724","0","228","29625","2035","23470","1978","336","261","4533","998","7837","1460","10764","1658","6155","1449","1198","651","95","166","411","346","285","331","407","308","4957","1217","657","399","1264","718","2006","827","1030","673",
"0500000US24043","Washington County, Maryland","37617","2144","3250","1049","1216","577","125","205","267","250","355","270","469","434","2034","882","102","145","0","228","67","105","35","63","0","228","1932","861","75","130","951","720","592","561","314","362","34367","2165","23818","2269","1541","667","6835","1306","6977","1380","8465","1255","10549","1636","2390","769","44","72","697","395","902","595","747","481","8159","1671","581","465","2146","732","3448","1216","1984","810",
"0500000US24045","Wicomico County, Maryland","null","null","null","null","null","null","null","null","null","null","null","null","null","null","null","null","null","null","null","null","null","null","null","null","null","null","null","null","null","null","null","null","null","null","null","null","null","null","null","null","null","null","null","null","null","null","null","null","null","null","null","null","null","null","null","null","null","null","null","null","null","null","null","null","null","null","null","null","null","null",
"0500000US24510","Baltimore city, Maryland","124969","6367","16098","2469","3080","941","797","494","496","430","1040","563","747","598","13018","2460","2515","1359","678","590","1022","896","750","856","65","109","10503","2085","2597","1074","4299","1221","3040","1178","567","543","108871","5779","58054","4340","3329","1181","10576","2440","11786","2173","32363","2735","50817","4504","14128","2667","2479","1057","5186","1892","3423","1455","3040","1250","36689","3703","4014","1198","12791","2392","11942","2770","7942","1788",
"0500000US25001","Barnstable County, Massachusetts","67245","3220","3031","1130","666","379","139","168","0","228","194","216","333","236","2365","1100","239","278","0","228","178","253","61","102","0","228","2126","1068","43","69","663","521","1259","1031","161","193","64214","3275","50325","2906","967","514","5213","1267","12354","2123","31791","2759","13889","2226","5104","1429","50","82","1911","921","2280","1122","863","523","8785","1710","543","660","1594","743","3356","1156","3292","983",
"0500000US25003","Berkshire County, Massachusetts","32374","2388","1971","706","708","577","37","65","31","32","523","532","117","119","1263","622","141","186","0","228","141","186","0","228","0","228","1122","623","7","14","427","402","601","465","87","156","30403","2431","22864","1979","1137","779","4034","918","5861","1226","11832","1611","7539","2028","2584","972","365","328","1274","843","408","240","537","295","4955","1576","53","70","816","539","1556","731","2530","1241",
"0500000US25005","Bristol County, Massachusetts","152685","4555","9977","2016","4651","1422","1698","806","1278","717","932","492","743","520","5326","1588","1309","768","0","228","89","150","768","565","452","539","4017","1436","441","415","2219","1103","1013","593","344","270","142708","4869","98456","4470","6012","1354","24323","2772","23343","2307","44778","3463","44252","4215","12580","2007","1796","832","4791","1450","3466","1184","2527","1063","31672","3680","2652","1063","9505","2105","12803","2183","6712","1703",
"0500000US25009","Essex County, Massachusetts","207062","5006","13149","2235","5229","1449","1161","715","1467","859","521","401","2080","906","7920","1700","794","630","0","228","236","305","508","522","50","83","7126","1701","1304","806","2734","1117","2385","1103","703","477","193913","5259","143972","4754","9514","1908","22968","3217","29624","2693","81866","3781","49941","3421","14197","2219","2522","1023","3967","1322","3414","1087","4294","1063","35744","3080","4172","1194","7150","1523","11962","2127","12460","2147",
"0500000US25011","Franklin County, Massachusetts","null","null","null","null","null","null","null","null","null","null","null","null","null","null","null","null","null","null","null","null","null","null","null","null","null","null","null","null","null","null","null","null","null","null","null","null","null","null","null","null","null","null","null","null","null","null","null","null","null","null","null","null","null","null","null","null","null","null","null","null","null","null","null","null","null","null","null","null","null","null",
"0500000US25013","Hampden County, Massachusetts","111558","4145","14183","2385","3830","1368","1041","613","766","397","1285","933","738","608","10353","1978","575","457","270","256","305","370","0","228","0","228","9778","1885","2857","1167","3304","1311","3062","1104","555","368","97375","3752","63870","3223","3036","939","14702","2314","18248","2196","27884","2009","33505","3235","11030","2248","1353","840","3657","1365","3951","1297","2069","995","22475","2700","1924","1030","6516","1388","7951","1502","6084","1623",
"0500000US25015","Hampshire County, Massachusetts","36096","2080","3416","1091","670","442","0","228","160","161","255","327","255","221","2746","1056","680","567","260","352","348","435","72","129","0","228","2066","957","168","204","307","311","1081","713","510","495","32680","2024","27191","1981","428","383","3510","865","5741","1118","17512","1653","5489","1291","1464","512","104","130","393","237","511","287","456","288","4025","1210","403","430","314","246","1087","741","2221","913",
"0500000US25017","Middlesex County, Massachusetts","410285","6173","20402","2760","8410","1725","1748","844","1691","896","2226","834","2745","1001","11992","2360","1322","835","489","578","349","309","90","147","394","587","10670","2260","1435","609","3075","1088","3683","1424","2477","1076","389883","6334","315873","7037","11073","2435","36980","3355","40362","3475","227458","6135","74010","4656","28569","3418","4679","1506","7415","1831","4899","1321","11576","2144","45441","3585","3267","1034","10180","1627","11501","2257","20493","2186",
"0500000US25021","Norfolk County, Massachusetts","192026","4545","7796","1930","3442","1198","451","373","1122","807","1091","678","778","382","4354","1395","884","586","58","94","0","228","576","549","250","199","3470","1235","499","480","807","648","675","407","1489","972","184230","4868","148403","4708","3565","1249","15742","2374","21593","2588","107503","4028","35827","3366","10560","1809","981","599","2634","1154","1482","690","5463","1470","25267","2869","1640","921","3416","1276","6403","1721","13808","2104",
"0500000US25023","Plymouth County, Massachusetts","141397","4057","5985","1516","1857","706","452","373","494","341","150","154","761","375","4128","1288","563","469","0","228","330","392","77","126","156","195","3565","1151","530","334","1368","636","1154","595","513","490","135412","4248","102651","4382","4183","1412","19243","2972","22310","2562","56915","3341","32761","3488","11761","2229","1781","889","4112","1419","2496","871","3372","1242","21000","2664","1823","800","4875","1307","7102","1706","7200","1691",
"0500000US25025","Suffolk County, Massachusetts","158829","6055","16489","2532","4951","1271","1422","733","1180","576","1381","716","968","496","11538","2068","1382","928","347","337","402","422","484","747","149","149","10156","1879","3185","1196","3475","1176","2513","1112","983","764","142340","6421","89685","4816","8425","1699","12089","2070","13882","2329","55289","4294","52655","4018","14499","2419","1418","780","6426","1786","3559","1548","3096","826","38156","2923","6078","1724","11604","2178","9954","1906","10520","2171",
"0500000US25027","Worcester County, Massachusetts","225173","5162","12924","2088","4457","1141","1336","760","886","403","1151","675","1084","575","8467","1930","1544","914","115","144","918","755","450","521","61","105","6923","1668","1462","857","3142","1169","1675","935","644","480","212249","5056","159018","4755","8206","1531","29995","3019","38271","3048","82546","4195","53231","4078","20718","2916","3078","1194","6583","1755","5459","1839","5598","1456","32513","3307","1895","894","9876","1797","9496","1954","11246","1825",
"0500000US26005","Allegan County, Michigan","33506","1518","1532","487","680","269","99","86","211","155","254","170","116","128","852","402","79","92","0","187","39","67","40","65","0","187","773","421","12","20","472","324","289","295","0","187","31974","1623","26520","1697","557","352","7624","1380","7995","1124","10344","1197","5454","1146","1796","617","253","241","1176","494","236","164","131","206","3658","821","610","520","1540","696","961","393","547","311",
"0500000US26017","Bay County, Michigan","29032","1678","2380","868","645","377","0","187","256","218","177","150","212","270","1735","775","438","348","38","66","318","323","82","101","0","187","1297","737","194","173","232","200","871","660","0","187","26652","1775","20885","1796","512","323","4943","1213","8502","1450","6928","1335","5767","1213","2214","791","214","190","965","533","773","388","262","330","3553","970","439","410","1307","681","1410","640","397","264",
"0500000US26021","Berrien County, Michigan","39465","1851","3424","1132","1457","579","214","208","318","220","496","300","429","287","1967","878","537","444","0","187","206","245","331","365","0","187","1430","783","196","198","958","644","215","224","61","84","36041","2084","28529","1969","1207","471","5311","852","10220","1432","11791","1336","7512","1312","2238","718","143","238","788","443","926","429","381","242","5274","1131","527","259","1459","642","2174","891","1114","494",
"0500000US26025","Calhoun County, Michigan","31958","1973","3354","1032","1103","537","543","482","310","195","192","164","58","77","2251","821","291","275","33","59","201","260","57","74","0","187","1960","780","492","434","984","619","443","300","41","70","28604","1885","21690","1877","1175","613","6349","1232","6969","1179","7197","905","6914","1141","2390","586","68","64","1266","564","874","385","182","186","4524","1020","290","414","1626","767","1975","718","633","306",
"0500000US26037","Clinton County, Michigan","22364","1104","1227","468","519","292","0","187","220","208","95","79","204","139","708","382","284","234","0","187","239","218","45","79","0","187","424","294","0","187","229","200","195","196","0","187","21137","1131","16321","1130","256","204","2420","588","5157","890","8488","1116","4816","931","1900","651","137","163","701","472","514","362","548","259","2916","768","205","295","620","398","968","527","1123","543",
"0500000US26045","Eaton County, Michigan","null","null","null","null","null","null","null","null","null","null","null","null","null","null","null","null","null","null","null","null","null","null","null","null","null","null","null","null","null","null","null","null","null","null","null","null","null","null","null","null","null","null","null","null","null","null","null","null","null","null","null","null","null","null","null","null","null","null","null","null","null","null","null","null","null","null","null","null","null","null",
"0500000US26049","Genesee County, Michigan","103509","3859","15156","2113","4088","1259","485","350","1773","888","1125","550","705","430","11068","1971","2788","1048","263","241","1337","866","1009","532","179","223","8280","1895","670","453","3393","1337","4017","1354","200","210","88353","3657","62819","3666","1891","728","16424","2336","23315","2656","21189","2326","25534","2768","8591","1739","454","267","3082","1049","3042","1006","2013","957","16943","2371","718","511","5099","1204","7930","1621","3196","1067",
"0500000US26055","Grand Traverse County, Michigan","null","null","null","null","null","null","null","null","null","null","null","null","null","null","null","null","null","null","null","null","null","null","null","null","null","null","null","null","null","null","null","null","null","null","null","null","null","null","null","null","null","null","null","null","null","null","null","null","null","null","null","null","null","null","null","null","null","null","null","null","null","null","null","null","null","null","null","null","null","null",
"0500000US26065","Ingham County, Michigan","60893","2870","5863","1591","1528","797","15","24","529","623","574","380","410","332","4335","1362","913","459","214","275","349","301","56","70","294","335","3422","1223","467","467","1601","915","1005","570","349","331","55030","2759","41067","2740","1975","740","5616","1267","11752","1692","21724","1865","13963","1970","4240","1214","518","568","1861","937","898","533","963","354","9723","1501","816","550","1913","888","3923","974","3071","838",
"0500000US26067","Ionia County, Michigan","null","null","null","null","null","null","null","null","null","null","null","null","null","null","null","null","null","null","null","null","null","null","null","null","null","null","null","null","null","null","null","null","null","null","null","null","null","null","null","null","null","null","null","null","null","null","null","null","null","null","null","null","null","null","null","null","null","null","null","null","null","null","null","null","null","null","null","null","null","null",
"0500000US26073","Isabella County, Michigan","11802","985","1388","508","523","244","148","129","65","57","146","144","164","129","865","430","275","267","69","87","169","223","37","44","0","187","590","347","111","121","103","103","166","213","210","246","10414","878","7938","870","105","103","1721","489","2661","557","3451","656","2476","569","571","246","90","124","200","166","158","139","123","115","1905","543","18","33","675","330","587","313","625","353",
"0500000US26075","Jackson County, Michigan","35233","1839","2543","810","882","430","123","119","415","396","289","215","55","76","1661","759","131","173","101","169","30","49","0","187","0","187","1530","700","37","63","504","361","883","504","106","131","32690","1878","25765","1867","1312","692","5608","1148","8714","1136","10131","1193","6925","1165","1883","659","161","147","658","381","740","480","324","273","5042","1040","394","330","1000","404","2061","834","1587","716",
"0500000US26077","Kalamazoo County, Michigan","61346","2671","4030","1191","1139","596","169","202","215","184","186","153","569","520","2891","983","860","615","201","219","586","472","21","37","52","83","2031","794","324","383","642","371","550","312","515","422","57316","2786","44244","3036","826","555","6936","1214","13229","1953","23253","2164","13072","2296","3944","1203","475","396","764","415","2039","928","666","363","9128","1863","402","397","1839","655","4390","1607","2497","938",
"0500000US26081","Kent County, Michigan","164143","3768","8399","1718","3214","1176","575","618","721","619","1056","666","862","446","5185","1315","1043","506","12","21","457","330","332","197","242","281","4142","1221","613","449","1688","731","1283","711","558","513","155744","3802","121523","4089","4424","1228","17735","1913","32791","2884","66573","3420","34221","3608","12030","2222","1840","903","3784","1304","3492","1189","2914","1053","22191","2783","2358","1092","6027","1504","6806","1667","7000","1480",
"0500000US26087","Lapeer County, Michigan","25522","1353","1484","712","305","191","14","22","106","105","138","146","47","56","1179","683","323","327","0","187","103","165","164","254","56","92","856","532","0","187","195","165","661","485","0","187","24038","1379","20945","1420","1475","654","5031","1122","7814","1281","6625","957","3093","993","1241","662","0","187","914","651","237","224","90","107","1852","682","209","201","389","232","779","472","475","401",
"0500000US26091","Lenawee County, Michigan","26839","1609","1726","653","517","271","108","143","210","148","118","76","81","133","1209","596","94","122","0","187","78","119","16","27","0","187","1115","598","30","50","530","404","499","424","56","89","25113","1512","18723","1505","626","335","5269","973","6964","988","5864","956","6390","1054","2610","977","614","590","786","449","717","515","493","437","3780","839","538","394","703","314","1448","499","1091","554",
"0500000US26093","Livingston County, Michigan","53503","2271","1967","603","991","395","183","177","266","186","191","173","351","294","976","501","169","137","59","100","75","68","0","187","35","59","807","466","361","344","359","329","87","111","0","187","51536","2279","43814","2389","1173","529","7103","1178","13810","1390","21728","1788","7722","1161","3339","938","0","187","1520","708","993","484","826","393","4383","986","0","187","1365","580","1554","687","1464","528",
"0500000US26099","Macomb County, Michigan","229349","5053","18325","2492","8255","1673","1384","682","2165","851","3441","1376","1265","549","10070","2168","1983","1086","801","689","502","518","680","611","0","187","8087","1617","687","398","2880","884","3660","1216","860","408","211024","5217","155565","5198","8171","1615","32068","2709","56917","3620","58409","3243","55459","4266","18173","2544","1715","695","5166","1361","7253","1581","4039","1090","37286","3366","3964","1323","8996","1908","15021","2442","9305","1908",
"0500000US26103","Marquette County, Michigan","null","null","null","null","null","null","null","null","null","null","null","null","null","null","null","null","null","null","null","null","null","null","null","null","null","null","null","null","null","null","null","null","null","null","null","null","null","null","null","null","null","null","null","null","null","null","null","null","null","null","null","null","null","null","null","null","null","null","null","null","null","null","null","null","null","null","null","null","null","null",
"0500000US26111","Midland County, Michigan","23452","1325","1599","636","753","375","0","187","139","158","323","252","291","299","846","486","14","24","0","187","0","187","14","24","0","187","832","486","35","31","455","463","342","207","0","187","21853","1262","18969","1255","308","209","3612","807","6361","1043","8688","1246","2884","787","1245","519","37","41","399","211","564","379","245","266","1639","598","92","101","282","199","225","161","1040","548",
"0500000US26115","Monroe County, Michigan","41383","2199","3048","838","1322","624","95","152","964","541","217","274","46","79","1726","688","135","178","0","187","135","178","0","187","0","187","1591","690","0","187","601","471","717","432","273","267","38335","2045","31008","1775","1299","507","9157","1327","11343","1464","9209","1367","7327","1466","3051","1114","201","198","910","633","1692","944","248","252","4276","1007","91","97","913","461","2149","884","1123","510",
"0500000US26117","Montcalm County, Michigan","16676","1325","1906","673","1053","426","264","206","388","249","358","268","43","53","853","488","87","116","87","116","0","187","0","187","0","187","766","461","22","28","276","247","412","391","56","106","14770","1394","12707","1400","700","367","3423","614","5460","1061","3124","736","2063","619","821","383","91","67","405","226","186","133","139","175","1242","457","306","241","389","242","464","316","83","85",
"0500000US26121","Muskegon County, Michigan","48001","2343","6962","1650","1639","813","14","24","289","222","1183","746","153","123","5323","1455","549","441","0","187","255","324","294","301","0","187","4774","1326","1315","827","1721","736","1738","971","0","187","41039","2139","30481","1926","1388","614","6418","1242","12994","1611","9681","1370","10558","1620","3217","952","219","264","1316","555","1291","562","391","297","7341","1298","502","433","2262","713","3331","954","1246","564",
"0500000US26125","Oakland County, Michigan","327377","6551","16399","2221","7193","1359","610","458","1114","525","3059","1101","2410","598","9206","1801","1710","881","272","418","955","703","483","410","0","187","7496","1644","787","525","2760","1021","2167","919","1782","895","310978","6578","257127","5994","5652","1360","29379","2867","54938","3979","167158","4875","53851","4342","18608","2283","1340","655","4971","1156","5654","1307","6643","1390","35243","3518","1990","788","6002","1337","12326","2125","14925","2103",
"0500000US26139","Ottawa County, Michigan","78833","2449","4368","1069","2082","600","265","238","427","306","625","316","765","370","2286","920","1040","682","73","117","628","550","339","404","0","187","1246","543","311","336","289","304","489","316","157","125","74465","2511","64144","3019","1754","831","11633","1611","17216","2127","33541","2443","10321","1851","2511","779","388","301","755","415","728","374","640","399","7810","1647","1041","620","1673","725","2946","1188","2150","696",
"0500000US26145","Saginaw County, Michigan","50167","2452","6770","1613","2266","785","481","362","808","449","889","486","88","104","4504","1403","1035","609","63","84","391","289","544","572","37","65","3469","1388","535","566","1831","969","1010","603","93","156","43397","2594","30793","2089","1294","525","6478","969","11792","1538","11229","1360","12604","1886","3889","1019","476","404","1585","646","1612","640","216","201","8715","1659","1011","464","2152","895","2861","912","2691","1053",
"0500000US26147","St. Clair County, Michigan","42344","2077","2918","885","1382","537","295","277","216","169","792","392","79","95","1536","655","149","111","29","49","0","187","38","63","82","101","1387","645","328","327","361","252","526","401","172","219","39426","1984","32834","2058","2053","769","7187","1141","14273","1643","9321","1261","6592","1284","2002","615","124","175","883","386","801","419","194","183","4590","1179","285","229","1082","456","2640","996","583","327",
"0500000US26155","Shiawassee County, Michigan","19020","1096","1769","707","579","342","8","14","112","114","437","316","22","39","1190","546","283","270","0","187","144","183","25","44","114","185","907","403","195","193","380","368","194","164","138","185","17251","1289","14154","1273","456","352","3826","716","5339","839","4533","949","3097","704","1266","466","59","70","522","277","506","322","179","165","1831","602","62","74","418","267","884","503","467","230",
"0500000US26159","Van Buren County, Michigan","19797","1465","1832","742","576","316","0","187","223","208","199","169","154","188","1256","610","124","129","0","187","0","187","124","129","0","187","1132","595","56","91","452","394","527","393","97","120","17965","1390","14682","1484","602","376","3068","760","6040","1137","4972","850","3283","704","961","385","74","124","418","257","408","232","61","88","2322","635","133","142","665","351","950","431","574","407",
"0500000US26161","Washtenaw County, Michigan","82918","2448","4955","1113","1617","600","72","87","357","239","514","320","674","409","3338","1050","760","493","42","70","201","338","354","331","163","190","2578","1036","671","646","955","589","448","358","504","408","77963","2413","63358","2443","699","334","5402","1054","13145","1731","44112","2401","14605","1979","3558","1034","270","342","946","580","1061","563","1281","509","11047","1917","1128","835","344","204","3561","1074","6014","1321",
"0500000US26163","Wayne County, Michigan","421034","7083","71303","4435","22706","2765","5971","1588","8044","1719","5475","1445","3216","1042","48597","4070","9262","2073","2764","1073","3926","1191","2040","1069","532","468","39335","3710","6246","1647","14381","2495","16251","2594","2457","1048","349731","7592","234119","5848","14133","2222","48279","3704","72862","4867","98845","4453","115612","6292","34803","3819","2506","984","11415","2274","15499","2223","5383","1062","80809","5268","7030","1340","22141","2680","32519","3777","19119","2493",
"0500000US27003","Anoka County, Minnesota","98564","2952","4964","1290","1551","616","0","157","630","501","677","350","244","219","3413","1194","799","704","222","357","0","157","577","618","0","157","2614","1045","684","436","750","537","471","317","709","662","93600","3151","73929","3121","2412","738","13149","1595","25424","2590","32944","2584","19671","2416","6942","1650","601","460","2277","908","2162","684","1902","802","12729","1918","814","455","2760","872","4959","1216","4196","1118",
"0500000US27013","Blue Earth County, Minnesota","null","null","null","null","null","null","null","null","null","null","null","null","null","null","null","null","null","null","null","null","null","null","null","null","null","null","null","null","null","null","null","null","null","null","null","null","null","null","null","null","null","null","null","null","null","null","null","null","null","null","null","null","null","null","null","null","null","null","null","null","null","null","null","null","null","null","null","null","null","null",
"0500000US27019","Carver County, Minnesota","null","null","null","null","null","null","null","null","null","null","null","null","null","null","null","null","null","null","null","null","null","null","null","null","null","null","null","null","null","null","null","null","null","null","null","null","null","null","null","null","null","null","null","null","null","null","null","null","null","null","null","null","null","null","null","null","null","null","null","null","null","null","null","null","null","null","null","null","null","null",
"0500000US27027","Clay County, Minnesota","null","null","null","null","null","null","null","null","null","null","null","null","null","null","null","null","null","null","null","null","null","null","null","null","null","null","null","null","null","null","null","null","null","null","null","null","null","null","null","null","null","null","null","null","null","null","null","null","null","null","null","null","null","null","null","null","null","null","null","null","null","null","null","null","null","null","null","null","null","null",
"0500000US27035","Crow Wing County, Minnesota","20125","1306","1513","663","435","301","12","22","147","130","185","246","91","92","1078","605","695","536","481","482","194","206","20","32","0","157","383","292","48","89","251","243","84","86","0","157","18612","1330","15442","1310","259","158","3492","784","6601","1050","5090","780","3170","817","795","326","19","32","427","297","171","112","178","143","2375","726","93","98","532","267","697","356","1053","593",
"0500000US27037","Dakota County, Minnesota","119419","3337","5915","1067","2794","1008","550","491","1038","582","797","523","409","286","3121","990","761","486","184","221","340","386","237","246","0","157","2360","929","333","340","1111","679","513","412","403","299","113504","3283","91047","3050","2585","816","11267","1694","25336","2224","51859","2828","22457","2529","6594","1452","254","192","1833","987","2295","874","2212","776","15863","1992","925","551","3501","983","5293","942","6144","1509",
"0500000US27053","Hennepin County, Minnesota","293232","6590","13742","2811","4863","1333","428","287","1389","740","1520","842","1526","579","8879","2580","1809","819","300","261","928","727","116","141","465","524","7070","2438","1599","1266","1751","753","2596","1202","1124","846","279490","6465","222168","5826","5152","1312","23584","3358","44014","3131","149418","5656","57322","4200","21990","2811","2079","859","4075","1457","6991","1505","8845","1859","35332","3231","2469","1052","5958","1346","11569","1994","15336","2053",
"0500000US27109","Olmsted County, Minnesota","null","null","null","null","null","null","null","null","null","null","null","null","null","null","null","null","null","null","null","null","null","null","null","null","null","null","null","null","null","null","null","null","null","null","null","null","null","null","null","null","null","null","null","null","null","null","null","null","null","null","null","null","null","null","null","null","null","null","null","null","null","null","null","null","null","null","null","null","null","null",
"0500000US27123","Ramsey County, Minnesota","124174","3664","10971","2028","3578","1259","1461","875","802","604","773","523","542","296","7393","1621","1506","755","329","342","644","555","396","337","137","143","5887","1473","1648","801","1715","721","2291","1023","233","292","113203","4087","78275","3659","2990","887","9006","1303","19471","2163","46808","2814","34928","3615","9130","1713","579","405","2456","1035","3123","1082","2972","746","25798","2869","1869","1086","4840","1598","9048","1758","10041","2092",
"0500000US27131","Rice County, Minnesota","null","null","null","null","null","null","null","null","null","null","null","null","null","null","null","null","null","null","null","null","null","null","null","null","null","null","null","null","null","null","null","null","null","null","null","null","null","null","null","null","null","null","null","null","null","null","null","null","null","null","null","null","null","null","null","null","null","null","null","null","null","null","null","null","null","null","null","null","null","null",
"0500000US27137","St. Louis County, Minnesota","49936","1740","3360","820","1398","564","270","341","378","230","378","222","372","272","1962","639","481","357","0","157","372","345","109","117","0","157","1481","482","9","15","815","374","461","294","196","215","46576","1741","37515","1714","548","298","6350","1019","14548","1217","16069","1347","9061","1178","3585","691","163","159","1009","427","1667","468","746","304","5476","900","132","119","1850","634","1885","552","1609","588",
"0500000US27139","Scott County, Minnesota","39162","1813","1413","632","844","484","0","157","346","435","157","151","341","206","569","389","47","79","0","157","47","79","0","157","0","157","522","376","0","157","251","301","188","184","83","142","37749","1755","31923","2001","1248","729","3020","728","8764","1550","18891","1497","5826","1546","2213","821","226","282","486","345","852","522","649","510","3613","1282","316","354","735","503","1178","746","1384","683",
"0500000US27141","Sherburne County, Minnesota","null","null","null","null","null","null","null","null","null","null","null","null","null","null","null","null","null","null","null","null","null","null","null","null","null","null","null","null","null","null","null","null","null","null","null","null","null","null","null","null","null","null","null","null","null","null","null","null","null","null","null","null","null","null","null","null","null","null","null","null","null","null","null","null","null","null","null","null","null","null",
"0500000US27145","Stearns County, Minnesota","38777","2045","3586","1370","1259","581","386","418","307","278","409","332","157","141","2327","1230","111","87","17","29","56","61","38","57","0","157","2216","1233","326","434","735","606","1118","1031","37","65","35191","2036","29216","1799","2930","1130","5621","762","9532","1307","11133","1481","5975","1444","2351","824","77","71","804","590","742","367","728","494","3624","1001","694","575","1249","622","1253","457","428","344",
"0500000US27163","Washington County, Minnesota","75447","2810","2026","615","945","371","0","157","152","172","264","228","529","231","1081","482","287","298","0","157","0","157","287","298","0","157","794","413","61","100","160","151","221","217","352","262","73421","2813","61321","3221","1439","706","7479","1271","17371","2311","35032","2468","12100","1868","3884","1133","49","83","1130","621","1104","568","1601","726","8216","1419","326","306","1901","1027","3060","1021","2929","882",
"0500000US27171","Wright County, Minnesota","41027","1862","2536","860","1182","559","319","441","248","160","332","185","283","414","1354","689","76","89","0","157","16","28","12","21","48","81","1278","682","0","157","347","313","789","605","142","164","38491","1749","32477","1922","1831","809","5767","1051","10960","1374","13919","1673","6014","1116","1973","596","190","253","642","379","546","336","595","334","4041","885","171","176","1017","456","1663","705","1190","698",
"0500000US28033","DeSoto County, Mississippi","54421","2800","4942","1827","904","602","240","285","123","127","89","144","452","494","4038","1705","0","226","0","226","0","226","0","226","0","226","4038","1705","478","448","2576","1628","775","610","209","201","49479","2663","37345","2696","1698","739","8490","1738","11441","1857","15716","2084","12134","2466","3085","1151","413","364","1450","932","907","540","315","329","9049","2201","388","368","1403","813","3300","1283","3958","1326",
"0500000US28035","Forrest County, Mississippi","null","null","null","null","null","null","null","null","null","null","null","null","null","null","null","null","null","null","null","null","null","null","null","null","null","null","null","null","null","null","null","null","null","null","null","null","null","null","null","null","null","null","null","null","null","null","null","null","null","null","null","null","null","null","null","null","null","null","null","null","null","null","null","null","null","null","null","null","null","null",
"0500000US28047","Harrison County, Mississippi","55181","2536","6639","1324","1231","608","0","226","380","367","503","291","348","342","5408","1336","347","332","117","209","112","187","118","202","0","226","5061","1261","1766","1031","1923","928","1085","592","287","290","48542","2645","34785","2262","2188","809","6844","1520","12238","1665","13515","1716","13757","2140","3306","940","267","308","721","337","931","460","1387","643","10451","1925","806","441","2087","890","3656","1147","3902","1360",
"0500000US28049","Hinds County, Mississippi","50520","3253","7357","1642","1584","879","352","551","176","206","601","549","455","418","5773","1520","279","200","39","73","196","179","44","74","0","226","5494","1508","1396","904","2419","1095","1585","888","94","111","43163","3286","24958","2803","1449","703","3822","1224","8197","1716","11490","1840","18205","2650","2959","1044","247","231","985","787","1431","663","296","361","15246","2637","1124","666","3042","1002","6904","1752","4176","1309",
"0500000US28059","Jackson County, Mississippi","42240","2133","4966","1320","1647","796","433","385","245","302","356","321","613","477","3319","1213","679","665","68","120","122","150","129","153","360","561","2640","1134","197","295","771","578","1451","905","221","243","37274","2388","26727","2296","1081","522","5954","1286","9124","1664","10568","1732","10547","1774","3054","1127","104","128","970","849","1775","721","205","183","7493","1618","625","481","1476","640","3862","1319","1530","782",
"0500000US28067","Jones County, Mississippi","18816","1384","2955","933","912","554","458","423","409","340","45","83","0","226","2043","912","626","378","0","226","176","220","450","336","0","226","1417","763","217","343","587","404","613","599","0","226","15861","1480","11032","1390","593","406","2046","722","5252","991","3141","804","4829","1138","692","402","0","226","346","286","148","191","198","214","4137","1039","114","112","1477","789","2051","818","495","301",
"0500000US28073","Lamar County, Mississippi","null","null","null","null","null","null","null","null","null","null","null","null","null","null","null","null","null","null","null","null","null","null","null","null","null","null","null","null","null","null","null","null","null","null","null","null","null","null","null","null","null","null","null","null","null","null","null","null","null","null","null","null","null","null","null","null","null","null","null","null","null","null","null","null","null","null","null","null","null","null",
"0500000US28075","Lauderdale County, Mississippi","null","null","null","null","null","null","null","null","null","null","null","null","null","null","null","null","null","null","null","null","null","null","null","null","null","null","null","null","null","null","null","null","null","null","null","null","null","null","null","null","null","null","null","null","null","null","null","null","null","null","null","null","null","null","null","null","null","null","null","null","null","null","null","null","null","null","null","null","null","null",
"0500000US28081","Lee County, Mississippi","null","null","null","null","null","null","null","null","null","null","null","null","null","null","null","null","null","null","null","null","null","null","null","null","null","null","null","null","null","null","null","null","null","null","null","null","null","null","null","null","null","null","null","null","null","null","null","null","null","null","null","null","null","null","null","null","null","null","null","null","null","null","null","null","null","null","null","null","null","null",
"0500000US28089","Madison County, Mississippi","30719","2206","1662","625","390","276","122","161","0","226","65","72","203","219","1272","589","66","86","40","69","0","226","0","226","26","47","1206","594","104","174","385","323","488","496","229","194","29057","2125","23334","2216","1061","481","2518","965","4311","1384","15444","2239","5723","1563","2531","1163","69","87","995","822","1247","861","220","203","3192","905","290","233","721","495","858","546","1323","542",
"0500000US28121","Rankin County, Mississippi","42491","2185","2140","847","727","457","373","348","261","233","0","226","93","174","1413","793","98","116","98","116","0","226","0","226","0","226","1315","782","407","371","228","214","629","584","51","88","40351","2345","29206","2832","801","485","5405","1387","9216","1685","13784","2058","11145","2063","2989","1209","140","196","910","528","1141","827","798","562","8156","1719","422","345","1367","691","3391","1150","2976","1002",
"0500000US29019","Boone County, Missouri","43340","2107","2776","1026","553","421","35","61","90","154","123","192","305","310","2223","849","525","379","0","198","195","232","104","183","226","227","1698","811","155","192","326","357","631","603","586","393","40564","2127","33209","2177","1479","858","3107","876","7211","1338","21412","2310","7355","1469","2064","775","207","312","1011","542","443","330","403","339","5291","1341","39","63","1375","936","2117","872","1760","577",
"0500000US29021","Buchanan County, Missouri","null","null","null","null","null","null","null","null","null","null","null","null","null","null","null","null","null","null","null","null","null","null","null","null","null","null","null","null","null","null","null","null","null","null","null","null","null","null","null","null","null","null","null","null","null","null","null","null","null","null","null","null","null","null","null","null","null","null","null","null","null","null","null","null","null","null","null","null","null","null",
"0500000US29031","Cape Girardeau County, Missouri","20870","1507","1358","665","621","511","0","198","125","108","424","488","72","121","737","403","129","154","64","113","65","117","0","198","0","198","608","386","58","80","228","375","233","198","89","148","19512","1645","16113","1265","1052","602","4203","844","4207","975","6651","1080","3399","1016","1193","496","279","275","185","144","440","401","289","220","2206","867","90","133","267","204","1149","774","700","416",
"0500000US29037","Cass County, Missouri","null","null","null","null","null","null","null","null","null","null","null","null","null","null","null","null","null","null","null","null","null","null","null","null","null","null","null","null","null","null","null","null","null","null","null","null","null","null","null","null","null","null","null","null","null","null","null","null","null","null","null","null","null","null","null","null","null","null","null","null","null","null","null","null","null","null","null","null","null","null",
"0500000US29043","Christian County, Missouri","null","null","null","null","null","null","null","null","null","null","null","null","null","null","null","null","null","null","null","null","null","null","null","null","null","null","null","null","null","null","null","null","null","null","null","null","null","null","null","null","null","null","null","null","null","null","null","null","null","null","null","null","null","null","null","null","null","null","null","null","null","null","null","null","null","null","null","null","null","null",
"0500000US29047","Clay County, Missouri","64213","3182","4641","1313","2628","715","562","493","709","433","759","395","598","529","2013","961","281","336","0","198","0","198","148","259","133","220","1732","890","113","142","1164","774","388","459","67","115","59572","3115","48274","2766","1878","869","9390","1521","13548","2032","23458","2487","11298","1823","4981","1089","78","127","2284","903","1114","566","1505","506","6317","1409","565","383","833","378","2831","1126","2088","613",
"0500000US29051","Cole County, Missouri","null","null","null","null","null","null","null","null","null","null","null","null","null","null","null","null","null","null","null","null","null","null","null","null","null","null","null","null","null","null","null","null","null","null","null","null","null","null","null","null","null","null","null","null","null","null","null","null","null","null","null","null","null","null","null","null","null","null","null","null","null","null","null","null","null","null","null","null","null","null",
"0500000US29071","Franklin County, Missouri","31363","1736","2030","907","1146","762","734","651","344","406","0","198","68","103","884","482","217","216","99","172","53","86","12","22","53","94","667","444","80","136","26","34","508","416","53","92","29333","1856","22068","1868","921","362","5625","1117","8204","1313","7318","1429","7265","1333","2918","955","361","272","1086","620","1049","661","422","327","4347","1166","763","731","1516","756","1443","573","625","442",
"0500000US29077","Greene County, Missouri","73939","3077","4291","1140","1507","547","282","348","419","303","633","372","173","147","2784","1044","289","333","0","198","32","52","178","294","79","134","2495","983","225","355","967","555","599","399","704","612","69648","3132","56407","2640","1269","646","11847","1776","18465","1931","24826","2125","13241","2029","5145","1337","575","426","2037","703","1346","883","1187","624","8096","1597","779","544","1669","742","2290","805","3358","998",
"0500000US29095","Jackson County, Missouri","175585","5716","17714","3090","5286","1800","1073","857","1929","997","1064","484","1220","983","12428","2186","2464","853","593","344","1288","646","433","466","150","148","9964","2088","2013","999","5015","1497","2690","1226","246","260","157871","5723","115630","4970","6237","1484","21084","2613","33548","3281","54761","3474","42241","4117","10407","2112","1318","853","3645","1272","2541","989","2903","948","31834","3726","1870","790","8394","1909","12620","2431","8950","1946",
"0500000US29097","Jasper County, Missouri","30594","1980","2740","846","1359","653","543","585","507","399","111","120","198","178","1381","571","391","325","16","28","0","198","375","325","0","198","990","437","278","275","123","144","589","287","0","198","27854","2042","19494","1816","938","397","5381","1211","6736","1267","6439","1054","8360","1859","3655","1133","764","682","1803","851","551","418","537","408","4705","1323","813","704","1015","548","1560","805","1317","729",
"0500000US29099","Jefferson County, Missouri","65901","2376","5131","1499","1723","812","136","143","663","617","329","241","595","457","3408","1154","382","297","94","165","186","214","102","120","0","198","3026","1112","319","442","1368","796","924","544","415","570","60770","2409","48771","2613","1384","529","11604","2070","18004","2127","17779","1981","11999","1940","4565","1189","407","441","1604","712","2041","854","513","413","7434","1598","275","203","2084","751","3361","1199","1714","851",
"0500000US29113","Lincoln County, Missouri","null","null","null","null","null","null","null","null","null","null","null","null","null","null","null","null","null","null","null","null","null","null","null","null","null","null","null","null","null","null","null","null","null","null","null","null","null","null","null","null","null","null","null","null","null","null","null","null","null","null","null","null","null","null","null","null","null","null","null","null","null","null","null","null","null","null","null","null","null","null",
"0500000US29165","Platte County, Missouri","null","null","null","null","null","null","null","null","null","null","null","null","null","null","null","null","null","null","null","null","null","null","null","null","null","null","null","null","null","null","null","null","null","null","null","null","null","null","null","null","null","null","null","null","null","null","null","null","null","null","null","null","null","null","null","null","null","null","null","null","null","null","null","null","null","null","null","null","null","null",
"0500000US29183","St. Charles County, Missouri","112732","3180","6045","1805","2472","870","239","307","590","310","833","568","810","444","3573","1555","664","521","0","198","507","497","36","59","121","143","2909","1368","184","190","639","460","1653","1174","433","392","106687","3454","87476","2842","1810","638","12809","1982","23057","2134","49800","2626","19211","2752","6639","1378","982","718","1620","682","1397","705","2640","850","12572","2462","254","330","3405","1029","4020","1395","4893","1241",
"0500000US29187","St. Francois County, Missouri","17397","1540","1634","678","764","438","24","42","537","437","183","177","20","34","870","525","48","79","0","198","0","198","48","79","0","198","822","516","23","43","326","273","473","470","0","198","15763","1547","11755","1340","755","424","3396","929","4561","955","3043","765","4008","1101","1586","862","52","76","645","564","889","629","0","198","2422","885","185","179","183","166","1562","798","492","350",
"0500000US29189","St. Louis County, Missouri","253620","5468","16603","2780","4735","1219","929","670","1259","542","893","455","1654","585","11868","2273","2697","1150","292","380","1328","877","764","584","313","242","9171","1920","1052","578","2217","865","4868","1342","1034","613","237017","6333","177918","4849","4537","1118","20303","2485","39067","3063","114011","3851","59099","5234","15280","2151","677","391","4155","1523","4779","1327","5669","1278","43819","4363","2944","1097","10031","2253","14831","3123","16013","2629",
"0500000US29510","St. Louis city, Missouri","62400","4124","9947","2012","2125","928","380","405","312","367","1174","737","259","269","7822","1784","1182","692","373","413","596","478","213","275","0","198","6640","1757","1768","1085","2028","1058","2794","1165","50","86","52453","3435","34284","3017","1249","547","5717","1269","6948","1700","20370","2218","18169","2475","6033","1481","1067","782","1785","905","1281","720","1900","851","12136","2102","692","446","3347","1225","3561","1109","4536","1508",
"0500000US30013","Cascade County, Montana","null","null","null","null","null","null","null","null","null","null","null","null","null","null","null","null","null","null","null","null","null","null","null","null","null","null","null","null","null","null","null","null","null","null","null","null","null","null","null","null","null","null","null","null","null","null","null","null","null","null","null","null","null","null","null","null","null","null","null","null","null","null","null","null","null","null","null","null","null","null",
"0500000US30029","Flathead County, Montana","null","null","null","null","null","null","null","null","null","null","null","null","null","null","null","null","null","null","null","null","null","null","null","null","null","null","null","null","null","null","null","null","null","null","null","null","null","null","null","null","null","null","null","null","null","null","null","null","null","null","null","null","null","null","null","null","null","null","null","null","null","null","null","null","null","null","null","null","null","null",
"0500000US30031","Gallatin County, Montana","null","null","null","null","null","null","null","null","null","null","null","null","null","null","null","null","null","null","null","null","null","null","null","null","null","null","null","null","null","null","null","null","null","null","null","null","null","null","null","null","null","null","null","null","null","null","null","null","null","null","null","null","null","null","null","null","null","null","null","null","null","null","null","null","null","null","null","null","null","null",
"0500000US30049","Lewis and Clark County, Montana","null","null","null","null","null","null","null","null","null","null","null","null","null","null","null","null","null","null","null","null","null","null","null","null","null","null","null","null","null","null","null","null","null","null","null","null","null","null","null","null","null","null","null","null","null","null","null","null","null","null","null","null","null","null","null","null","null","null","null","null","null","null","null","null","null","null","null","null","null","null",
"0500000US30063","Missoula County, Montana","30606","1979","1478","729","435","215","0","185","141","151","168","133","126","99","1043","725","249","302","0","185","0","185","249","302","0","185","794","623","13","22","226","219","555","583","0","185","29128","1948","24427","1791","201","195","3077","873","6650","1401","14499","1698","4701","1165","1947","811","296","419","546","400","429","288","676","427","2754","711","48","73","729","458","961","453","1016","525",
"0500000US30111","Yellowstone County, Montana","42019","2283","2216","927","818","528","323","383","265","277","182","174","48","81","1398","730","131","117","52","67","79","96","0","185","0","185","1267","704","0","185","694","490","573","514","0","185","39803","2244","31967","2132","1494","782","6597","1621","9657","1654","14219","1555","7836","1777","3447","1378","416","593","850","556","1378","912","803","587","4389","1272","366","491","1462","795","1089","474","1472","868",
"0500000US31055","Douglas County, Nebraska","146933","4258","12771","2079","4594","1355","1367","733","1481","718","668","433","1078","607","8177","1869","778","367","249","216","210","189","241","238","78","95","7399","1823","1496","765","1905","830","3371","1328","627","474","134162","4193","103830","3675","4910","1294","13551","1584","26586","2827","58783","3009","30332","3227","10967","2156","1322","777","3697","1231","3200","1409","2748","1022","19365","2456","1920","783","3894","985","7039","1652","6512","1344",
"0500000US31109","Lancaster County, Nebraska","81245","2910","5940","1272","2599","1081","326","422","818","567","574","339","881","566","3341","1013","635","402","343","319","233","255","0","175","59","102","2706","920","176","221","660","401","1758","890","112","165","75305","2908","61316","3371","2304","870","8141","1566","17862","2305","33009","2162","13989","1863","4646","1036","325","348","769","403","1568","609","1984","707","9343","1487","640","389","1182","518","3728","1027","3793","932",
"0500000US31153","Sarpy County, Nebraska","53501","2251","2063","759","737","458","66","107","0","175","155","175","516","422","1326","648","252","238","0","175","102","138","80","138","70","118","1074","608","119","140","141","172","274","231","540","486","51438","2359","44289","2562","758","434","7473","1462","13536","2216","22522","1929","7149","1446","3100","1021","0","175","935","676","1284","621","881","390","4049","1117","308","419","614","403","1877","792","1250","500",
"0500000US32003","Clark County, Nevada","562726","9170","48294","4816","15999","2279","3192","934","4685","1349","5011","1465","3111","1118","32295","3824","6129","1440","1550","791","1658","682","2469","1103","452","386","26166","3505","4150","1462","10738","2377","8435","1897","2843","1051","514432","8992","359149","9129","33876","3651","77419","6080","114447","7018","133407","6702","155283","6733","58503","4923","9696","2145","19838","2784","18183","2980","10786","2188","96780","6071","10932","2621","26404","2783","36864","4347","22580","3307",
"0500000US32031","Washoe County, Nevada","126980","3850","7637","1612","2721","846","533","424","744","515","642","349","802","429","4916","1359","1158","636","350","428","574","453","103","119","131","134","3758","1378","574","405","1781","906","1361","852","42","75","119343","3577","93089","3842","7286","1635","11212","1653","31165","2516","43426","3282","26254","2610","8601","1602","971","575","2930","1111","2305","745","2395","958","17653","2203","2204","1057","3821","1198","6081","1270","5547","1353",
"0500000US33001","Belknap County, New Hampshire","null","null","null","null","null","null","null","null","null","null","null","null","null","null","null","null","null","null","null","null","null","null","null","null","null","null","null","null","null","null","null","null","null","null","null","null","null","null","null","null","null","null","null","null","null","null","null","null","null","null","null","null","null","null","null","null","null","null","null","null","null","null","null","null","null","null","null","null","null","null",
"0500000US33005","Cheshire County, New Hampshire","null","null","null","null","null","null","null","null","null","null","null","null","null","null","null","null","null","null","null","null","null","null","null","null","null","null","null","null","null","null","null","null","null","null","null","null","null","null","null","null","null","null","null","null","null","null","null","null","null","null","null","null","null","null","null","null","null","null","null","null","null","null","null","null","null","null","null","null","null","null",
"0500000US33009","Grafton County, New Hampshire","23877","1593","1902","823","935","539","0","200","90","89","469","462","376","267","967","565","335","337","8","15","88","87","221","332","18","31","632","449","266","368","72","117","115","149","179","207","21975","1596","18663","1432","387","183","2777","711","4839","1034","10660","1243","3312","950","1009","437","11","20","599","366","125","134","274","188","2303","825","83","103","1077","766","857","369","286","181",
"0500000US33011","Hillsborough County, New Hampshire","109656","2970","4710","1413","2208","1093","908","1034","538","434","241","189","521","316","2502","990","545","490","25","41","338","431","143","151","39","65","1957","823","497","538","821","484","225","218","414","423","104946","3267","82288","3594","2610","1250","13659","1817","24689","2859","41330","2984","22658","2680","9359","1654","521","416","2286","898","2489","1087","4063","1111","13299","1999","755","511","3026","1152","4934","1308","4584","1217",
"0500000US33013","Merrimack County, New Hampshire","null","null","null","null","null","null","null","null","null","null","null","null","null","null","null","null","null","null","null","null","null","null","null","null","null","null","null","null","null","null","null","null","null","null","null","null","null","null","null","null","null","null","null","null","null","null","null","null","null","null","null","null","null","null","null","null","null","null","null","null","null","null","null","null","null","null","null","null","null","null",
"0500000US33015","Rockingham County, New Hampshire","86714","3138","2333","791","1238","666","306","348","50","79","729","505","153","149","1095","517","207","187","0","200","97","163","71","115","39","64","888","482","0","200","256","252","459","375","173","167","84381","3067","70668","2909","985","494","10547","1935","16260","2135","42876","2594","13713","2066","4968","1511","378","545","1616","785","1621","977","1353","646","8745","1636","462","503","1555","798","2141","722","4587","1140",
"0500000US33017","Strafford County, New Hampshire","null","null","null","null","null","null","null","null","null","null","null","null","null","null","null","null","null","null","null","null","null","null","null","null","null","null","null","null","null","null","null","null","null","null","null","null","null","null","null","null","null","null","null","null","null","null","null","null","null","null","null","null","null","null","null","null","null","null","null","null","null","null","null","null","null","null","null","null","null","null",
"0500000US34001","Atlantic County, New Jersey","72651","3187","5636","1593","2871","1201","175","182","1217","779","995","972","484","340","2765","1144","1264","943","638","706","387","447","52","84","187","320","1501","758","520","430","492","428","430","388","59","85","67015","3114","45194","2607","3677","1388","10777","1776","12290","1811","18450","1863","21821","2671","6208","2084","1313","831","2330","1340","1414","828","1151","752","15613","1940","1249","672","5901","1521","4712","1351","3751","1075",
"0500000US34003","Bergen County, New Jersey","257947","6204","13844","2518","5259","1050","671","417","1431","627","1285","657","1872","772","8585","2247","2385","1233","716","842","659","425","621","546","389","563","6200","1613","965","686","2273","875","1678","812","1284","766","244103","5955","194152","5376","7745","1476","27616","2902","32955","3083","125836","5133","49951","4046","16932","2489","1843","1064","3471","1197","3773","1485","7845","1448","33019","3716","2913","1058","7753","1928","6865","1616","15488","2327",
"0500000US34005","Burlington County, New Jersey","121885","3579","3190","896","1213","503","180","167","520","336","269","185","244","193","1977","755","655","424","102","124","456","380","97","167","0","226","1322","686","96","137","398","336","689","512","139","175","118695","3666","91292","3788","3767","1240","16611","2495","23479","2475","47435","3334","27403","2870","7523","1625","482","406","1829","704","2756","999","2456","866","19880","2177","951","574","5544","1152","5949","1134","7436","1623",
"0500000US34007","Camden County, New Jersey","135528","4471","11495","2002","3738","1040","1035","651","1350","704","218","195","1135","557","7757","1480","1393","739","724","543","566","477","103","169","0","226","6364","1258","2157","816","2625","839","1235","481","347","253","124033","4516","86056","4151","4578","1295","15671","1896","19876","2092","45931","3392","37977","3245","12021","1928","1354","704","5378","1434","3018","1264","2271","907","25956","2965","2002","700","7810","1932","8568","1816","7576","1686",
"0500000US34009","Cape May County, New Jersey","30672","1369","2330","813","1089","465","110","129","511","373","133","147","335","190","1241","694","530","574","0","226","521","573","0","226","9","16","711","497","367","431","152","145","192","185","0","226","28342","1416","23774","1435","1122","554","4636","1217","6180","1339","11836","1403","4568","1306","1760","1079","138","240","646","544","838","840","138","143","2808","843","133","134","1521","638","589","377","565","378",
"0500000US34011","Cumberland County, New Jersey","37201","2399","4610","1571","1354","710","279","253","716","589","71","119","288","296","3256","1343","593","407","185","221","206","286","107","167","95","159","2663","1285","605","443","965","948","266","282","827","1090","32591","2298","21781","2319","3019","1099","5895","1424","7028","1278","5839","1450","10810","1971","3971","1261","723","506","1397","657","277","213","1574","965","6839","1460","618","389","2216","790","2294","948","1711","808",
"0500000US34013","Essex County, New Jersey","210110","6389","19662","3143","4320","1332","927","560","1761","1005","924","518","708","454","15342","2733","2569","1251","124","227","1387","922","348","396","710","871","12773","2205","2411","974","6038","1416","2627","1218","1697","866","190448","6481","125161","5193","10978","2313","19568","3066","22582","3125","72033","3824","65287","5652","20588","3306","4069","1655","8626","2292","2636","958","5257","1620","44699","4087","4880","1343","14190","2954","11212","1834","14417","2546",
"0500000US34015","Gloucester County, New Jersey","77430","3436","3398","887","969","435","184","214","542","350","172","175","71","84","2429","772","606","376","93","161","244","271","189","188","80","133","1823","687","68","122","543","397","847","433","365","262","74032","3315","56591","2771","2426","797","12754","1848","13089","1989","28322","2388","17441","2087","4704","1001","658","493","1133","523","1792","796","1121","560","12737","1860","1112","636","4097","1053","3350","933","4178","1258",
"0500000US34017","Hudson County, New Jersey","178990","5555","20033","2480","7626","1544","2431","1105","1460","767","1387","571","2348","954","12407","2079","2121","1197","303","306","1666","1102","152","257","0","226","10286","1952","2567","940","3761","1247","2743","1079","1215","659","158957","5687","106651","5158","9828","2180","16315","2357","14245","2355","66263","4631","52306","4639","16238","2827","2756","1079","3288","1634","4258","1657","5936","1942","36068","4101","5238","1804","8728","1933","11182","2200","10920","2348",
"0500000US34019","Hunterdon County, New Jersey","null","null","null","null","null","null","null","null","null","null","null","null","null","null","null","null","null","null","null","null","null","null","null","null","null","null","null","null","null","null","null","null","null","null","null","null","null","null","null","null","null","null","null","null","null","null","null","null","null","null","null","null","null","null","null","null","null","null","null","null","null","null","null","null","null","null","null","null","null","null",
"0500000US34021","Mercer County, New Jersey","95571","4113","5769","1375","1323","680","683","563","304","273","98","124","238","206","4446","1236","1223","965","131","237","126","202","462","584","504","707","3223","945","987","636","1108","658","646","600","482","469","89802","4184","65236","3261","5153","1386","7379","1587","12505","2481","40199","2309","24566","2770","5825","1414","755","524","1587","1005","1362","818","2121","889","18741","2473","3285","1178","4919","1300","4502","1156","6035","1537",
"0500000US34023","Middlesex County, New Jersey","222696","4802","13381","2371","6642","1842","1846","1153","1455","764","808","553","2533","952","6739","1519","1676","951","558","581","174","288","813","650","131","165","5063","1313","1086","756","2134","850","891","570","952","460","209315","5011","164240","4991","10150","2058","24715","2489","33445","3246","95930","4350","45075","3891","16022","2694","2389","1027","5360","1526","3730","1349","4543","1262","29053","2753","4278","1463","7477","1642","7314","1728","9984","1912",
"0500000US34025","Monmouth County, New Jersey","175799","3595","8851","1663","4154","1125","1242","594","929","486","806","444","1177","735","4697","1339","1138","802","343","367","420","411","375","499","0","226","3559","1277","453","427","1131","557","1237","751","738","738","166948","3709","135913","4195","4375","1306","21335","2975","27018","2800","83185","3536","31035","2958","9924","2119","360","278","3532","1312","2371","1223","3661","1266","21111","2479","2156","1048","5373","1302","4789","984","8793","1488",
"0500000US34027","Morris County, New Jersey","138270","3317","3988","1027","2546","810","645","491","319","246","405","331","1177","649","1442","748","370","356","0","226","147","241","54","91","169","254","1072","682","71","124","504","492","107","128","390","421","134282","3220","110982","3059","3392","1313","13864","2093","20065","2516","73661","3154","23300","2804","7204","1515","431","298","2013","777","1298","729","3462","1154","16096","2133","1286","647","3413","927","3085","1020","8312","1814",
"0500000US34029","Ocean County, New Jersey","168935","4368","9676","1597","5901","1242","509","396","2398","895","1512","586","1482","650","3775","1304","600","404","0","226","121","174","270","269","209","242","3175","1237","520","535","592","460","1263","903","800","542","159259","4447","131393","4244","4605","1301","33065","3148","35619","3438","58104","3669","27866","3361","9799","1816","1176","982","3912","1442","2790","816","1921","761","18067","2610","2158","1070","5651","1456","4019","987","6239","1239",
"0500000US34031","Passaic County, New Jersey","126606","3733","12326","2182","3281","1114","523","408","888","537","769","565","1101","698","9045","1986","1690","796","752","598","263","240","589","466","86","141","7355","1902","2167","907","2195","870","2461","1037","532","526","114280","3606","77839","3981","6827","1325","19438","2440","17423","2462","34151","2574","36441","2758","11276","2029","1436","506","3974","1154","3340","1129","2526","964","25165","2475","4622","1294","8204","1690","7534","1434","4805","1449",
"0500000US34033","Salem County, New Jersey","null","null","null","null","null","null","null","null","null","null","null","null","null","null","null","null","null","null","null","null","null","null","null","null","null","null","null","null","null","null","null","null","null","null","null","null","null","null","null","null","null","null","null","null","null","null","null","null","null","null","null","null","null","null","null","null","null","null","null","null","null","null","null","null","null","null","null","null","null","null",
"0500000US34035","Somerset County, New Jersey","96282","2861","3887","1236","1929","919","56","92","401","273","700","564","772","613","1958","906","614","530","172","287","338","391","104","175","0","226","1344","812","404","411","221","351","346","339","373","427","92395","2879","76631","3452","2280","863","8542","1294","11146","1937","54663","2671","15764","2240","4954","1552","824","629","1204","855","1107","586","1819","789","10810","1773","729","408","2031","1009","3197","1163","4853","1232",
"0500000US34037","Sussex County, New Jersey","39341","1697","1046","525","353","251","54","84","52","86","122","166","125","158","693","477","173","162","0","226","173","162","0","226","0","226","520","505","0","226","139","139","353","468","28","49","38295","1623","30093","1851","676","366","7313","1225","6876","1261","15228","1632","8202","1522","2907","990","348","377","1739","821","293","266","527","254","5295","1071","345","299","871","473","2619","799","1460","557",
"0500000US34039","Union County, New Jersey","147157","4304","10127","1923","3221","1377","58","95","764","591","1482","904","917","645","6906","1510","1017","630","360","365","312","306","243","367","102","158","5889","1377","2061","677","1607","735","1002","562","1219","693","137030","4368","98414","4483","8417","1515","19016","2359","19648","2756","51333","3379","38616","3111","12280","2078","2663","924","3040","1055","3192","1280","3385","1148","26336","2411","3796","1129","7981","1329","6173","1390","8386","1733",
"0500000US34041","Warren County, New Jersey","29048","1760","1422","647","422","305","207","253","0","226","159","138","56","101","1000","605","46","81","46","81","0","226","0","226","0","226","954","598","298","358","193","191","0","226","463","478","27626","1847","22245","1787","752","461","4260","910","7772","1283","9461","1372","5381","1238","2320","851","231","314","1029","605","389","369","671","395","3061","988","185","182","604","415","1149","547","1123","647",
"0500000US35001","Bernalillo County, New Mexico","158654","4527","17304","2393","6310","1415","1398","657","2167","967","1294","828","1451","567","10994","2230","2731","1152","674","645","787","646","1188","663","82","99","8263","1991","1431","962","3336","1359","2495","1120","1001","635","141350","4167","96929","4263","5220","1221","15473","2428","26322","3096","49914","3237","44421","3201","17177","2696","2743","1239","4104","1224","5658","1676","4672","1292","27244","2670","3876","1271","5756","1517","9930","1835","7682","1613",
"0500000US35013","Doña Ana County, New Mexico","54787","2935","8651","2163","3572","1318","1014","584","1575","944","807","549","176","179","5079","1843","1276","1149","0","216","671","629","0","216","605","879","3803","1263","1439","789","881","486","1249","952","234","250","46136","2813","32433","2494","2401","1013","6757","1494","8972","1659","14303","2006","13703","2416","3656","1373","507","388","1316","886","1138","818","695","400","10047","1825","1827","878","1401","691","3628","1258","3191","1075",
"0500000US35025","Lea County, New Mexico","18439","1714","2504","1049","922","591","488","416","42","78","346","405","46","78","1582","806","715","649","352","355","0","216","363","526","0","216","867","546","195","264","169","203","503","436","0","216","15935","1804","11543","1692","2562","1019","3706","1159","3233","1183","2042","708","4392","1203","1232","523","97","171","592","440","444","373","99","172","3160","1055","636","431","766","528","1408","851","350","284",
"0500000US35031","McKinley County, New Mexico","14601","1099","3418","573","346","141","199","103","68","65","46","41","33","53","3072","571","919","375","293","205","456","300","170","115","0","216","2153","538","614","321","612","290","850","408","77","79","11183","1085","4971","776","604","251","1537","405","1734","515","1096","336","6212","948","1508","391","178","112","552","286","638","309","140","109","4704","889","974","377","725","325","2516","588","489","278",
"0500000US35035","Otero County, New Mexico","null","null","null","null","null","null","null","null","null","null","null","null","null","null","null","null","null","null","null","null","null","null","null","null","null","null","null","null","null","null","null","null","null","null","null","null","null","null","null","null","null","null","null","null","null","null","null","null","null","null","null","null","null","null","null","null","null","null","null","null","null","null","null","null","null","null","null","null","null","null",
"0500000US35043","Sandoval County, New Mexico","41009","2238","3048","981","1287","673","146","174","491","416","363","340","287","190","1761","645","222","199","35","52","168","190","19","34","0","216","1539","582","309","252","474","283","628","510","128","177","37961","2184","26739","2358","533","338","4096","1198","9453","1741","12657","1813","11222","1856","5114","1291","897","677","846","470","2370","931","1001","735","6108","1347","273","283","1888","793","2436","726","1511","763",
"0500000US35045","San Juan County, New Mexico","27873","1687","4403","1064","1704","585","417","307","649","403","403","270","235","295","2699","848","668","366","95","133","455","301","107","146","11","19","2031","711","373","276","833","399","598","371","227","265","23470","1658","15243","1516","1183","431","3848","958","5005","1073","5207","1066","8227","1314","2489","632","364","249","916","303","802","454","407","293","5738","1210","751","360","1740","717","1656","620","1591","740",
"0500000US35049","Santa Fe County, New Mexico","39101","2253","2558","862","1648","848","482","434","155","145","655","524","356","308","910","393","221","161","119","119","72","110","0","216","30","49","689","364","0","216","40","47","405","272","244","234","36543","2229","30147","2049","2796","888","4476","1175","6220","1491","16655","1589","6396","1343","2882","889","112","116","293","261","1092","561","1385","585","3514","884","179","173","467","383","1354","613","1514","531",
"0500000US35061","Valencia County, New Mexico","19799","1494","1972","773","1130","688","573","577","126","214","396","298","35","66","842","431","137","190","0","216","137","190","0","216","0","216","705","377","166","234","252","250","287","239","0","216","17827","1394","12593","1621","860","580","3221","788","4010","1166","4502","1303","5234","1329","2305","1113","257","242","1256","883","650","463","142","187","2929","1084","80","137","917","593","1568","806","364","381",
"0500000US36001","Albany County, New York","70098","3595","6352","1868","1931","838","706","495","527","500","56","93","642","460","4421","1683","1056","814","504","666","339","478","78","157","135","168","3365","1541","1194","1041","871","687","569","516","731","680","63746","3248","49320","3262","2040","832","6488","1263","11492","1677","29300","2546","14426","2347","3551","1085","170","205","615","514","1551","834","1215","576","10875","1844","174","220","2344","971","4357","1501","4000","921",
"0500000US36005","Bronx County, New York","332551","7305","77134","5243","19682","2941","7484","1776","5795","1692","3908","1206","2495","1108","57452","4736","7169","1791","2080","1128","2501","934","1125","738","1463","916","50283","4044","18939","3128","14278","2134","14006","2619","3060","1186","255417","7646","116080","7569","22054","3274","30073","3723","26304","3507","37649","4400","139337","7625","36115","4494","6042","1749","10442","2437","10444","2684","9187","2104","103222","6227","17280","2949","26734","2752","30983","3504","28225","3437",
"0500000US36007","Broome County, New York","45546","2319","5153","1339","1396","592","31","50","519","353","504","392","342","256","3757","1205","962","571","64","117","624","428","274","347","0","220","2795","1035","289","337","1142","657","1045","726","319","456","40393","2188","29765","1978","1871","840","6816","1482","10313","1269","10765","1364","10628","1649","4267","1044","208","140","1608","850","1922","720","529","332","6361","1364","444","337","1040","556","3262","1072","1615","482",
"0500000US36009","Cattaraugus County, New York","19979","1260","2682","678","1055","408","198","166","432","280","307","201","118","130","1627","597","271","197","61","103","97","104","107","164","6","11","1356","523","155","152","676","399","414","358","111","96","17297","1295","13447","1148","599","324","3782","763","4904","680","4162","768","3850","732","1243","420","107","110","484","233","449","291","203","176","2607","575","169","155","931","401","1090","391","417","214",
"0500000US36011","Cayuga County, New York","20264","1588","1912","817","335","179","94","97","160","133","26","31","55","50","1577","805","778","708","196","227","552","658","30","52","0","220","799","426","105","136","90","123","518","453","86","142","18352","1410","13506","1256","876","372","3731","792","4450","978","4449","661","4846","933","1942","723","315","228","643","341","786","526","198","178","2904","755","280","267","495","281","1037","425","1092","443",
"0500000US36013","Chautauqua County, New York","33301","1798","5173","1259","1210","495","434","317","233","213","250","188","293","222","3963","1207","1080","612","110","139","501","391","377","405","92","160","2883","1010","886","647","1228","597","607","449","162","143","28128","1683","21304","1754","1023","351","5251","924","6165","943","8865","1345","6824","1228","2675","882","838","574","1111","503","617","354","109","113","4149","884","145","138","1544","714","1709","642","751","467",
"0500000US36015","Chemung County, New York","21269","1528","1755","678","463","358","355","333","22","27","0","220","86","108","1292","656","343","448","285","441","33","40","25","44","0","220","949","436","85","104","338","219","482","353","44","73","19514","1421","14368","1300","650","376","4658","1088","3594","745","5466","966","5146","1129","1842","742","34","42","866","561","722","512","220","211","3304","769","385","411","649","323","1355","522","915","462",
"0500000US36019","Clinton County, New York","19617","1543","2074","756","570","340","87","112","186","211","108","178","189","182","1504","796","610","481","0","220","610","481","0","220","0","220","894","506","143","164","416","344","293","357","42","72","17543","1541","12731","1137","436","278","3298","637","4286","864","4711","830","4812","1240","1414","590","221","206","600","454","246","165","347","237","3398","1164","203","241","1187","832","1052","707","956","483",
"0500000US36027","Dutchess County, New York","69316","2938","2922","917","1435","655","45","67","775","548","318","249","297","265","1487","629","41","74","0","220","41","74","0","220","0","220","1446","629","293","344","379","349","676","469","98","117","66394","3009","52368","2788","1443","617","9023","1870","12459","1739","29443","2429","14026","1882","4702","1191","402","381","1769","787","1645","715","886","417","9324","1814","184","223","1594","617","3374","1146","4172","1190",
"0500000US36029","Erie County, New York","239634","5637","19054","2488","7669","1453","1268","769","2494","1037","1712","608","2195","794","11385","2038","1826","786","450","397","636","530","508","401","232","217","9559","1870","1672","898","4428","1273","2840","1107","619","393","220580","5772","161959","5393","5513","1148","27836","2932","45385","3606","83225","4435","58621","3883","16393","2061","1210","661","3498","924","7340","1624","4345","1111","42228","3360","2575","888","9943","2002","16173","2332","13537","2097",
"0500000US36045","Jefferson County, New York","32386","2260","3555","1101","1125","626","20","35","649","420","456","455","0","220","2430","953","115","127","21","36","80","121","0","220","14","24","2315","925","366","446","551","460","1086","650","312","300","28831","1872","24048","1849","1211","457","6045","1284","9396","1629","7396","1211","4783","1017","1690","628","105","129","546","314","537","325","502","392","3093","872","109","123","1231","657","1225","429","528","335",
"0500000US36047","Kings County, New York","565970","9167","85352","5953","41387","4283","15939","2741","14176","2744","5430","1470","5842","1190","43965","3977","8679","1843","2598","980","2749","950","1737","813","1595","994","35286","3612","9642","2163","12029","2513","8990","2009","4625","1265","480618","9587","314554","8336","33318","3247","67487","4146","51770","4488","161979","5661","166064","7819","43297","4208","7609","1587","11844","2217","7477","1696","16367","2508","122767","6236","16991","2658","36505","3963","28513","2947","40758","4023",
"0500000US36053","Madison County, New York","17240","904","994","291","476","214","59","53","350","200","31","32","36","42","518","243","11","19","11","19","0","220","0","220","0","220","507","243","111","106","243","202","153","96","0","220","16246","933","12416","854","586","213","3129","487","3325","558","5376","654","3830","554","1161","333","52","42","425","196","414","235","270","186","2669","555","96","97","1072","464","809","351","692","254",
"0500000US36055","Monroe County, New York","184037","4791","17642","2311","4558","1084","1262","556","1226","668","760","500","1310","559","13084","2097","1560","829","735","552","677","555","52","86","96","120","11524","2040","2341","993","4651","1400","4081","1526","451","363","166395","4612","123957","4221","2720","827","16886","1798","33673","2946","70678","3128","42438","3625","12612","2321","1128","721","4314","1349","4228","1438","2942","919","29826","2858","2655","1064","7571","1563","11265","1974","8335","1550",
"0500000US36059","Nassau County, New York","346849","5715","13045","2364","6182","1463","1445","833","1085","657","1798","826","1854","711","6863","1622","1761","868","320","308","305","262","641","659","495","436","5102","1438","846","572","1436","1036","977","575","1843","927","333804","5448","272626","6291","13123","1976","37761","2911","55390","4375","166352","6079","61178","4273","18861","2624","2044","953","4118","1149","4668","1109","8031","1708","42317","3554","3225","1091","7799","1540","11930","2143","19363","2511",
"0500000US36061","New York County, New York","325393","10924","34224","4374","12340","2859","5312","2036","4030","1711","898","563","2100","932","21884","3930","3232","1619","1639","1120","0","220","945","915","648","627","18652","3274","6703","1806","3090","1419","6563","1900","2296","1323","291169","10685","205884","8262","11087","2505","10222","2130","22381","4399","162194","7609","85285","7240","27432","4632","4745","1942","4727","2077","6308","2981","11652","3549","57853","5580","9696","2068","11068","2530","12336","3327","24753","3716",
"0500000US36063","Niagara County, New York","56471","2458","5346","1513","1379","643","144","172","547","325","571","531","117","130","3967","1449","1900","1125","214","335","1497","951","57","98","132","212","2067","796","489","337","1302","662","276","249","0","220","51125","2572","37200","2426","1600","638","8885","1308","11209","1698","15506","1666","13925","2433","4252","1118","193","230","2438","930","656","372","965","418","9673","2022","1118","715","2259","885","3488","1199","2808","1169",
"0500000US36065","Oneida County, New York","57077","2194","6436","1319","2631","864","1048","598","634","449","651","621","298","218","3805","1026","737","433","437","420","156","159","43","52","101","123","3068","952","614","603","1745","762","500","321","209","214","50641","2302","38279","2369","2508","929","7920","1389","12982","1489","14869","1741","12362","1632","4673","1146","54","101","2274","962","1078","516","1267","529","7689","1289","917","616","1791","645","3072","909","1909","691",
"0500000US36067","Onondaga County, New York","117117","3220","8872","1673","3221","1200","580","583","979","526","882","791","780","508","5651","1227","1151","572","234","249","388","309","299","246","230","370","4500","1147","1288","721","1637","749","1018","433","557","452","108245","3395","81784","3080","3480","967","13940","1789","20562","2167","43802","2516","26461","2567","8060","1657","399","254","2675","924","2144","701","2842","840","18401","2201","1665","750","4539","1365","6758","1508","5439","1082",
"0500000US36069","Ontario County, New York","32743","1824","1347","409","519","258","119","143","93","97","211","157","96","102","828","343","249","229","0","220","0","220","126","119","123","198","579","269","63","75","76","96","362","236","78","98","31396","1820","24793","1811","788","427","4094","918","7557","1277","12354","1258","6603","1202","1892","830","369","444","499","463","628","350","396","248","4711","1020","550","423","1051","452","1560","467","1550","628",
"0500000US36071","Orange County, New York","97976","3609","7734","1539","5214","1320","578","457","1329","621","2614","1034","693","529","2520","1000","503","454","153","154","250","406","100","129","0","220","2017","918","73","135","1192","715","685","424","67","115","90242","3637","66539","3539","4874","1448","13208","2038","22649","2470","25808","2385","23703","2402","6917","1428","1830","790","1106","495","2720","849","1261","748","16786","2194","2663","1224","4270","1236","5286","1423","4567","1146",
"0500000US36075","Oswego County, New York","29418","1755","3371","918","882","507","127","95","646","460","96","131","13","24","2489","831","501","284","146","172","355","263","0","220","0","220","1988","766","508","406","825","549","633","348","22","37","26047","1679","19534","1627","845","353","6256","895","6500","814","5933","1281","6513","1255","2298","740","120","132","1274","529","648","401","256","207","4215","973","551","389","1901","732","1147","428","616","336",
"0500000US36079","Putnam County, New York","null","null","null","null","null","null","null","null","null","null","null","null","null","null","null","null","null","null","null","null","null","null","null","null","null","null","null","null","null","null","null","null","null","null","null","null","null","null","null","null","null","null","null","null","null","null","null","null","null","null","null","null","null","null","null","null","null","null","null","null","null","null","null","null","null","null","null","null","null","null",
"0500000US36081","Queens County, New York","571499","9255","59443","4912","31120","3969","9017","1567","9072","2162","5795","1890","7236","2031","28323","3001","4845","1552","2133","1068","1135","690","934","562","643","528","23478","2657","6048","1587","6647","1597","6433","1643","4350","1312","512056","8556","339224","8511","50252","3384","73700","6443","64064","4737","151208","6002","172832","7734","60595","5173","11298","1925","17388","3220","16728","2681","15181","2033","112237","6222","12064","2364","28876","2940","28005","2922","43292","4344",
"0500000US36083","Rensselaer County, New York","40987","2151","2240","772","732","404","267","317","112","134","113","131","240","188","1508","636","334","279","81","140","88","144","80","137","85","143","1174","580","417","396","364","316","139","142","254","269","38747","2279","27866","2300","1216","673","4515","1077","8849","1537","13286","1575","10881","1910","3339","1016","278","386","1096","673","860","439","1105","675","7542","1580","788","553","1375","533","3178","1053","2201","1004",
"0500000US36085","Richmond County, New York","124301","3851","11190","2372","4496","1277","805","422","1512","739","867","565","1312","776","6694","1907","1506","966","96","171","501","692","595","449","314","373","5188","1625","413","333","2746","1216","1743","1050","286","270","113111","3757","80436","3956","6315","1347","19495","2947","20626","2457","34000","2752","32675","3553","11566","2146","1096","797","2724","1213","3535","1032","4211","1169","21109","2977","2475","913","6086","1733","5188","1246","7360","1879",
"0500000US36087","Rockland County, New York","79902","2152","8620","1646","7196","1491","1865","713","1656","702","3035","986","640","427","1424","610","278","262","106","175","62","104","110","176","0","220","1146","620","272","256","269","354","458","458","147","143","71282","2356","55940","2743","5959","1374","8466","1608","12732","1688","28783","2243","15342","2182","4676","1257","500","370","1202","776","1102","530","1872","757","10666","1923","1104","551","1457","753","3468","1089","4637","1321",
"0500000US36089","St. Lawrence County, New York","26357","1763","3119","860","1568","613","752","449","542","369","177","152","97","140","1551","641","227","179","0","220","177","170","39","50","11","19","1324","611","79","85","714","402","469","435","62","107","23238","1762","17757","1318","472","255","5269","901","5867","1046","6149","1073","5481","1163","2564","986","119","165","1344","793","936","547","165","168","2917","661","31","39","732","361","906","379","1248","555",
"0500000US36091","Saratoga County, New York","67140","2565","2649","881","1085","591","76","118","330","289","654","484","25","43","1564","809","878","682","118","209","211","249","549","585","0","220","686","444","0","220","353","327","245","307","88","109","64491","2623","53912","2680","1048","501","7729","1094","13206","1520","31929","2527","10579","1954","3655","867","617","528","1154","526","859","415","1025","516","6924","1597","230","250","1417","613","2586","1223","2691","879",
"0500000US36093","Schenectady County, New York","41625","2172","3259","1157","818","501","40","66","110","206","514","396","154","132","2441","1060","266","305","266","305","0","220","0","220","0","220","2175","1020","515","447","896","834","466","425","298","325","38366","2016","28450","1841","1145","669","5299","1555","8040","1301","13966","1582","9916","1857","3170","1034","327","416","771","527","1147","573","925","550","6746","1537","256","273","1352","629","3223","1190","1915","690",
"0500000US36101","Steuben County, New York","24206","1396","2449","684","814","401","377","327","196","117","92","82","149","178","1635","628","374","272","13","22","191","156","170","210","0","220","1261","572","159","176","366","221","668","473","68","111","21757","1392","16924","1245","663","252","5731","895","4493","768","6037","1045","4833","935","2152","673","85","132","967","399","570","277","530","459","2681","654","363","383","883","395","881","330","554","272",
"0500000US36103","Suffolk County, New York","368682","6674","14728","2216","6975","1611","1164","700","2108","980","2137","851","1566","577","7753","1515","1032","539","155","188","127","147","320","243","430","377","6721","1425","1131","696","2267","759","1998","1016","1325","557","353954","6439","275982","6406","16245","2185","48494","3477","70497","3943","140746","5005","77972","4592","25446","2927","4205","1272","6927","1737","7415","1624","6899","1441","52526","4127","3733","1213","12837","1989","15120","2500","20836","2521",
"0500000US36105","Sullivan County, New York","22188","1896","3058","1123","760","513","81","132","461","456","10","18","208","200","2298","978","336","245","162","201","126","175","48","82","0","220","1962","949","723","565","518","390","554","624","167","249","19130","1805","13756","1506","569","401","4066","1072","3755","933","5366","930","5374","1104","1574","717","59","104","781","580","528","311","206","182","3800","971","767","537","1155","588","629","360","1249","620",
"0500000US36109","Tompkins County, New York","null","null","null","null","null","null","null","null","null","null","null","null","null","null","null","null","null","null","null","null","null","null","null","null","null","null","null","null","null","null","null","null","null","null","null","null","null","null","null","null","null","null","null","null","null","null","null","null","null","null","null","null","null","null","null","null","null","null","null","null","null","null","null","null","null","null","null","null","null","null",
"0500000US36111","Ulster County, New York","43803","2597","1910","891","1084","700","166","270","54","72","742","648","122","117","826","511","102","111","0","220","52","87","0","220","50","66","724","513","31","56","189","183","427","446","77","128","41893","2547","30254","2333","1578","716","5459","1383","8383","1191","14834","1862","11639","1979","4174","1188","307","359","1295","699","1475","735","1097","773","7465","1658","31","50","1697","868","2422","1144","3315","894",
"0500000US36113","Warren County, New York","null","null","null","null","null","null","null","null","null","null","null","null","null","null","null","null","null","null","null","null","null","null","null","null","null","null","null","null","null","null","null","null","null","null","null","null","null","null","null","null","null","null","null","null","null","null","null","null","null","null","null","null","null","null","null","null","null","null","null","null","null","null","null","null","null","null","null","null","null","null",
"0500000US36117","Wayne County, New York","22420","1395","1698","570","514","323","0","220","426","306","88","111","0","220","1184","483","231","351","0","220","231","351","0","220","0","220","953","486","216","263","578","398","123","113","36","62","20722","1301","17071","1405","608","365","5020","958","5842","1119","5601","936","3651","829","1520","500","128","161","863","388","359","270","170","141","2131","612","157","148","955","408","666","367","353","253",
"0500000US36119","Westchester County, New York","252531","4782","15163","2636","6642","1477","2176","1100","864","532","1416","595","2186","848","8521","1966","1450","756","146","182","1003","726","120","155","181","176","7071","1723","2423","1115","2024","827","1084","586","1540","837","237368","4898","183131","5609","14993","2119","21614","2869","29083","2845","117441","4566","54237","4568","15409","2668","2317","1102","3676","1201","2583","914","6833","1707","38828","3613","3784","1424","9271","2104","7807","1689","17966","2361",
"0500000US37001","Alamance County, North Carolina","48713","2694","4268","1386","1557","640","260","238","647","570","349","280","301","230","2711","1268","254","243","23","38","220","239","11","19","0","226","2457","1166","646","453","1121","752","527","585","163","256","44445","2729","30660","2722","1776","794","6207","1508","9228","1593","13449","1939","13785","1948","4121","1469","609","548","817","542","1854","1264","841","600","9664","1696","746","382","2844","1050","4723","1509","1351","599",
"0500000US37019","Brunswick County, North Carolina","52281","3102","2804","971","957","439","250","182","200","203","149","123","358","256","1847","901","158","269","0","226","158","269","0","226","0","226","1689","882","0","226","189","188","1346","863","154","151","49477","3001","42234","2927","1043","528","6938","1270","12836","1751","21417","1967","7243","1550","2493","795","134","228","1371","681","457","335","531","340","4750","1432","707","695","1152","665","1705","676","1186","637",
"0500000US37021","Buncombe County, North Carolina","64774","3697","4878","1567","2549","1002","463","477","767","410","803","726","516","443","2329","956","764","542","0","226","407","471","229","240","128","172","1565","767","0","226","870","580","421","352","274","341","59896","3736","49809","3494","975","579","7293","1623","12041","1770","29500","2978","10087","2000","2951","1003","407","305","553","408","933","525","1058","630","7136","1747","567","574","1446","797","2692","1326","2431","946",
"0500000US37023","Burke County, North Carolina","24739","1818","2703","771","701","352","48","82","96","109","467","341","90","110","2002","828","51","84","0","226","51","84","0","226","0","226","1951","827","626","555","326","280","830","605","169","213","22036","1781","17143","1592","1364","558","3949","929","6814","1216","5016","1116","4893","1188","2666","953","652","506","1472","772","490","334","52","79","2227","738","335","206","944","543","698","420","250","370",
"0500000US37025","Cabarrus County, North Carolina","68728","2741","5341","1556","1796","768","285","281","710","526","166","154","635","543","3545","1397","456","617","374","609","0","226","82","139","0","226","3089","1376","311","518","392","261","2199","1257","187","200","63387","2769","47760","3356","2724","983","8173","1477","13608","2103","23255","2740","15627","2852","6010","1761","567","487","2416","1221","2605","1161","422","342","9617","1956","319","285","1785","913","3689","1545","3824","1288",
"0500000US37027","Caldwell County, North Carolina","null","null","null","null","null","null","null","null","null","null","null","null","null","null","null","null","null","null","null","null","null","null","null","null","null","null","null","null","null","null","null","null","null","null","null","null","null","null","null","null","null","null","null","null","null","null","null","null","null","null","null","null","null","null","null","null","null","null","null","null","null","null","null","null","null","null","null","null","null","null",
"0500000US37031","Carteret County, North Carolina","20239","1830","968","419","541","258","0","226","125","118","285","213","131","114","427","367","0","226","0","226","0","226","0","226","0","226","427","367","53","93","200","296","174","164","0","226","19271","1787","15989","1576","430","375","2841","779","4557","943","8161","1213","3282","800","1047","452","321","369","209","170","253","185","264","200","2235","735","227","191","241","236","807","393","960","544",
"0500000US37035","Catawba County, North Carolina","46026","2766","5856","1925","2083","1079","247","242","1086","900","401","485","349","435","3773","1480","1129","822","241","325","766","692","122","154","0","226","2644","1236","200","244","1022","914","1374","886","48","83","40170","2896","34175","2716","2188","879","7636","1603","12647","2320","11704","1852","5995","1597","1985","807","442","495","805","491","646","495","92","158","4010","1280","513","418","870","527","1152","616","1475","802",
"0500000US37037","Chatham County, North Carolina","null","null","null","null","null","null","null","null","null","null","null","null","null","null","null","null","null","null","null","null","null","null","null","null","null","null","null","null","null","null","null","null","null","null","null","null","null","null","null","null","null","null","null","null","null","null","null","null","null","null","null","null","null","null","null","null","null","null","null","null","null","null","null","null","null","null","null","null","null","null",
"0500000US37045","Cleveland County, North Carolina","25733","2084","3104","986","1506","618","119","196","348","292","668","442","371","363","1598","743","99","162","0","226","99","162","0","226","0","226","1499","712","29","38","602","422","370","503","498","476","22629","2053","15933","1837","952","407","3615","1037","6631","1496","4735","1020","6696","1623","1320","553","215","311","642","401","309","254","154","178","5376","1489","485","401","1171","618","2324","1038","1396","794",
"0500000US37049","Craven County, North Carolina","null","null","null","null","null","null","null","null","null","null","null","null","null","null","null","null","null","null","null","null","null","null","null","null","null","null","null","null","null","null","null","null","null","null","null","null","null","null","null","null","null","null","null","null","null","null","null","null","null","null","null","null","null","null","null","null","null","null","null","null","null","null","null","null","null","null","null","null","null","null",
"0500000US37051","Cumberland County, North Carolina","82840","3009","10514","1844","3397","933","592","377","1269","541","981","430","555","324","7117","1570","946","514","26","46","434","447","486","313","0","226","6171","1365","673","353","2059","675","2616","899","823","471","72326","2768","49375","2618","1712","669","11041","1648","19137","1676","17485","1817","22951","2141","5659","1142","227","182","2028","697","2049","739","1355","583","17292","1691","1022","514","3452","939","7292","1261","5526","977",
"0500000US37057","Davidson County, North Carolina","45402","2472","3972","1405","1258","651","160","157","402","434","613","498","83","96","2714","1124","646","568","274","365","344","433","28","48","0","226","2068","993","710","708","150","196","975","626","233","221","41430","2688","31824","2608","2686","738","8257","1701","10702","1432","10179","1437","9606","2031","3539","1202","421","369","1274","770","1023","693","821","604","6067","1633","59","98","2941","1345","1968","949","1099","532",
"0500000US37063","Durham County, North Carolina","81114","3817","4409","1528","1761","936","54","97","942","657","156","231","609","495","2648","1055","543","471","351","425","116","153","0","226","76","136","2105","924","480","397","633","535","623","547","369","309","76705","3669","56427","3876","2976","992","4543","1538","10294","1663","38614","3116","20278","3136","6395","1828","1137","847","1413","956","1874","1285","1971","1134","13883","2664","1106","628","3397","1249","3656","1640","5724","1646",
"0500000US37067","Forsyth County, North Carolina","102223","4099","9956","2162","5181","1643","858","624","1261","823","1531","977","1531","858","4775","1756","713","536","47","77","492","449","174","302","0","226","4062","1722","520","523","1877","1177","1576","1217","89","112","92267","4215","72625","3761","3460","1269","10064","1784","18338","2403","40763","3356","19642","2955","5065","1378","695","461","1524","788","1698","686","1148","721","14577","2406","1409","714","2530","1026","5144","1832","5494","1213",
"0500000US37069","Franklin County, North Carolina","null","null","null","null","null","null","null","null","null","null","null","null","null","null","null","null","null","null","null","null","null","null","null","null","null","null","null","null","null","null","null","null","null","null","null","null","null","null","null","null","null","null","null","null","null","null","null","null","null","null","null","null","null","null","null","null","null","null","null","null","null","null","null","null","null","null","null","null","null","null",
"0500000US37071","Gaston County, North Carolina","61420","3286","5321","1432","1905","922","915","727","322","320","499","360","169","166","3416","998","449","326","43","67","315","284","91","153","0","226","2967","1013","438","340","1679","797","818","646","32","54","56099","3483","42579","2761","2246","772","8184","1435","14934","1785","17215","1697","13520","2263","3935","1209","85","105","2331","1011","1195","702","324","247","9585","1858","582","397","2940","1244","3178","1234","2885","918",
"0500000US37081","Guilford County, North Carolina","136955","4629","12137","2515","3874","1297","406","306","845","787","1408","767","1215","606","8263","2248","980","595","228","285","375","359","191","317","186","162","7283","2028","2074","1026","1308","743","3483","1555","418","351","124818","4665","91297","4372","5928","1667","14786","2213","24711","3372","45872","3104","33521","4031","8338","2029","858","554","2427","1000","2685","1304","2368","824","25183","3391","1615","723","4263","1353","9671","2215","9634","2144",
"0500000US37085","Harnett County, North Carolina","38204","2174","4250","1155","1621","755","431","393","327","383","651","447","212","224","2629","1049","682","692","75","129","77","135","530","704","0","226","1947","741","187","217","575","482","1135","586","50","85","33954","2324","26329","1898","1802","833","3885","1040","11137","1681","9505","1540","7625","1542","2595","1151","0","226","822","554","1092","865","681","612","5030","1315","169","181","1220","628","2665","978","976","591",
"0500000US37089","Henderson County, North Carolina","null","null","null","null","null","null","null","null","null","null","null","null","null","null","null","null","null","null","null","null","null","null","null","null","null","null","null","null","null","null","null","null","null","null","null","null","null","null","null","null","null","null","null","null","null","null","null","null","null","null","null","null","null","null","null","null","null","null","null","null","null","null","null","null","null","null","null","null","null","null",
"0500000US37097","Iredell County, North Carolina","58007","2774","4580","1537","2037","892","582","604","995","654","344","265","116","134","2543","1174","348","312","0","226","230","246","0","226","118","206","2195","1116","46","77","690","435","1070","925","389","457","53427","2772","44256","2697","3125","1119","7541","1499","14201","1971","19389","2258","9171","1932","3341","1134","0","226","1664","959","823","465","854","506","5830","1609","384","362","1684","796","2072","924","1690","964",
"0500000US37101","Johnston County, North Carolina","66502","2501","4083","1472","1019","536","429","369","291","299","146","152","153","149","3064","1364","62","107","62","107","0","226","0","226","0","226","3002","1360","98","161","2214","1280","652","491","38","66","62419","2662","49423","2869","2028","967","10501","1844","16291","1963","20603","2143","12996","2000","3623","1311","241","340","1530","975","1342","878","510","363","9373","1678","672","497","1864","828","4027","1361","2810","953",
"0500000US37105","Lee County, North Carolina","null","null","null","null","null","null","null","null","null","null","null","null","null","null","null","null","null","null","null","null","null","null","null","null","null","null","null","null","null","null","null","null","null","null","null","null","null","null","null","null","null","null","null","null","null","null","null","null","null","null","null","null","null","null","null","null","null","null","null","null","null","null","null","null","null","null","null","null","null","null",
"0500000US37109","Lincoln County, North Carolina","null","null","null","null","null","null","null","null","null","null","null","null","null","null","null","null","null","null","null","null","null","null","null","null","null","null","null","null","null","null","null","null","null","null","null","null","null","null","null","null","null","null","null","null","null","null","null","null","null","null","null","null","null","null","null","null","null","null","null","null","null","null","null","null","null","null","null","null","null","null",
"0500000US37119","Mecklenburg County, North Carolina","278932","7065","20006","2630","7005","1401","1575","682","1348","698","2584","863","1498","569","13001","2296","2482","862","1178","650","330","377","557","404","417","495","10519","2203","3641","1152","3652","1450","2222","936","1004","542","258926","7390","193193","6145","7976","1863","24571","3141","37525","3007","123121","5122","65733","5627","19922","2683","3628","1229","4853","1326","4284","1391","7157","1554","45811","4698","4158","1353","7966","1736","15955","2485","17732","2970",
"0500000US37125","Moore County, North Carolina","null","null","null","null","null","null","null","null","null","null","null","null","null","null","null","null","null","null","null","null","null","null","null","null","null","null","null","null","null","null","null","null","null","null","null","null","null","null","null","null","null","null","null","null","null","null","null","null","null","null","null","null","null","null","null","null","null","null","null","null","null","null","null","null","null","null","null","null","null","null",
"0500000US37127","Nash County, North Carolina","null","null","null","null","null","null","null","null","null","null","null","null","null","null","null","null","null","null","null","null","null","null","null","null","null","null","null","null","null","null","null","null","null","null","null","null","null","null","null","null","null","null","null","null","null","null","null","null","null","null","null","null","null","null","null","null","null","null","null","null","null","null","null","null","null","null","null","null","null","null",
"0500000US37129","New Hanover County, North Carolina","61130","3239","4431","1763","1603","712","0","226","264","284","500","430","839","615","2828","1625","331","342","0","226","187","293","71","125","73","123","2497","1590","479","648","434","343","1584","1108","0","226","56699","3057","45213","2736","662","470","6294","1614","13893","2414","24364","2611","11486","1802","3598","1123","172","189","1103","823","1071","681","1252","575","7888","1449","804","648","1187","606","2549","865","3348","1135",
"0500000US37133","Onslow County, North Carolina","55051","2894","3890","1161","1505","586","44","79","613","402","674","485","174","154","2385","962","554","468","0","226","267","309","61","114","226","318","1831","830","153","217","811","522","694","511","173","195","51161","2820","41786","2993","1814","1052","12617","1983","17850","2407","9505","1454","9375","2005","3338","1379","211","224","780","693","1873","1035","474","361","6037","1450","404","328","1670","911","2413","902","1550","708",
"0500000US37135","Orange County, North Carolina","null","null","null","null","null","null","null","null","null","null","null","null","null","null","null","null","null","null","null","null","null","null","null","null","null","null","null","null","null","null","null","null","null","null","null","null","null","null","null","null","null","null","null","null","null","null","null","null","null","null","null","null","null","null","null","null","null","null","null","null","null","null","null","null","null","null","null","null","null","null",
"0500000US37141","Pender County, North Carolina","null","null","null","null","null","null","null","null","null","null","null","null","null","null","null","null","null","null","null","null","null","null","null","null","null","null","null","null","null","null","null","null","null","null","null","null","null","null","null","null","null","null","null","null","null","null","null","null","null","null","null","null","null","null","null","null","null","null","null","null","null","null","null","null","null","null","null","null","null","null",
"0500000US37147","Pitt County, North Carolina","42012","2711","4963","1406","1034","648","285","396","155","168","289","235","305","353","3929","1356","780","618","85","106","468","519","227","341","0","226","3149","1109","443","400","558","440","1585","775","563","389","37049","2744","25279","2454","1603","642","4329","1256","7486","1688","11861","1715","11770","1967","2654","970","0","226","897","561","1276","742","481","305","9116","1640","956","617","1956","858","4045","1237","2159","867",
"0500000US37151","Randolph County, North Carolina","41140","2511","3832","1448","1733","851","580","586","534","393","584","378","35","59","2099","1224","268","324","0","226","268","324","0","226","0","226","1831","1193","286","410","425","348","1066","882","54","97","37308","2505","29721","2452","2512","941","10326","1750","10151","1619","6732","1301","7587","1393","2520","944","856","548","436","366","766","521","462","406","5067","1104","368","367","1898","776","1904","836","897","437",
"0500000US37155","Robeson County, North Carolina","29581","1347","5309","801","1410","509","543","299","517","281","321","248","29","48","3899","711","765","354","253","181","389","236","123","130","0","226","3134","693","525","301","1422","478","1107","480","80","126","24272","1252","14591","1260","1355","420","4610","733","4847","860","3779","659","9681","967","2765","587","285","201","1181","521","1045","382","254","161","6916","933","832","333","1867","471","2572","565","1645","461",
"0500000US37157","Rockingham County, North Carolina","25574","2139","3838","1184","1776","700","455","332","577","448","464","461","280","265","2062","1047","992","857","98","172","468","616","409","629","17","30","1070","650","128","157","455","556","400","400","87","152","21736","2090","16255","2019","1673","889","4121","1175","7037","1458","3424","1126","5481","1466","1871","832","52","70","683","411","704","495","432","432","3610","1106","289","268","1264","738","1521","879","536","354",
"0500000US37159","Rowan County, North Carolina","41196","2667","4166","1134","1179","543","632","454","242","201","195","215","110","186","2987","1056","611","567","0","226","486","531","125","162","0","226","2376","886","38","69","916","590","1422","820","0","226","37030","2570","27701","2259","1285","652","6557","1583","10194","2030","9665","1848","9329","1671","3226","1012","462","366","1657","857","519","321","588","553","6103","1438","464","463","1904","773","2427","992","1308","741",
"0500000US37161","Rutherford County, North Carolina","null","null","null","null","null","null","null","null","null","null","null","null","null","null","null","null","null","null","null","null","null","null","null","null","null","null","null","null","null","null","null","null","null","null","null","null","null","null","null","null","null","null","null","null","null","null","null","null","null","null","null","null","null","null","null","null","null","null","null","null","null","null","null","null","null","null","null","null","null","null",
"0500000US37167","Stanly County, North Carolina","17451","1187","1446","766","847","633","345","397","144","139","358","331","0","226","599","378","120","139","0","226","62","98","0","226","58","98","479","342","79","134","70","90","330","297","0","226","16005","1013","11030","1160","613","321","3000","822","3871","824","3546","888","4975","1135","1757","743","503","490","1058","597","93","109","103","136","3218","859","117","97","626","414","2103","751","372","326",
"0500000US37171","Surry County, North Carolina","null","null","null","null","null","null","null","null","null","null","null","null","null","null","null","null","null","null","null","null","null","null","null","null","null","null","null","null","null","null","null","null","null","null","null","null","null","null","null","null","null","null","null","null","null","null","null","null","null","null","null","null","null","null","null","null","null","null","null","null","null","null","null","null","null","null","null","null","null","null",
"0500000US37179","Union County, North Carolina","70311","2401","3281","1072","1255","720","429","570","301","224","211","229","314","204","2026","970","738","542","376","417","0","226","198","222","164","175","1288","766","441","608","453","476","223","210","171","197","67030","2478","56554","2314","1542","690","9090","1419","14109","1867","31813","2462","10476","1552","2871","1033","89","106","1410","763","400","326","972","650","7605","1270","1190","680","1062","563","1520","599","3833","1069",
"0500000US37183","Wake County, North Carolina","324004","7156","17458","2747","7237","1804","992","811","2052","1094","659","366","3534","976","10221","2302","2560","1453","829","789","792","1075","711","618","228","279","7661","1893","2016","1162","1347","722","2786","991","1512","918","306546","7300","241779","6453","8287","2289","19345","3243","42767","3743","171380","6090","64767","4788","19745","2994","2684","1463","4106","1651","5008","1947","7947","1827","45022","4015","3039","1331","7034","1979","15402","2669","19547","2585",
"0500000US37191","Wayne County, North Carolina","32614","2334","5019","1317","2230","1046","622","474","734","523","202","191","672","772","2789","937","784","596","511","468","273","330","0","226","0","226","2005","748","1071","579","246","181","658","518","30","54","27595","2439","19338","1956","1279","522","4462","1057","7485","1497","6112","1208","8257","1924","3035","1079","524","403","1537","948","925","668","49","87","5222","1392","485","341","676","472","2745","1089","1316","782",
"0500000US37193","Wilkes County, North Carolina","null","null","null","null","null","null","null","null","null","null","null","null","null","null","null","null","null","null","null","null","null","null","null","null","null","null","null","null","null","null","null","null","null","null","null","null","null","null","null","null","null","null","null","null","null","null","null","null","null","null","null","null","null","null","null","null","null","null","null","null","null","null","null","null","null","null","null","null","null","null",
"0500000US37195","Wilson County, North Carolina","21883","1970","3314","1081","590","420","201","216","206","225","86","164","97","156","2724","1036","391","571","0","226","0","226","391","571","0","226","2333","962","458","487","1104","767","771","592","0","226","18569","1822","12876","1563","1342","701","3047","985","3712","899","4775","932","5693","1611","2074","904","694","599","653","582","458","403","269","230","3619","1285","92","133","1040","567","1372","837","1115","668",
"0500000US38015","Burleigh County, North Dakota","null","null","null","null","null","null","null","null","null","null","null","null","null","null","null","null","null","null","null","null","null","null","null","null","null","null","null","null","null","null","null","null","null","null","null","null","null","null","null","null","null","null","null","null","null","null","null","null","null","null","null","null","null","null","null","null","null","null","null","null","null","null","null","null","null","null","null","null","null","null",
"0500000US38017","Cass County, North Dakota","46070","2543","3808","1592","1421","1152","248","394","84","146","291","306","798","986","2387","1252","806","754","669","724","58","99","0","175","79","134","1581","1037","824","670","114","160","477","707","166","269","42262","2574","37024","2576","1647","1147","3278","950","13040","1896","19059","2415","5238","1190","1291","538","250","309","354","325","365","295","322","260","3947","1079","256","228","402","302","1763","723","1526","590",
"0500000US38035","Grand Forks County, North Dakota","null","null","null","null","null","null","null","null","null","null","null","null","null","null","null","null","null","null","null","null","null","null","null","null","null","null","null","null","null","null","null","null","null","null","null","null","null","null","null","null","null","null","null","null","null","null","null","null","null","null","null","null","null","null","null","null","null","null","null","null","null","null","null","null","null","null","null","null","null","null",
"0500000US38101","Ward County, North Dakota","null","null","null","null","null","null","null","null","null","null","null","null","null","null","null","null","null","null","null","null","null","null","null","null","null","null","null","null","null","null","null","null","null","null","null","null","null","null","null","null","null","null","null","null","null","null","null","null","null","null","null","null","null","null","null","null","null","null","null","null","null","null","null","null","null","null","null","null","null","null",
"0500000US39003","Allen County, Ohio","26956","1539","2864","998","1164","668","320","449","631","493","46","82","167","206","1700","699","511","532","0","211","458","513","53","94","0","211","1189","517","241","250","325","221","613","397","10","18","24092","1666","18585","1248","1018","557","5957","1036","6497","1077","5113","1003","5507","1197","2424","782","0","211","893","393","559","383","972","558","3083","841","122","121","1307","593","1186","583","468","413",
"0500000US39007","Ashtabula County, Ohio","25425","1658","3354","1002","802","450","101","129","228","160","378","355","95","116","2552","965","258","272","0","211","258","272","0","211","0","211","2294","948","199","201","947","500","765","529","383","505","22071","1812","17134","1487","1725","681","6203","1152","6065","1118","3141","801","4937","1087","2102","697","179","271","743","366","1021","591","159","187","2835","843","218","255","725","287","1018","524","874","530",
"0500000US39013","Belmont County, Ohio","16140","1439","1688","700","749","510","361","412","311","289","29","50","48","78","939","444","200","204","0","211","97","183","89","111","14","23","739","371","103","142","187","193","196","195","253","233","14452","1396","10465","1332","267","226","3904","816","3667","882","2627","660","3987","996","2193","797","0","211","969","590","493","326","731","429","1794","620","104","166","894","483","528","239","268","204",
"0500000US39017","Butler County, Ohio","98023","2995","9840","2132","3964","1682","441","395","1622","943","1388","1210","513","552","5876","1758","1700","996","686","628","656","580","297","317","61","107","4176","1527","1327","864","1278","833","1221","781","350","374","88183","3594","67351","3715","3220","1040","13741","1766","19724","2162","30666","2984","20832","3057","7933","1471","1198","667","2578","933","2547","1199","1610","655","12899","2409","364","234","4280","1450","4862","1248","3393","1501",
"0500000US39023","Clark County, Ohio","36164","2295","3393","884","899","358","345","253","283","188","109","110","162","161","2494","878","479","363","303","284","0","211","176","168","0","211","2015","766","291","376","400","333","1313","691","11","24","32771","2222","24907","2028","1828","757","6492","1298","8037","1173","8550","1527","7864","1481","2615","779","611","406","850","423","1069","501","85","135","5249","1340","246","216","1104","564","2443","885","1456","649",
"0500000US39025","Clermont County, Ohio","59301","2669","3700","1126","1367","699","180","237","141","139","655","552","391","370","2333","921","301","194","64","78","91","92","146","172","0","211","2032","892","562","561","1267","752","146","236","57","97","55601","2797","42093","2543","2007","819","9561","1635","13500","1832","17025","2020","13508","2075","5028","1264","547","490","1618","941","1986","724","877","526","8480","1666","145","126","3059","1022","2453","938","2823","954",
"0500000US39029","Columbiana County, Ohio","25684","1758","3086","907","972","436","22","38","441","275","356","275","153","186","2114","816","332","284","109","183","143","169","80","139","0","211","1782","668","125","209","537","339","976","572","144","242","22598","1658","17550","1610","718","413","6078","1365","5161","1153","5593","1272","5048","958","2188","669","596","510","827","399","481","384","284","269","2860","809","191","202","746","312","999","411","924","539",
"0500000US39035","Cuyahoga County, Ohio","294067","7196","30766","2986","7585","1638","1459","868","2409","950","2297","667","1420","646","23181","2628","3649","1311","931","680","1265","679","1352","733","101","130","19532","2419","3710","1179","7750","1668","6227","1450","1845","906","263301","6621","182399","5359","6526","1456","33106","3223","44302","3907","98465","4324","80902","5261","22216","2702","1915","908","9070","1741","6681","1734","4550","1227","58686","4353","5205","1381","15298","2343","24561","3120","13622","1940",
"0500000US39041","Delaware County, Ohio","64295","2539","1691","702","1011","528","0","211","174","154","247","213","590","477","680","451","114","118","0","211","114","118","0","211","0","211","566","436","0","211","205","159","234","361","127","150","62604","2673","50574","3011","543","372","5361","1315","8192","1401","36478","2383","12030","2363","5013","1482","140","172","573","344","1441","898","2859","930","7017","1558","44","72","905","588","2601","1040","3467","1095",
"0500000US39043","Erie County, Ohio","null","null","null","null","null","null","null","null","null","null","null","null","null","null","null","null","null","null","null","null","null","null","null","null","null","null","null","null","null","null","null","null","null","null","null","null","null","null","null","null","null","null","null","null","null","null","null","null","null","null","null","null","null","null","null","null","null","null","null","null","null","null","null","null","null","null","null","null","null","null",
"0500000US39045","Fairfield County, Ohio","45470","1765","3110","908","1526","631","58","79","860","580","350","281","258","253","1584","805","395","328","57","75","193","290","98","120","47","77","1189","757","76","117","561","462","448","550","104","173","42360","1853","33890","1923","1234","625","7722","1481","9167","1338","15767","1778","8470","1536","3153","888","42","66","1360","660","1063","565","688","456","5317","1439","484","476","1392","639","1977","903","1464","723",
"0500000US39049","Franklin County, Ohio","319595","7762","30191","3721","11284","2491","1792","993","4242","1478","3456","1683","1794","847","18907","2538","2688","1251","721","505","861","637","865","769","241","281","16219","2397","2324","1066","7358","1881","5001","1495","1536","729","289404","8281","202027","6558","9582","1967","28738","3600","49783","3500","113924","5177","87377","5904","27277","3293","2533","934","6773","1477","8472","1878","9499","2196","60100","4847","7606","1782","14226","2386","20435","2632","17833","2531",
"0500000US39055","Geauga County, Ohio","null","null","null","null","null","null","null","null","null","null","null","null","null","null","null","null","null","null","null","null","null","null","null","null","null","null","null","null","null","null","null","null","null","null","null","null","null","null","null","null","null","null","null","null","null","null","null","null","null","null","null","null","null","null","null","null","null","null","null","null","null","null","null","null","null","null","null","null","null","null",
"0500000US39057","Greene County, Ohio","43329","2414","2108","753","867","376","70","118","398","241","146","143","253","231","1241","650","59","94","0","211","0","211","59","94","0","211","1182","638","167","274","479","490","536","388","0","211","41221","2352","33897","2130","686","416","4848","950","9479","1464","18884","1759","7324","1765","2821","1163","19","37","930","575","1024","579","848","801","4503","1219","146","147","1126","570","1022","484","2209","857",
"0500000US39061","Hamilton County, Ohio","202198","5765","18968","3380","4461","1324","892","526","1708","945","817","421","1044","632","14507","2942","1734","873","775","656","356","344","489","462","114","137","12773","2932","1210","966","5516","1891","4660","1760","1387","866","183230","5376","135007","4766","4078","1316","22028","2815","32192","3401","76709","4408","48223","4223","13161","2407","1570","1084","4308","1189","4748","1776","2535","866","35062","3893","2502","986","8357","1999","12450","2308","11753","2569",
"0500000US39063","Hancock County, Ohio","null","null","null","null","null","null","null","null","null","null","null","null","null","null","null","null","null","null","null","null","null","null","null","null","null","null","null","null","null","null","null","null","null","null","null","null","null","null","null","null","null","null","null","null","null","null","null","null","null","null","null","null","null","null","null","null","null","null","null","null","null","null","null","null","null","null","null","null","null","null",
"0500000US39085","Lake County, Ohio","62613","2429","2306","820","1106","462","138","171","280","244","526","337","162","153","1200","661","0","211","0","211","0","211","0","211","0","211","1200","661","230","392","433","273","537","420","0","211","60307","2465","48024","2302","1244","479","10830","1570","16427","1669","19523","1660","12283","1706","3712","1011","116","145","1249","587","1699","770","648","415","8571","1478","554","328","2452","852","3172","916","2393","803",
"0500000US39089","Licking County, Ohio","47873","2222","3472","928","1587","648","61","105","618","417","690","499","218","266","1885","855","285","243","0","211","177","212","108","117","0","211","1600","794","256","293","587","504","602","545","155","180","44401","2177","36316","2124","1238","535","9647","1710","11289","1469","14142","1369","8085","1324","2350","718","97","113","1321","564","540","373","392","250","5735","1165","354","296","2414","948","1746","637","1221","609",
"0500000US39093","Lorain County, Ohio","82425","2968","6494","1587","1363","440","173","197","573","360","323","230","294","182","5131","1605","495","435","55","92","440","472","0","211","0","211","4636","1472","810","675","1034","581","1855","875","937","612","75931","3000","60788","2743","1850","794","13041","1996","21839","2319","24058","2019","15143","1817","4720","1356","270","204","2600","1061","981","592","869","431","10423","1506","963","391","2085","693","4863","1282","2512","917",
"0500000US39095","Lucas County, Ohio","108596","3017","13862","2179","2892","848","572","435","1185","557","609","330","526","320","10970","1996","1196","590","209","194","439","296","513","448","35","58","9774","1985","1493","775","3242","1143","4579","1460","460","360","94734","3414","65523","2840","2130","573","13440","1770","20518","2240","29435","2374","29211","2728","10251","1749","1068","607","3393","1071","3746","1138","2044","829","18960","2334","1835","761","6696","1417","7209","1799","3220","864",
"0500000US39099","Mahoning County, Ohio","56812","2856","6704","1327","1793","546","375","322","902","413","282","199","234","162","4911","1188","891","478","403","373","384","294","104","136","0","211","4020","1039","461","296","1021","565","2146","827","392","333","50108","2698","36086","2371","1141","581","8354","1311","11561","1727","15030","1959","14022","2099","5260","1292","413","345","2563","916","1196","596","1088","510","8762","1445","571","299","2795","764","2994","895","2402","853",
"0500000US39101","Marion County, Ohio","null","null","null","null","null","null","null","null","null","null","null","null","null","null","null","null","null","null","null","null","null","null","null","null","null","null","null","null","null","null","null","null","null","null","null","null","null","null","null","null","null","null","null","null","null","null","null","null","null","null","null","null","null","null","null","null","null","null","null","null","null","null","null","null","null","null","null","null","null","null",
"0500000US39103","Medina County, Ohio","49920","1896","2317","925","1174","547","81","136","441","271","254","235","398","416","1143","709","240","370","240","370","0","211","0","211","0","211","903","612","0","211","210","273","326","223","367","460","47603","1933","39609","1927","1542","769","7170","1127","12376","1787","18521","1650","7994","1391","3318","903","314","387","952","591","893","438","1159","554","4676","1116","139","208","1462","548","1500","741","1575","561",
"0500000US39109","Miami County, Ohio","29399","1832","2114","845","765","571","47","82","355","511","363","265","0","211","1349","576","22","27","12","21","0","211","10","16","0","211","1327","578","0","211","443","367","764","511","120","208","27285","1726","22854","1786","718","352","5594","1275","6184","1348","10358","1592","4431","1100","1495","789","268","231","280","287","660","628","287","374","2936","872","166","228","1174","662","1152","546","444","289",
"0500000US39113","Montgomery County, Ohio","130530","3771","11822","2177","2512","860","31","51","990","587","855","436","636","497","9310","2096","1765","888","462","471","1060","664","243","337","0","211","7545","1948","829","802","3642","1423","2730","987","344","287","118708","3860","91758","3516","2902","1048","17481","2379","29307","2889","42068","3077","26950","2593","6811","1214","908","417","2264","823","1725","759","1914","800","20139","2206","992","513","4296","1293","8971","1861","5880","1372",
"0500000US39119","Muskingum County, Ohio","21838","1547","1648","678","464","335","0","211","372","324","49","50","43","72","1184","633","138","213","0","211","124","211","0","211","14","26","1046","628","506","565","106","128","365","281","69","101","20190","1490","14028","1492","653","340","4628","1158","4328","932","4419","1086","6162","1264","3025","954","199","188","1273","576","1243","668","310","340","3137","909","458","347","822","488","1212","679","645","506",
"0500000US39133","Portage County, Ohio","42379","2047","1980","748","1004","583","0","211","331","296","320","306","353","399","976","501","55","92","0","211","0","211","0","211","55","92","921","479","314","307","283","192","116","199","208","202","40399","2036","30209","2269","582","367","8183","1509","8189","1339","13255","1925","10190","2005","3739","875","742","430","1023","533","1267","533","707","577","6451","1788","325","349","2207","935","2202","1078","1717","1009",
"0500000US39139","Richland County, Ohio","31181","2014","2587","895","670","376","120","152","253","212","97","116","200","196","1917","764","263","292","32","56","149","245","82","138","0","211","1654","705","530","515","770","348","354","444","0","211","28594","2138","21890","2314","1242","762","7954","1594","6864","1263","5830","1241","6704","1583","2058","886","361","516","758","422","527","366","412","351","4646","1215","111","157","1981","740","1484","821","1070","561",
"0500000US39141","Ross County, Ohio","null","null","null","null","null","null","null","null","null","null","null","null","null","null","null","null","null","null","null","null","null","null","null","null","null","null","null","null","null","null","null","null","null","null","null","null","null","null","null","null","null","null","null","null","null","null","null","null","null","null","null","null","null","null","null","null","null","null","null","null","null","null","null","null","null","null","null","null","null","null",
"0500000US39145","Scioto County, Ohio","18220","1731","2197","869","1075","621","53","92","589","441","396","384","37","75","1122","570","198","213","103","179","0","211","95","132","0","211","924","540","257","208","465","451","202","227","0","211","16023","1628","13528","1718","458","310","4294","1086","4650","1192","4126","1310","2495","898","532","356","0","211","217","208","214","173","101","133","1963","850","228","269","636","534","914","606","185","185",
"0500000US39151","Stark County, Ohio","97373","3194","8303","1793","3551","1181","419","272","1780","841","863","493","489","322","4752","1401","584","641","350","540","234","296","0","211","0","211","4168","1254","1092","745","1170","733","1625","821","281","224","89070","3257","67310","2839","1916","715","17373","2045","22379","2280","25642","2359","21760","2584","7874","2038","104","119","4594","1608","2148","953","1028","702","13886","1617","352","309","5561","1322","4179","1348","3794","1309",
"0500000US39153","Summit County, Ohio","141108","4039","12288","2193","4133","1158","804","687","1232","547","1146","558","951","440","8155","1793","803","590","239","305","350","319","196","197","18","35","7352","1738","463","410","2096","1057","4405","1254","388","310","128820","4092","98016","3647","4165","1237","19271","2299","25427","2359","49153","3411","30804","3780","10011","2157","609","400","3565","1167","3608","1477","2229","788","20793","3121","831","372","5837","1637","7712","1755","6413","1665",
"0500000US39155","Trumbull County, Ohio","50271","2666","4354","1098","1505","584","477","376","676","358","317","264","35","59","2849","997","347","283","53","87","186","239","108","132","0","211","2502","932","345","334","564","362","1467","820","126","138","45917","2701","34033","2287","1691","443","12244","1832","10114","1478","9984","1440","11884","1941","3599","1026","6","12","2267","959","753","426","573","369","8285","1524","755","581","3811","1054","2637","848","1082","550",
"0500000US39157","Tuscarawas County, Ohio","23444","1927","1775","772","521","285","169","155","101","114","57","67","194","250","1254","723","58","102","0","211","58","102","0","211","0","211","1196","712","132","121","243","358","821","642","0","211","21669","1863","17792","1882","1498","644","6204","1050","3933","901","6157","1116","3877","953","1715","565","366","335","654","369","578","408","117","149","2162","617","173","187","990","443","720","443","279","306",
"0500000US39159","Union County, Ohio","null","null","null","null","null","null","null","null","null","null","null","null","null","null","null","null","null","null","null","null","null","null","null","null","null","null","null","null","null","null","null","null","null","null","null","null","null","null","null","null","null","null","null","null","null","null","null","null","null","null","null","null","null","null","null","null","null","null","null","null","null","null","null","null","null","null","null","null","null","null",
"0500000US39165","Warren County, Ohio","69295","2619","3671","1153","1503","586","407","302","178","130","666","464","252","266","2168","936","365","350","0","211","143","171","0","211","222","304","1803","895","36","61","856","537","396","362","515","609","65624","2597","55872","2472","1056","513","9287","1639","13089","1988","32440","2665","9752","1643","3203","947","149","167","1247","676","310","265","1497","555","6549","1356","171","149","1824","763","2106","882","2448","907",
"0500000US39169","Wayne County, Ohio","30127","1582","2883","1063","1428","856","595","610","294","234","379","386","160","171","1455","717","54","93","0","211","54","93","0","211","0","211","1401","695","49","74","622","389","471","396","259","335","27244","1717","23260","1724","2671","705","6082","1106","7076","1263","7431","1004","3984","1012","682","359","34","44","221","196","392","271","35","55","3302","911","106","112","1787","782","807","465","602","356",
"0500000US39173","Wood County, Ohio","31772","1799","2109","732","768","321","105","174","301","163","176","148","186","179","1341","729","0","211","0","211","0","211","0","211","0","211","1341","729","0","211","773","614","434","372","134","168","29663","1690","24094","1753","710","541","5010","1053","7651","1231","10723","1243","5569","1222","1941","767","96","166","1170","584","554","295","121","162","3628","1046","462","474","744","325","1142","458","1280","742",
"0500000US40017","Canadian County, Oklahoma","44405","2089","2103","595","556","305","62","85","289","232","193","185","12","22","1547","509","409","279","0","168","256","172","54","61","99","166","1138","450","104","120","296","227","526","316","212","236","42302","2133","34069","2038","1289","617","6162","1285","11708","1131","14910","1790","8233","1339","2701","726","157","141","342","215","952","465","1250","595","5532","1109","119","152","1788","676","2645","699","980","634",
"0500000US40027","Cleveland County, Oklahoma","78478","3157","6211","1603","1993","806","168","161","922","497","410","373","493","434","4218","1391","615","410","111","129","185","230","268","310","51","83","3603","1395","802","611","1318","969","1452","661","31","56","72267","3457","54278","2990","1697","530","8742","1507","17740","1983","26099","2476","17989","2755","7361","1593","211","207","2782","1134","2606","1159","1762","632","10628","2283","888","614","2365","1248","3531","1125","3844","1426",
"0500000US40031","Comanche County, Oklahoma","28865","1142","3843","696","1127","427","335","245","317","215","397","286","78","93","2716","640","353","206","0","168","248","174","105","127","0","168","2363","625","562","271","904","387","789","324","108","109","25022","1119","18532","939","237","136","4370","745","7880","880","6045","784","6490","849","2522","594","185","142","1061","362","1068","384","208","194","3968","754","240","146","1068","366","1835","480","825","344",
"0500000US40037","Creek County, Oklahoma","19573","945","2216","571","1112","405","124","130","563","308","294","212","131","123","1104","400","142","115","47","64","16","25","50","70","29","49","962","380","64","92","433","269","382","206","83","103","17357","912","13771","1018","840","325","4718","699","4502","742","3711","655","3586","693","1164","373","114","123","390","193","563","295","97","118","2422","679","263","220","538","241","1125","452","496","302",
"0500000US40101","Muskogee County, Oklahoma","16861","1066","2444","608","1111","424","179","144","450","329","274","186","208","195","1333","463","111","110","25","44","37","61","49","62","0","168","1222","447","87","81","634","330","372","245","129","159","14417","1147","11201","973","1108","410","3459","669","2993","688","3641","791","3216","745","1244","446","103","95","435","288","499","277","207","170","1972","543","186","185","469","279","603","319","714","411",
"0500000US40109","Oklahoma County, Oklahoma","200533","5764","23467","2761","7008","1281","2882","894","1644","560","1751","740","731","437","16459","2623","3012","1140","761","665","1169","660","951","674","131","133","13447","2472","2697","996","4397","1472","5127","1735","1226","638","177066","5121","134355","5450","8818","1441","22361","2840","36822","3139","66354","3462","42711","3458","15119","2005","3165","1094","3326","1100","4270","1138","4358","1214","27592","2675","2012","717","7267","1455","10527","1801","7786","1343",
"0500000US40119","Payne County, Oklahoma","null","null","null","null","null","null","null","null","null","null","null","null","null","null","null","null","null","null","null","null","null","null","null","null","null","null","null","null","null","null","null","null","null","null","null","null","null","null","null","null","null","null","null","null","null","null","null","null","null","null","null","null","null","null","null","null","null","null","null","null","null","null","null","null","null","null","null","null","null","null",
"0500000US40125","Pottawatomie County, Oklahoma","17331","1093","2211","563","500","307","330","263","112","115","58","83","0","168","1711","502","504","272","164","160","251","188","89","109","0","168","1207","454","130","130","722","364","333","229","22","39","15120","1011","11691","983","769","323","3050","615","4788","809","3084","597","3429","625","1197","398","125","119","230","125","684","365","158","167","2232","513","179","134","544","312","876","353","633","297",
"0500000US40131","Rogers County, Oklahoma","27314","1222","1328","389","626","264","12","20","448","251","141","137","25","34","702","300","136","141","41","69","95","120","0","168","0","168","566","257","93","122","242","172","194","173","37","63","25986","1137","20452","1048","953","353","4948","784","7266","1026","7285","889","5534","791","1739","467","29","48","784","312","687","340","239","203","3795","623","55","67","979","345","1880","502","881","353",
"0500000US40143","Tulsa County, Oklahoma","172274","3121","16996","1642","5782","1091","1109","404","2153","762","1489","512","1031","451","11214","1182","1579","486","246","166","780","397","407","274","146","140","9635","1127","1841","727","3836","715","3183","641","775","350","155278","2963","116859","3169","7215","1031","18671","1787","33449","2128","57524","2585","38419","2329","13621","1378","1858","566","4419","915","4288","830","3056","654","24798","1951","1940","550","6801","980","9328","1240","6729","931",
"0500000US40145","Wagoner County, Oklahoma","25217","1190","1659","479","925","397","60","107","279","177","257","190","329","252","734","267","117","121","0","168","19","32","98","116","0","168","617","271","117","156","450","235","50","85","0","168","23558","1273","18789","1218","1215","586","4275","811","6411","879","6888","1039","4769","756","1756","516","9","15","889","368","798","380","60","68","3013","641","432","218","889","343","1062","401","630","290",
"0500000US41003","Benton County, Oregon","null","null","null","null","null","null","null","null","null","null","null","null","null","null","null","null","null","null","null","null","null","null","null","null","null","null","null","null","null","null","null","null","null","null","null","null","null","null","null","null","null","null","null","null","null","null","null","null","null","null","null","null","null","null","null","null","null","null","null","null","null","null","null","null","null","null","null","null","null","null",
"0500000US41005","Clackamas County, Oregon","114666","3957","6902","1686","2669","974","112","135","107","119","1003","727","1447","720","4233","1382","370","272","0","220","156","183","135","159","79","135","3863","1364","641","606","1631","905","1101","634","490","353","107764","3794","88977","3664","2473","928","9935","1703","29955","2856","46614","3056","18787","2385","7203","1812","620","471","1908","836","2781","1298","1894","755","11584","1636","590","469","2156","687","4168","1192","4670","1114",
"0500000US41017","Deschutes County, Oregon","56686","2772","2485","915","928","591","45","80","44","73","393","534","446","342","1557","623","245","243","50","85","0","220","0","220","195","230","1312","611","558","484","495","348","170","197","89","149","54201","2722","43619","2728","1171","617","4523","1123","12798","1798","25127","2268","10582","2070","3015","1118","233","297","796","496","1678","1036","308","266","7567","1893","353","547","838","660","2667","985","3709","1410",
"0500000US41019","Douglas County, Oregon","33506","2170","3366","1084","1614","706","0","220","668","491","732","538","214","169","1752","817","77","116","0","220","77","116","0","220","0","220","1675","787","545","497","384","435","608","451","138","134","30140","2173","22551","2112","982","547","6356","1217","9461","1543","5752","1084","7589","1375","2341","839","128","156","685","434","979","505","549","512","5248","1082","217","195","1019","508","2925","861","1087","561",
"0500000US41029","Jackson County, Oregon","56058","2694","4782","1334","2179","790","117","142","751","532","706","488","605","362","2603","1087","737","420","286","143","29","54","112","193","310","319","1866","941","118","138","790","662","702","528","256","281","51276","2604","40767","2768","1317","752","8078","1611","14768","2280","16604","2031","10509","2178","3690","1128","110","129","966","483","1857","872","757","532","6819","1896","193","226","1814","941","2921","1171","1891","852",
"0500000US41033","Josephine County, Oregon","23548","1765","2176","778","845","558","0","220","582","508","214","232","49","79","1331","673","214","214","0","220","118","143","0","220","96","163","1117","647","654","530","211","293","252","212","0","220","21372","1883","16041","1743","690","538","3654","1082","7751","1242","3946","1096","5331","1495","2053","936","0","220","808","720","988","712","257","222","3278","1170","0","220","814","580","1292","914","1172","671",
"0500000US41035","Klamath County, Oregon","null","null","null","null","null","null","null","null","null","null","null","null","null","null","null","null","null","null","null","null","null","null","null","null","null","null","null","null","null","null","null","null","null","null","null","null","null","null","null","null","null","null","null","null","null","null","null","null","null","null","null","null","null","null","null","null","null","null","null","null","null","null","null","null","null","null","null","null","null","null",
"0500000US41039","Lane County, Oregon","93760","3864","7598","1703","3301","1079","462","533","1074","672","637","363","1128","561","4297","1346","1286","714","106","125","533","492","225","151","422","530","3011","1167","308","374","912","529","1444","786","347","306","86162","3701","66731","3866","3266","1207","11309","2000","24504","2794","27652","2173","19431","1980","6028","1287","489","449","2219","1003","2298","765","1022","404","13403","1743","785","537","2728","864","6677","1302","3213","1003",
"0500000US41043","Linn County, Oregon","33666","1935","3677","1061","1192","534","37","62","441","295","514","449","200","210","2485","976","586","411","0","220","183","238","348","328","55","96","1899","964","0","220","772","645","1020","570","107","130","29989","2265","23273","1863","698","343","4787","1391","11212","1739","6576","1125","6716","1413","2699","1133","51","65","812","460","1443","930","393","346","4017","1059","128","149","814","467","1587","528","1488","877",
"0500000US41047","Marion County, Oregon","84511","3357","6598","1620","2795","1014","511","330","1114","645","595","417","575","313","3803","1165","413","356","0","220","236","288","71","118","106","177","3390","1122","258","221","1433","832","1309","664","390","308","77913","3370","59130","2771","6782","1481","10978","2179","21973","2388","19397","2250","18783","2549","6379","1801","1313","852","1812","974","1962","863","1292","834","12404","1811","1871","1010","4361","1370","3737","1054","2435","948",
"0500000US41051","Multnomah County, Oregon","177054","4631","11474","1926","5488","1438","1305","687","1016","612","1019","481","2148","845","5986","1334","1088","491","0","220","227","221","270","280","591","367","4898","1313","354","235","1524","757","2318","1003","702","570","165580","4695","124359","4661","6276","1757","10941","1919","32801","2926","74341","3865","41221","3593","15273","2383","720","488","4261","1392","4160","1251","6132","1642","25948","2788","1676","852","4002","1061","10555","1986","9715","1694",
"0500000US41053","Polk County, Oregon","null","null","null","null","null","null","null","null","null","null","null","null","null","null","null","null","null","null","null","null","null","null","null","null","null","null","null","null","null","null","null","null","null","null","null","null","null","null","null","null","null","null","null","null","null","null","null","null","null","null","null","null","null","null","null","null","null","null","null","null","null","null","null","null","null","null","null","null","null","null",
"0500000US41059","Umatilla County, Oregon","21102","1477","1999","755","706","473","226","274","194","183","255","330","31","55","1293","561","531","392","355","338","0","220","114","182","62","107","762","471","0","220","284","279","356","347","122","209","19103","1463","14276","1586","1388","851","4078","1053","5569","1221","3241","835","4827","1167","2035","852","118","190","1045","585","447","432","425","385","2792","849","198","293","600","462","1620","707","374","342",
"0500000US41067","Washington County, Oregon","158376","3874","7035","1386","3323","1014","633","567","522","477","518","450","1650","663","3712","1110","253","201","0","220","35","60","142","172","76","99","3459","1090","513","495","855","593","1399","618","692","449","151341","4066","121013","4195","3573","989","11764","1811","30929","2766","74747","3691","30328","3003","10268","1752","874","500","3168","1310","2164","778","4062","1168","20060","2456","1295","788","4310","1116","6915","1583","7540","1417",
"0500000US41071","Yamhill County, Oregon","null","null","null","null","null","null","null","null","null","null","null","null","null","null","null","null","null","null","null","null","null","null","null","null","null","null","null","null","null","null","null","null","null","null","null","null","null","null","null","null","null","null","null","null","null","null","null","null","null","null","null","null","null","null","null","null","null","null","null","null","null","null","null","null","null","null","null","null","null","null",
"0500000US42001","Adams County, Pennsylvania","29409","1514","1040","393","421","280","55","93","294","255","0","192","72","62","619","311","0","192","0","192","0","192","0","192","0","192","619","311","59","63","148","132","325","292","87","151","28369","1534","22895","1509","1126","434","7334","1170","7061","1000","7374","1170","5474","1000","2277","616","212","152","1110","492","685","367","270","198","3197","861","274","378","909","399","1632","780","382","298",
"0500000US42003","Allegheny County, Pennsylvania","303083","6136","20883","2316","7053","1342","1223","825","1127","552","1922","918","2781","778","13830","2422","1553","692","246","276","940","633","192","171","175","152","12277","2237","2033","1009","4501","1546","4041","1171","1702","794","282200","5793","223000","5905","3509","1231","35608","3225","46934","3331","136949","4889","59200","3459","17058","2428","145","143","5313","1234","4676","1392","6924","1732","42142","3143","2131","900","12784","2082","14043","1846","13184","2099",
"0500000US42005","Armstrong County, Pennsylvania","19408","1063","1999","701","608","393","0","192","208","156","352","355","48","80","1391","579","273","279","0","192","77","104","196","265","0","192","1118","606","0","192","197","212","521","411","400","353","17409","1050","14679","1100","789","358","5978","897","4636","772","3276","523","2730","597","875","316","28","35","352","162","410","244","85","128","1855","513","33","55","690","260","638","431","494","279",
"0500000US42007","Beaver County, Pennsylvania","44425","2024","3592","1138","1134","598","301","338","645","473","94","95","94","99","2458","918","388","249","42","83","171","127","175","201","0","192","2070","862","45","64","1302","597","514","536","209","214","40833","2252","31656","2105","336","193","8694","1288","9890","1416","12736","1215","9177","1379","2993","757","301","332","994","425","824","392","874","429","6184","1192","388","324","1787","574","2296","792","1713","500",
"0500000US42011","Berks County, Pennsylvania","111506","3472","10192","1650","3199","875","1101","573","956","371","747","477","395","233","6993","1520","1531","840","595","486","780","605","156","256","0","192","5462","1418","1518","826","1832","887","1567","725","545","488","101314","3377","75053","3353","4460","898","21242","2161","18256","1981","31095","2469","26261","2549","8322","1494","355","331","3653","1116","2719","972","1595","642","17939","2050","3124","907","5386","1277","5478","1151","3951","985",
"0500000US42013","Blair County, Pennsylvania","31058","1695","2432","644","768","333","98","103","416","253","224","163","30","35","1664","508","154","165","81","116","0","192","73","124","0","192","1510","458","250","270","1069","413","191","264","0","192","28626","1596","23298","1572","1245","440","7691","928","6220","1268","8142","1391","5328","1043","1864","681","278","320","839","421","394","313","353","280","3464","817","57","70","1593","685","1093","457","721","322",
"0500000US42017","Bucks County, Pennsylvania","177440","4002","6553","1481","3052","1088","686","604","1109","788","366","279","891","488","3501","1046","485","359","180","222","230","197","75","125","0","192","3016","1032","449","375","951","549","822","530","794","556","170887","3914","140205","4296","4222","1346","24126","2558","30564","3103","81293","4204","30682","2770","11477","1964","747","542","5385","1681","2514","1052","2831","906","19205","2387","471","261","6092","1808","5197","1188","7445","1308",
"0500000US42019","Butler County, Pennsylvania","53386","2275","2084","694","1165","500","65","105","442","339","221","161","437","303","919","388","179","154","0","192","163","150","16","26","0","192","740","359","161","205","298","204","238","174","43","51","51302","2229","44759","2183","905","331","8949","999","12343","1643","22562","1968","6543","1358","2468","831","241","200","710","360","662","364","855","519","4075","934","57","94","1059","350","1308","492","1651","707",
"0500000US42021","Cambria County, Pennsylvania","35678","1749","3532","865","889","387","43","73","428","231","242","207","176","168","2643","740","385","306","65","104","105","125","152","225","63","84","2258","648","577","485","861","371","712","351","108","111","32146","1725","24569","1661","444","254","8261","1081","7543","1125","8321","1283","7577","1259","2824","727","152","178","1367","455","611","328","694","372","4753","1011","188","190","2112","592","1456","738","997","417",
"0500000US42025","Carbon County, Pennsylvania","null","null","null","null","null","null","null","null","null","null","null","null","null","null","null","null","null","null","null","null","null","null","null","null","null","null","null","null","null","null","null","null","null","null","null","null","null","null","null","null","null","null","null","null","null","null","null","null","null","null","null","null","null","null","null","null","null","null","null","null","null","null","null","null","null","null","null","null","null","null",
"0500000US42027","Centre County, Pennsylvania","null","null","null","null","null","null","null","null","null","null","null","null","null","null","null","null","null","null","null","null","null","null","null","null","null","null","null","null","null","null","null","null","null","null","null","null","null","null","null","null","null","null","null","null","null","null","null","null","null","null","null","null","null","null","null","null","null","null","null","null","null","null","null","null","null","null","null","null","null","null",
"0500000US42029","Chester County, Pennsylvania","149898","3552","5732","1237","2595","895","675","437","724","491","868","633","328","223","3137","990","120","150","0","192","120","150","0","192","0","192","3017","999","0","192","1230","770","1278","837","509","432","144166","3396","121703","3143","4006","925","16002","2425","17899","1957","83796","3841","22463","2388","7959","1642","545","485","1765","966","2012","904","3637","1108","14504","1831","581","413","3405","862","3070","1104","7448","1404",
"0500000US42033","Clearfield County, Pennsylvania","21422","1322","2338","815","904","366","283","245","267","233","181","179","173","139","1434","759","142","78","9","16","84","69","49","38","0","192","1292","756","146","153","1033","743","113","156","0","192","19084","1433","16304","1425","849","433","6159","896","4486","894","4810","905","2780","802","1265","549","177","198","598","317","400","369","90","122","1515","494","135","125","653","369","578","302","149","95",
"0500000US42037","Columbia County, Pennsylvania","16264","1286","1450","738","844","634","173","267","621","585","16","26","34","43","606","359","148","215","0","192","148","215","0","192","0","192","458","275","66","78","178","146","214","204","0","192","14814","1114","12035","1043","305","157","4228","789","3116","548","4386","752","2779","756","902","401","13","22","409","339","127","85","353","300","1877","597","0","192","820","379","314","233","743","518",
"0500000US42039","Crawford County, Pennsylvania","22126","1261","2433","478","1459","389","682","275","407","227","292","214","78","82","974","325","416","224","86","104","264","191","29","47","37","61","558","322","85","103","251","185","154","164","68","90","19693","1257","15627","1122","1488","536","6066","904","3900","668","4173","788","4066","811","1359","429","123","70","547","311","382","304","307","201","2707","716","178","141","894","370","968","528","667","365",
"0500000US42041","Cumberland County, Pennsylvania","71654","3223","3650","1412","1318","643","428","388","211","166","13","22","666","458","2332","1113","351","265","58","57","143","187","53","93","97","165","1981","1099","108","153","692","546","946","939","235","231","68004","3177","57287","2932","2130","947","13344","1987","12022","1655","29791","2271","10717","1946","4180","1147","0","192","1098","459","1757","821","1325","738","6537","1621","17","31","1766","708","2069","760","2685","1067",
"0500000US42043","Dauphin County, Pennsylvania","71176","3037","6185","1643","1686","802","793","704","288","194","385","343","220","207","4499","1392","143","194","18","31","0","192","125","177","0","192","4356","1427","899","662","1371","773","1775","966","311","377","64991","3380","49518","2944","3058","1294","10149","2033","13712","2151","22599","1973","15473","2404","4498","1254","268","231","1054","600","2478","1070","698","412","10975","2247","1371","1072","3187","1222","3722","1307","2695","1063",
"0500000US42045","Delaware County, Pennsylvania","140604","3953","10943","1989","4079","1262","363","371","1385","770","915","583","1416","796","6864","1541","1011","625","85","107","500","524","219","203","207","284","5853","1433","973","687","1912","1010","2278","1044","690","365","129661","4155","95263","3460","1769","778","16915","2214","20220","2411","56359","2639","34398","3657","9590","2036","691","499","4786","1497","2035","916","2078","727","24808","2565","980","558","7298","1800","7634","1671","8896","1850",
"0500000US42049","Erie County, Pennsylvania","66016","2817","6157","1415","1657","748","101","118","842","615","501","288","213","201","4500","1246","1074","743","259","239","698","706","40","50","77","126","3426","1099","353","355","1559","679","1015","650","499","512","59859","2908","42887","2542","1904","561","10977","1412","10945","1424","19061","1742","16972","2241","6141","1281","793","573","2448","884","1605","543","1295","629","10831","1542","499","411","4147","1213","3446","1012","2739","963",
"0500000US42051","Fayette County, Pennsylvania","32437","2189","2710","899","1132","384","156","134","656","280","220","190","100","111","1578","837","171","159","0","192","86","103","64","115","21","35","1407","794","200","164","1035","769","172","174","0","192","29727","2110","23034","1637","1372","597","9141","1268","6217","1279","6304","1100","6693","1530","2265","974","483","396","982","606","708","622","92","82","4428","1024","531","466","1275","414","1913","796","709","334",
"0500000US42055","Franklin County, Pennsylvania","41081","2466","2292","957","685","340","83","154","205","160","222","204","175","205","1607","870","140","139","0","192","140","139","0","192","0","192","1467","854","0","192","302","404","795","631","370","578","38789","2622","30020","2091","2078","830","9042","1354","9242","1425","9658","1490","8769","1917","3254","1161","237","306","1440","722","929","851","648","460","5515","1277","758","490","2193","964","1467","614","1097","575",
"0500000US42063","Indiana County, Pennsylvania","20226","1116","2117","632","956","437","258","220","340","161","111","80","247","221","1161","475","171","141","78","104","45","63","48","81","0","192","990","463","326","461","364","221","245","208","55","94","18109","1157","15180","1193","468","206","6145","941","3665","654","4902","933","2929","682","1251","412","129","159","626","317","268","222","228","175","1678","539","15","26","473","230","687","447","503","253",
"0500000US42069","Lackawanna County, Pennsylvania","49871","2777","5543","1256","1665","689","437","404","737","481","411","277","80","86","3878","1059","805","478","446","420","238","259","0","192","121","192","3073","957","957","666","1524","632","500","328","92","154","44328","2665","33242","2537","1412","753","8705","1405","9629","1464","13496","1703","11086","1434","3825","821","128","135","1633","551","1027","491","1037","453","7261","1086","794","561","3016","888","1389","531","2062","600",
"0500000US42071","Lancaster County, Pennsylvania","149439","3705","7627","1541","2972","895","965","510","1057","457","271","279","679","398","4655","1429","671","466","185","307","214","188","272","291","0","192","3984","1357","757","555","2609","1096","268","227","350","468","141812","3557","116630","3780","11893","1830","28836","2253","25573","2365","50328","3592","25182","3026","8746","2088","459","467","3575","1012","2377","1108","2335","1082","16436","2001","1575","665","5900","1384","4628","1168","4333","1075",
"0500000US42073","Lawrence County, Pennsylvania","21423","1340","2590","660","977","413","32","53","523","257","353","296","69","76","1613","617","165","167","47","60","28","50","90","147","0","192","1448","583","253","223","690","389","505","329","0","192","18833","1330","14525","1029","604","297","5183","733","4676","701","4062","749","4308","875","1259","522","99","115","572","431","293","202","295","257","3049","793","55","77","915","347","1054","626","1025","460",
"0500000US42075","Lebanon County, Pennsylvania","38328","1950","2743","923","1722","891","904","743","668","417","150","176","0","192","1021","483","84","148","0","192","0","192","84","148","0","192","937","464","192","223","224","245","453","334","68","116","35585","1787","28794","1607","2416","808","11525","1613","6225","1415","8628","1280","6791","1272","1954","861","26","45","1096","648","729","607","103","174","4837","1070","507","445","1679","652","1438","764","1213","863",
"0500000US42077","Lehigh County, Pennsylvania","95889","3772","8041","1913","2925","1132","864","616","1016","653","771","531","274","283","5116","1653","815","587","401","451","63","107","351","368","0","192","4301","1625","605","419","2063","1202","1541","1091","92","156","87848","4035","65608","3207","2172","753","14153","1915","17657","2414","31626","2380","22240","2823","6490","1677","1529","1056","1933","931","1938","1000","1090","449","15750","2455","1248","836","4597","1651","5935","1983","3970","1330",
"0500000US42079","Luzerne County, Pennsylvania","86082","3197","8760","1486","2932","1001","602","427","1488","713","529","361","313","257","5828","1206","669","476","134","175","378","444","108","103","49","80","5159","1193","1310","673","2026","797","1480","843","343","450","77322","3072","56228","3105","3136","1007","16749","2280","16214","2230","20129","2205","21094","2575","6715","1407","969","662","3027","894","1897","790","822","386","14379","2136","2273","990","4459","1304","5384","1214","2263","761",
"0500000US42081","Lycoming County, Pennsylvania","28652","1544","3049","1084","854","505","230","152","91","99","473","456","60","64","2195","810","259","285","0","192","259","285","0","192","0","192","1936","894","378","260","1133","765","391","341","34","59","25603","1550","20872","1588","1485","743","5295","725","7225","1190","6867","1041","4731","1082","1586","523","191","179","524","296","305","192","566","411","3145","993","344","241","1170","606","846","517","785","413",
"0500000US42085","Mercer County, Pennsylvania","30345","1661","2525","644","1382","459","105","75","573","253","498","285","206","198","1143","451","306","232","30","49","90","110","98","140","88","128","837","388","124","123","456","309","206","166","51","59","27820","1570","23303","1797","1468","550","8422","1623","5658","998","7755","1079","4517","738","1825","640","361","417","899","406","294","204","271","180","2692","544","95","126","877","327","844","315","876","403",
"0500000US42089","Monroe County, Pennsylvania","41899","2370","3329","1075","1362","581","197","208","474","348","529","399","162","184","1967","804","381","361","212","295","169","223","0","192","0","192","1586","662","217","303","590","455","618","385","161","203","38570","2142","29121","2191","1368","585","8625","1611","8810","1612","10318","1453","9449","1716","3806","995","416","368","1485","662","1099","653","806","391","5643","1214","703","572","1344","573","1445","682","2151","731",
"0500000US42091","Montgomery County, Pennsylvania","222471","5070","8558","1805","3466","1133","393","331","598","310","790","728","1685","876","5092","1360","946","618","48","78","860","613","0","192","38","66","4146","1368","520","338","1221","747","1207","729","1198","492","213913","5163","174396","5277","5181","1469","22787","2478","30392","2607","116036","4648","39517","3400","14235","2079","318","232","4577","1512","3670","1250","5670","1157","25282","2903","1073","519","7122","1867","6689","1497","10398","1855",
"0500000US42095","Northampton County, Pennsylvania","84238","3028","5110","1267","2322","949","384","322","1022","738","294","214","622","410","2788","855","103","134","0","192","65","112","0","192","38","61","2685","845","257","258","1660","672","290","183","478","424","79128","3260","60692","3438","2316","997","13056","1841","18198","2101","27122","3038","18436","2369","6669","1370","508","499","2858","997","1796","822","1507","691","11767","1994","680","459","3174","1083","4052","1228","3861","1201",
"0500000US42097","Northumberland County, Pennsylvania","24456","1757","2738","928","536","321","0","192","338","253","50","68","148","186","2202","867","698","585","518","529","166","227","14","24","0","192","1504","670","235","201","895","531","305","306","69","111","21718","1460","17256","1377","799","403","7090","1067","5470","887","3897","752","4462","903","1515","637","18","31","618","372","384","295","495","496","2947","834","229","224","1075","534","1108","665","535","298",
"0500000US42101","Philadelphia County, Pennsylvania","353377","7702","53115","5507","14964","2720","4594","1170","5513","1960","3055","1437","1802","947","38151","4818","4538","1977","1288","816","2174","1700","604","513","472","703","33613","4687","8137","2398","12412","2709","8551","2389","4513","2327","300262","8242","178747","7093","13830","2498","44485","5610","33525","3596","86907","5244","121515","7424","30252","4059","3911","1857","10982","2627","7689","2029","7670","1775","91263","6206","9868","2279","30094","3833","30257","4895","21044","3357",
"0500000US42107","Schuylkill County, Pennsylvania","39421","2142","3397","1081","1049","581","129","186","533","329","60","61","327","469","2348","978","579","308","0","192","288","205","244","235","47","80","1769","911","416","490","783","534","536","319","34","58","36024","2242","26663","2215","1362","545","9804","1227","7026","1107","8471","1520","9361","1441","3289","748","171","192","2062","670","568","342","488","296","6072","1221","845","500","1846","678","2490","733","891","370",
"0500000US42111","Somerset County, Pennsylvania","19911","1232","1658","492","581","217","161","115","346","178","74","68","0","192","1077","419","247","217","163","190","8","14","76","111","0","192","830","351","87","112","527","335","207","172","9","14","18253","1226","14903","1077","519","198","6446","887","3592","663","4346","818","3350","805","1208","441","57","75","509","259","400","319","242","213","2142","726","221","151","910","383","403","381","608","408",
"0500000US42125","Washington County, Pennsylvania","59194","2480","3973","1091","1933","797","72","72","1121","654","473","369","267","221","2040","678","418","349","148","164","0","192","206","282","64","109","1622","558","280","316","802","476","461","292","79","105","55221","2581","43581","2327","574","355","12033","1891","12420","1522","18554","2115","11640","1541","5325","1321","147","126","2587","1120","1044","562","1547","602","6315","1210","580","388","2401","864","1879","694","1455","610",
"0500000US42129","Westmoreland County, Pennsylvania","100867","2954","7479","1785","2983","873","272","304","1294","613","903","571","514","323","4496","1492","473","240","79","101","301","188","93","114","0","192","4023","1418","865","681","1988","944","906","512","264","235","93388","2946","75923","3246","1457","557","20676","1519","21172","2054","32618","2485","17465","1938","6624","1178","402","278","2418","806","2406","816","1398","590","10841","1582","818","612","3266","941","3784","995","2973","805",
"0500000US42133","York County, Pennsylvania","125746","3258","9417","1888","3290","1043","899","631","1082","517","380","232","929","603","6127","1543","1396","657","806","469","490","464","31","53","69","97","4731","1337","305","362","3152","1324","778","390","496","371","116329","3077","94271","3084","4444","1189","28374","2190","25618","2377","35835","2708","22058","2732","8170","1778","439","276","3909","1145","3130","1428","692","300","13888","1982","1807","908","3708","987","4149","896","4224","1268",
"0500000US44003","Kent County, Rhode Island","45700","2541","2339","1203","343","251","26","44","257","265","0","244","60","97","1996","1130","273","428","0","244","273","428","0","244","0","244","1723","1035","0","244","569","508","1032","899","122","217","43361","2561","31296","2550","763","477","4937","1041","11147","1981","14449","1682","12065","2330","4734","1519","46","74","2101","1099","1599","926","988","758","7331","1948","274","233","2314","1130","2395","1025","2348","917",
"0500000US44005","Newport County, Rhode Island","null","null","null","null","null","null","null","null","null","null","null","null","null","null","null","null","null","null","null","null","null","null","null","null","null","null","null","null","null","null","null","null","null","null","null","null","null","null","null","null","null","null","null","null","null","null","null","null","null","null","null","null","null","null","null","null","null","null","null","null","null","null","null","null","null","null","null","null","null","null",
"0500000US44007","Providence County, Rhode Island","153519","5700","16736","3041","6707","2071","1460","895","2536","1302","1654","1009","1057","818","10029","2144","940","758","335","431","405","434","200","239","0","244","9089","2002","842","528","4999","1855","2046","1008","1202","571","136783","4946","97321","5399","10605","2437","22043","2757","22790","2915","41883","3483","39462","4457","11941","2551","2466","1350","4639","1402","2365","1062","2471","985","27521","3351","2939","1180","7204","1844","9401","2115","7977","1749",
"0500000US44009","Washington County, Rhode Island","null","null","null","null","null","null","null","null","null","null","null","null","null","null","null","null","null","null","null","null","null","null","null","null","null","null","null","null","null","null","null","null","null","null","null","null","null","null","null","null","null","null","null","null","null","null","null","null","null","null","null","null","null","null","null","null","null","null","null","null","null","null","null","null","null","null","null","null","null","null",
"0500000US45003","Aiken County, South Carolina","48925","2741","4693","1294","1976","805","494","490","491","379","363","297","628","539","2717","986","879","661","93","175","521","513","178","293","87","154","1838","698","469","371","469","271","645","424","255","274","44232","2353","33954","2579","802","382","8002","1866","12119","2135","13031","1501","10278","1781","2184","795","153","161","1143","568","433","330","455","440","8094","1664","1156","542","2962","830","2303","868","1673","872",
"0500000US45007","Anderson County, South Carolina","57808","2779","6564","1672","2651","1096","517","566","1007","582","996","635","131","150","3913","1116","657","579","106","133","116","145","435","540","0","229","3256","1081","1192","782","1559","737","445","266","60","100","51244","2838","39835","2794","1905","769","8533","1298","13087","1925","16310","1772","11409","1525","2885","946","975","694","776","333","900","546","234","239","8524","1265","1040","672","3154","974","2479","785","1851","863",
"0500000US45013","Beaufort County, South Carolina","62905","3256","2197","1169","943","465","73","117","393","324","272","287","205","192","1254","1115","326","269","120","206","82","147","48","88","76","109","928","1082","0","229","833","1066","95","167","0","229","60708","3144","51367","3618","1359","812","6480","2168","14205","2478","29323","2850","9341","2221","2480","1201","700","743","1197","979","387","278","196","216","6861","1995","600","564","2593","1421","1735","879","1933","1063",
"0500000US45015","Berkeley County, South Carolina","67994","3519","3300","1234","1351","637","80","119","273","231","454","408","544","496","1949","898","192","245","158","237","34","63","0","229","0","229","1757","857","36","62","906","787","787","392","28","47","64694","3508","51230","3126","2533","972","10441","1888","15824","2303","22432","2785","13464","2010","4027","1341","448","402","1325","1020","1624","736","630","547","9437","1786","491","425","2223","985","3753","1172","2970","967",
"0500000US45019","Charleston County, South Carolina","110558","4886","5526","1532","2414","985","31","55","323","404","414","299","1646","777","3112","1218","49","82","49","82","0","229","0","229","0","229","3063","1210","447","377","1040","702","1120","664","456","324","105032","4837","81553","4236","3292","1125","8173","1906","15777","2444","54311","3259","23479","3235","5867","2092","1544","1176","1225","988","867","685","2231","1196","17612","2579","1009","763","3202","1278","8601","2321","4800","1428",
"0500000US45035","Dorchester County, South Carolina","47654","2732","3086","1330","1507","882","286","471","243","231","650","636","328","266","1579","883","168","129","0","229","113","155","37","63","18","27","1411","861","246","322","495","523","469","460","201","321","44568","2839","32753","2609","880","679","7809","1815","11480","2027","12584","1789","11815","2153","2537","1104","142","124","526","367","778","625","1091","649","9278","1854","1560","1204","1810","788","3125","1047","2783","1005",
"0500000US45041","Florence County, South Carolina","36074","2864","4924","1376","1497","721","199","198","539","372","466","457","293","348","3427","1133","663","614","0","229","409","442","143","265","111","172","2764","1055","57","106","1934","868","503","471","270","310","31150","2893","21629","2357","1362","684","5360","1432","7838","1644","7069","1376","9521","1795","2104","944","129","176","1200","768","396","351","379","322","7417","1670","744","548","2200","986","2129","964","2344","1038",
"0500000US45043","Georgetown County, South Carolina","18825","1778","3342","1068","1524","924","36","58","142","146","847","633","499","472","1818","751","46","82","46","82","0","229","0","229","0","229","1772","725","44","79","684","624","753","502","291","271","15483","1663","12733","1484","714","419","2432","827","4616","1228","4971","1138","2750","815","827","425","83","104","193","182","299","239","252","362","1923","648","35","57","633","364","703","391","552","292",
"0500000US45045","Greenville County, South Carolina","150834","4612","10566","2127","3833","1335","1082","701","1126","788","1081","555","544","364","6733","1911","929","752","840","728","89","166","0","229","0","229","5804","1808","2084","1088","934","500","1714","1011","1072","844","140268","4275","114050","4403","4092","1243","18050","2719","31077","3503","60831","3981","26218","2763","8029","1664","1319","796","2381","1051","2498","963","1831","906","18189","2279","753","413","4203","1165","6763","1516","6470","1749",
"0500000US45047","Greenwood County, South Carolina","18322","1429","1986","863","165","160","0","229","0","229","107","137","58","96","1821","858","522","324","41","66","418","316","0","229","63","138","1299","830","750","689","369","423","180","169","0","229","16336","1440","11562","1056","645","437","3047","844","3028","861","4842","966","4774","1160","1520","665","530","384","384","288","82","112","524","431","3254","962","283","276","828","547","1423","844","720","684",
"0500000US45051","Horry County, South Carolina","117321","4417","12131","2412","6253","1957","1396","1013","2211","1170","1381","700","1265","734","5878","1883","1151","797","478","639","495","446","104","139","74","124","4727","1711","685","523","1856","1329","1554","850","632","708","105190","4291","85714","3182","2942","1006","21716","2499","32041","2579","29015","2999","19476","2684","5530","1441","752","438","1535","715","1313","806","1930","1022","13946","2108","935","599","3806","1339","6552","1695","2653","983",
"0500000US45055","Kershaw County, South Carolina","null","null","null","null","null","null","null","null","null","null","null","null","null","null","null","null","null","null","null","null","null","null","null","null","null","null","null","null","null","null","null","null","null","null","null","null","null","null","null","null","null","null","null","null","null","null","null","null","null","null","null","null","null","null","null","null","null","null","null","null","null","null","null","null","null","null","null","null","null","null",
"0500000US45057","Lancaster County, South Carolina","27392","1957","2243","974","810","512","10","17","470","447","216","180","114","187","1433","770","546","386","219","288","327","319","0","229","0","229","887","640","106","162","498","424","283","430","0","229","25149","1993","19933","1782","831","593","4535","1503","4946","1157","9621","1787","5216","1271","1614","842","227","311","501","392","669","550","217","219","3602","1075","149","128","898","580","1617","763","938","507",
"0500000US45059","Laurens County, South Carolina","null","null","null","null","null","null","null","null","null","null","null","null","null","null","null","null","null","null","null","null","null","null","null","null","null","null","null","null","null","null","null","null","null","null","null","null","null","null","null","null","null","null","null","null","null","null","null","null","null","null","null","null","null","null","null","null","null","null","null","null","null","null","null","null","null","null","null","null","null","null",
"0500000US45063","Lexington County, South Carolina","85694","3376","8267","1826","2569","972","276","239","1341","674","365","306","587","459","5698","1705","450","395","297","364","50","82","0","229","103","124","5248","1663","1118","771","1738","967","1794","1025","598","561","77427","3153","61777","3156","3366","809","11200","1492","18353","1916","28858","2112","15650","2294","5118","1528","168","171","2790","1095","627","315","1533","850","10532","1799","419","340","2047","846","3914","1171","4152","1158",
"0500000US45073","Oconee County, South Carolina","26871","1487","3950","1066","975","638","308","364","524","397","79","137","64","97","2975","1003","1183","642","227","278","129","162","827","701","0","229","1792","728","413","416","769","636","546","471","64","116","22921","1557","19390","1608","697","457","3936","875","6952","1396","7805","1209","3531","937","1384","635","338","359","658","482","281","269","107","131","2147","715","373","237","202","204","1053","548","519","339",
"0500000US45075","Orangeburg County, South Carolina","21876","1760","3037","1043","546","355","0","229","199","168","185","227","162","177","2491","1067","122","119","34","59","14","23","54","87","20","37","2369","1065","265","217","638","501","1303","855","163","269","18839","1886","13178","1426","1441","644","3478","932","4538","1173","3721","1071","5661","1189","1234","392","426","277","522","329","267","249","19","38","4427","1114","136","156","2166","935","1303","627","822","463",
"0500000US45077","Pickens County, South Carolina","33987","1888","2618","800","1637","569","183","198","734","454","273","233","447","400","981","545","365","333","171","264","0","229","132","162","62","107","616","485","254","377","278","284","32","53","52","91","31369","1861","26070","2055","1233","532","5728","1132","8946","1476","10163","1402","5299","1254","1338","494","293","359","579","348","372","268","94","127","3961","1088","675","414","1483","761","1124","469","679","370",
"0500000US45079","Richland County, South Carolina","104352","4288","11107","2723","2674","861","749","580","452","360","617","516","856","506","8433","2628","2387","1332","405","405","1503","1109","479","724","0","229","6046","2209","467","416","2261","1164","2496","1745","822","841","93245","4362","62000","4100","1516","684","7136","2150","18517","2998","34831","3288","31245","3480","7582","1878","817","440","2788","1333","2028","998","1949","1001","23663","3295","617","393","5371","1714","9761","2383","7914","2191",
"0500000US45083","Spartanburg County, South Carolina","97301","3654","7588","1692","2954","918","226","176","1795","762","416","309","517","337","4634","1365","1070","592","419","459","426","369","225","222","0","229","3564","1145","1152","815","1267","600","1064","645","81","132","89713","3539","65508","3457","2468","852","17381","2066","22597","2613","23062","2580","24205","2947","7536","1761","1267","837","3333","1150","1999","783","937","691","16669","2651","2286","755","5660","1646","5920","1590","2803","1073",
"0500000US45085","Sumter County, South Carolina","24772","1983","3175","1240","1290","746","110","185","579","490","280","252","321","337","1885","995","27","48","0","229","0","229","0","229","27","48","1858","996","352","327","221","221","1073","833","212","221","21597","1835","14904","1647","727","476","3864","1102","6257","1257","4056","1036","6693","1411","1479","738","0","229","771","597","160","161","548","420","5214","1196","788","780","1369","698","2151","868","906","547",
"0500000US45091","York County, South Carolina","85269","2964","6420","1588","2409","945","594","533","569","466","765","480","481","372","4011","1339","525","471","49","76","469","464","7","15","0","229","3486","1266","717","525","364","257","1247","797","1158","812","78849","2913","65505","3221","2555","980","8636","1929","19195","2402","35119","2916","13344","2377","4862","1390","743","413","899","549","1988","918","1232","974","8482","1798","633","545","2912","1288","2486","809","2451","837",
"0500000US46083","Lincoln County, South Dakota","null","null","null","null","null","null","null","null","null","null","null","null","null","null","null","null","null","null","null","null","null","null","null","null","null","null","null","null","null","null","null","null","null","null","null","null","null","null","null","null","null","null","null","null","null","null","null","null","null","null","null","null","null","null","null","null","null","null","null","null","null","null","null","null","null","null","null","null","null","null",
"0500000US46099","Minnehaha County, South Dakota","51010","2469","2080","750","792","441","133","196","191","180","394","391","74","92","1288","599","225","282","0","179","214","281","11","19","0","179","1063","496","343","356","224","232","454","362","42","72","48930","2581","40194","2567","1860","857","5633","1011","13121","1845","19580","2116","8736","2114","3297","1219","176","274","1407","848","738","478","976","624","5439","1488","459","336","2276","1173","1829","838","875","499",
"0500000US46103","Pennington County, South Dakota","null","null","null","null","null","null","null","null","null","null","null","null","null","null","null","null","null","null","null","null","null","null","null","null","null","null","null","null","null","null","null","null","null","null","null","null","null","null","null","null","null","null","null","null","null","null","null","null","null","null","null","null","null","null","null","null","null","null","null","null","null","null","null","null","null","null","null","null","null","null",
"0500000US47001","Anderson County, Tennessee","null","null","null","null","null","null","null","null","null","null","null","null","null","null","null","null","null","null","null","null","null","null","null","null","null","null","null","null","null","null","null","null","null","null","null","null","null","null","null","null","null","null","null","null","null","null","null","null","null","null","null","null","null","null","null","null","null","null","null","null","null","null","null","null","null","null","null","null","null","null",
"0500000US47009","Blount County, Tennessee","39807","2180","2147","873","566","423","0","230","451","420","46","81","69","91","1581","788","169","272","169","272","0","230","0","230","0","230","1412","773","376","434","661","543","375","366","0","230","37660","2255","32060","2197","1361","614","7901","1473","9417","1303","13381","1832","5600","1393","2072","788","196","276","393","302","603","360","880","584","3528","1292","288","234","1446","625","1048","959","746","396",
"0500000US47011","Bradley County, Tennessee","30410","1925","2637","977","989","586","282","341","252","240","199","191","256","341","1648","818","417","506","330","483","0","230","87","154","0","230","1231","629","161","213","605","524","381","399","84","139","27773","1957","22773","1866","1207","459","6475","1511","8772","1616","6319","1302","5000","1497","1558","654","504","461","516","341","385","293","153","180","3442","1273","450","500","1435","857","787","533","770","555",
"0500000US47035","Cumberland County, Tennessee","null","null","null","null","null","null","null","null","null","null","null","null","null","null","null","null","null","null","null","null","null","null","null","null","null","null","null","null","null","null","null","null","null","null","null","null","null","null","null","null","null","null","null","null","null","null","null","null","null","null","null","null","null","null","null","null","null","null","null","null","null","null","null","null","null","null","null","null","null","null",
"0500000US47037","Davidson County, Tennessee","174584","6849","12430","2695","4482","1787","318","497","1168","954","1925","1067","1071","671","7948","2307","2465","1359","1515","1024","709","909","100","152","141","166","5483","1893","954","904","1071","770","2516","1597","942","670","162154","6841","114731","5626","5502","1945","18568","2685","20216","2507","70445","5024","47423","4431","15057","2398","2465","1247","4557","1307","4409","1717","3626","1272","32366","3326","4166","1585","8089","2449","9642","2600","10469","1968",
"0500000US47059","Greene County, Tennessee","null","null","null","null","null","null","null","null","null","null","null","null","null","null","null","null","null","null","null","null","null","null","null","null","null","null","null","null","null","null","null","null","null","null","null","null","null","null","null","null","null","null","null","null","null","null","null","null","null","null","null","null","null","null","null","null","null","null","null","null","null","null","null","null","null","null","null","null","null","null",
"0500000US47063","Hamblen County, Tennessee","null","null","null","null","null","null","null","null","null","null","null","null","null","null","null","null","null","null","null","null","null","null","null","null","null","null","null","null","null","null","null","null","null","null","null","null","null","null","null","null","null","null","null","null","null","null","null","null","null","null","null","null","null","null","null","null","null","null","null","null","null","null","null","null","null","null","null","null","null","null",
"0500000US47065","Hamilton County, Tennessee","96566","3797","9773","2014","2984","998","1153","594","688","612","911","551","232","200","6789","1592","901","459","328","240","413","352","63","78","97","159","5888","1495","774","546","1435","769","3142","1340","537","311","86793","3413","67673","3342","2149","817","10884","1884","19759","2385","34881","2842","19120","2552","5816","1508","1115","740","1631","708","2013","902","1057","616","13304","2072","753","412","3519","1088","4346","1055","4686","1286",
"0500000US47093","Knox County, Tennessee","128016","4070","9418","1936","2717","937","759","550","146","140","1076","801","736","394","6701","1624","400","342","135","227","51","83","171","163","43","79","6301","1545","568","474","1559","792","3386","1252","788","494","118598","3873","95851","4089","2719","1041","16634","2291","24911","2839","51587","3569","22747","2764","8144","1774","931","538","1819","737","3305","1320","2089","745","14603","2176","2453","1118","3971","1307","3519","1030","4660","1225",
"0500000US47113","Madison County, Tennessee","null","null","null","null","null","null","null","null","null","null","null","null","null","null","null","null","null","null","null","null","null","null","null","null","null","null","null","null","null","null","null","null","null","null","null","null","null","null","null","null","null","null","null","null","null","null","null","null","null","null","null","null","null","null","null","null","null","null","null","null","null","null","null","null","null","null","null","null","null","null",
"0500000US47119","Maury County, Tennessee","null","null","null","null","null","null","null","null","null","null","null","null","null","null","null","null","null","null","null","null","null","null","null","null","null","null","null","null","null","null","null","null","null","null","null","null","null","null","null","null","null","null","null","null","null","null","null","null","null","null","null","null","null","null","null","null","null","null","null","null","null","null","null","null","null","null","null","null","null","null",
"0500000US47125","Montgomery County, Tennessee","66618","2687","5246","1721","1602","666","115","152","656","520","536","405","295","298","3644","1512","0","230","0","230","0","230","0","230","0","230","3644","1512","267","290","1416","992","973","871","988","799","61372","3061","49229","3506","911","499","8282","1936","22795","2611","17241","1806","12143","2821","3991","1361","0","230","1322","753","1975","1009","694","492","8152","2308","970","822","3187","1470","2335","1093","1660","869",
"0500000US47141","Putnam County, Tennessee","21856","1592","2736","770","1265","603","86","140","458","418","409","395","312","283","1471","741","1016","685","353","458","154","181","509","554","0","230","455","284","0","230","207","207","170","164","78","120","19120","1733","15418","1612","382","298","3012","877","4662","1250","7362","1397","3702","1237","881","489","294","352","197","195","241","263","149","180","2821","1114","121","199","825","517","1401","892","474","410",
"0500000US47147","Robertson County, Tennessee","null","null","null","null","null","null","null","null","null","null","null","null","null","null","null","null","null","null","null","null","null","null","null","null","null","null","null","null","null","null","null","null","null","null","null","null","null","null","null","null","null","null","null","null","null","null","null","null","null","null","null","null","null","null","null","null","null","null","null","null","null","null","null","null","null","null","null","null","null","null",
"0500000US47149","Rutherford County, Tennessee","96361","3851","6469","1678","3568","1209","1114","628","834","596","1247","681","373","316","2901","1263","612","630","0","230","414","535","198","307","0","230","2289","982","553","505","334","267","803","578","599","472","89892","3641","61197","3754","2394","960","11564","2210","16418","2211","30821","3106","28695","3653","9994","2618","594","537","4539","1953","1439","718","3422","1537","18701","2649","233","156","4702","1450","7623","1828","6143","1925",
"0500000US47155","Sevier County, Tennessee","26166","1916","3175","1038","1749","795","636","517","287","232","594","415","232","236","1426","684","487","543","173","290","314","471","0","230","0","230","939","452","128","160","614","430","197","253","0","230","22991","1944","18169","1962","845","471","6800","1407","5531","1213","4993","1229","4822","1205","1737","746","221","191","816","536","274","185","426","470","3085","1083","0","230","1175","466","1112","693","798","701",
"0500000US47157","Shelby County, Tennessee","213487","6387","30018","3165","5918","1509","1807","899","1867","869","1265","703","979","671","24100","3649","3269","1327","379","296","1248","844","1392","966","250","302","20831","3429","4842","1548","7488","2083","7576","2053","925","563","183469","6387","119988","5075","5785","1785","22309","3098","32357","3220","59537","3552","63481","4707","18087","2780","1964","922","6234","1817","7128","1971","2761","1100","45394","4218","3337","993","12769","2503","15874","2694","13414","2361",
"0500000US47163","Sullivan County, Tennessee","46166","2279","5522","1441","2121","880","206","179","1107","720","405","345","403","302","3401","1146","293","317","222","286","0","230","71","124","0","230","3108","1140","287","384","885","621","1574","810","362","329","40644","2670","32513","2672","1929","621","7762","1275","10581","1826","12241","1522","8131","1547","2856","947","57","101","883","586","1174","580","742","534","5275","1107","1039","458","1419","605","2241","782","576","352",
"0500000US47165","Sumner County, Tennessee","59915","3067","3484","1427","1288","705","266","251","421","306","167","224","434","520","2196","1161","228","420","0","230","228","420","0","230","0","230","1968","1034","461","506","794","705","249","257","464","502","56431","3122","44766","3356","1668","736","9616","1909","14670","2495","18812","2228","11665","1984","3287","1081","100","118","976","476","1020","710","1191","762","8378","1516","776","553","2099","918","2964","1003","2539","972",
"0500000US47179","Washington County, Tennessee","33116","2548","2558","1019","882","523","94","163","516","381","229","302","43","73","1676","860","227","360","0","230","227","360","0","230","0","230","1449","766","101","167","415","382","776","610","157","221","30558","2372","23651","2435","1293","595","4749","1133","7096","1438","10513","1612","6907","1251","2061","682","197","303","876","390","569","422","419","302","4846","1141","1038","600","796","373","1585","651","1427","772",
"0500000US47187","Williamson County, Tennessee","72381","2503","2259","751","1404","547","65","106","395","291","299","324","645","324","855","527","122","207","0","230","0","230","0","230","122","207","733","465","0","230","104","128","52","86","577","446","70122","2568","62342","2671","1180","808","5673","1590","8780","1514","46709","2543","7780","1595","2347","906","97","167","425","340","435","313","1390","776","5433","1336","332","312","291","353","920","440","3890","1279",
"0500000US47189","Wilson County, Tennessee","null","null","null","null","null","null","null","null","null","null","null","null","null","null","null","null","null","null","null","null","null","null","null","null","null","null","null","null","null","null","null","null","null","null","null","null","null","null","null","null","null","null","null","null","null","null","null","null","null","null","null","null","null","null","null","null","null","null","null","null","null","null","null","null","null","null","null","null","null","null",
"0500000US48005","Angelina County, Texas","24015","1650","1601","784","760","469","252","207","385","349","123","170","0","242","841","669","102","143","78","121","0","242","24","45","0","242","739","650","97","156","598","630","44","52","0","242","22414","1705","15671","2047","1317","696","4260","1243","6156","1543","3938","992","6743","1602","2316","889","323","322","609","558","1177","651","207","268","4427","1393","532","432","1532","924","1573","853","790","581",
"0500000US48021","Bastrop County, Texas","28856","2084","1534","898","1149","768","718","711","62","112","144","172","225","214","385","390","230","402","0","242","0","242","230","402","0","242","155","199","60","113","0","242","95","161","0","242","27322","2152","21169","2258","3029","1191","5513","1252","6152","1516","6475","1209","6153","1458","1983","1003","795","693","651","652","287","223","250","272","4170","1101","870","574","1129","544","1178","701","993","609",
"0500000US48027","Bell County, Texas","100434","4307","10503","1855","3010","1141","653","582","823","439","717","609","817","642","7493","1627","703","502","118","170","312","344","97","116","176","291","6790","1636","849","632","2677","1247","2306","895","958","626","89931","4264","65181","3733","3546","1263","14416","2463","24135","2393","23084","2273","24750","3240","6660","1735","553","438","1617","700","3695","1519","795","617","18090","2610","1396","704","4116","1235","8394","1703","4184","1388",
"0500000US48029","Bexar County, Texas","503999","8987","55428","5074","21879","3042","5985","1940","7230","1918","5254","1522","3410","1287","33549","4311","7293","2232","2799","1049","1847","1040","1937","1614","710","519","26256","3653","7188","1622","10268","2532","6790","1896","2010","1081","448571","8639","317919","8786","24098","3066","54970","5419","92986","5856","145865","7427","130652","7047","40351","4269","5012","1551","13988","2497","13115","2995","8236","1775","90301","6145","11558","1967","21523","2746","32478","3582","24742","3600",
"0500000US48037","Bowie County, Texas","21984","1858","2365","934","559","375","0","242","239","255","106","108","214","235","1806","825","323","417","52","111","31","43","234","388","6","12","1483","747","698","535","655","499","130","93","0","242","19619","1900","13442","1635","762","404","3548","985","4286","1036","4846","1157","6177","1347","1612","746","481","435","292","298","565","519","274","236","4565","1181","353","280","1217","681","1957","818","1038","962",
"0500000US48039","Brazoria County, Texas","105001","4317","5791","1948","2810","1168","216","210","844","577","1121","729","629","638","2981","1346","495","443","64","115","52","88","98","167","281","396","2486","1223","150","138","932","924","1084","726","320","303","99210","4514","77395","4232","6400","1844","14326","2525","24886","2841","31783","2878","21815","3088","9207","2091","1586","1091","2268","964","2598","991","2755","1227","12608","2219","872","528","2549","894","3859","1383","5328","1409",
"0500000US48041","Brazos County, Texas","52846","2777","4946","1443","1571","679","225","259","487","419","216","259","643","332","3375","1311","919","770","647","764","68","113","43","70","161","181","2456","964","876","580","1026","643","506","335","48","77","47900","2735","37832","2861","2243","875","5432","1351","9253","1798","20904","2056","10068","1882","2971","760","427","383","1219","526","685","467","640","374","7097","1623","880","561","1422","688","2134","1198","2661","1017",
"0500000US48061","Cameron County, Texas","111462","3217","23329","2632","10887","2069","4690","1564","3188","938","2423","1068","586","308","12442","1901","1424","601","495","343","168","170","545","369","216","263","11018","1767","5428","1501","2311","826","2805","1124","474","382","88133","3019","65529","3585","14064","2239","15611","2464","16594","2136","19260","2375","22604","2656","6820","1355","1139","664","2357","993","1783","782","1541","810","15784","2102","4156","1241","2686","899","5046","1149","3896","1023",
"0500000US48085","Collin County, Texas","325426","6294","15838","2972","7776","1737","613","529","2159","1376","2110","1074","2894","934","8062","2613","1784","1002","683","808","151","181","346","312","604","508","6278","2246","490","493","2292","1509","2501","1373","995","703","309588","6605","261698","6339","5816","1894","20672","3433","52562","5418","182648","6491","47890","5185","14482","2516","282","241","1607","870","5594","1865","6999","1771","33408","4502","2726","1404","3825","1102","10169","2722","16688","2681",
"0500000US48091","Comal County, Texas","55157","2680","2638","1133","923","462","103","136","205","207","142","229","473","324","1715","984","0","242","0","242","0","242","0","242","0","242","1715","984","86","148","649","593","718","651","262","418","52519","2714","43998","2647","529","349","6772","1967","13052","2290","23645","2409","8521","1932","2929","1008","337","363","819","584","654","515","1119","666","5592","1599","773","956","1014","637","1949","1085","1856","802",
"0500000US48099","Coryell County, Texas","null","null","null","null","null","null","null","null","null","null","null","null","null","null","null","null","null","null","null","null","null","null","null","null","null","null","null","null","null","null","null","null","null","null","null","null","null","null","null","null","null","null","null","null","null","null","null","null","null","null","null","null","null","null","null","null","null","null","null","null","null","null","null","null","null","null","null","null","null","null",
"0500000US48113","Dallas County, Texas","606016","12430","55844","5601","22318","3282","6970","2011","8510","2000","3592","1225","3246","1121","33526","4287","4527","1941","1104","766","875","635","2300","1690","248","269","28999","3587","9156","2387","9923","2649","8112","1983","1808","765","550172","12301","385107","9911","58348","4426","65826","5402","83324","5499","177609","6662","165065","7980","48638","5177","13427","2547","14249","2865","11826","2466","9136","2023","116427","6606","20347","3137","30900","4919","34443","4362","30737","3829",
"0500000US48121","Denton County, Texas","277090","4853","10679","1831","5307","1415","654","607","658","457","1864","1043","2131","953","5372","1511","1033","700","121","153","586","603","136","137","190","225","4339","1525","924","748","1927","1059","715","531","773","432","266411","5132","221975","4995","6535","1784","23788","3341","52093","3986","139559","5318","44436","4346","14062","2190","557","359","3634","1408","3738","1168","6133","1547","30374","3703","2506","1186","4235","1586","9730","1807","13903","2703",
"0500000US48135","Ector County, Texas","45342","3622","6524","1965","2404","1038","767","655","1212","854","378","388","47","80","4120","1684","304","337","304","337","0","242","0","242","0","242","3816","1626","1932","1359","1127","887","516","469","241","295","38818","3301","28316","2790","4058","1555","8388","2166","9894","1715","5976","1966","10502","2518","5148","1831","896","738","1948","1366","1125","899","1179","1130","5354","1786","1230","890","1226","890","2034","1077","864","587",
"0500000US48139","Ellis County, Texas","62656","2375","3127","1421","2124","1220","476","631","624","387","407","422","617","813","1003","738","68","113","68","113","0","242","0","242","0","242","935","710","185","297","444","483","187","256","119","204","59529","2654","47541","3068","3334","790","8432","1475","16708","2759","19067","2303","11988","2344","4485","1549","643","608","1940","1111","1149","620","753","707","7503","1803","545","561","1798","854","3086","1297","2074","1014",
"0500000US48141","El Paso County, Texas","216697","5101","34079","3979","14448","2385","4344","1277","4816","1517","2661","981","2627","1051","19631","3229","3031","966","233","250","1698","904","781","456","319","282","16600","2886","4736","1354","6338","2023","4433","1590","1093","803","182618","5236","121799","4863","13675","1986","23576","2680","40437","3378","44111","3460","60819","4714","17586","3023","2612","1074","5966","2045","5845","1674","3163","1155","43233","3864","7636","1956","11256","2544","13850","2621","10491","2161",
"0500000US48157","Fort Bend County, Texas","250048","4959","16886","3067","9075","2469","2567","1419","2215","1296","1989","905","2304","1082","7811","2213","1094","842","399","608","388","509","162","196","145","197","6717","2019","1201","905","2801","1342","1773","1000","942","649","233162","5512","189708","5740","10235","2439","20241","3115","38694","3433","120538","5051","43454","4621","10925","2695","1034","695","4017","1970","2294","1049","3580","1305","32529","3778","2259","826","5043","1905","9254","2080","15973","2720",
"0500000US48167","Galveston County, Texas","98333","3530","10131","2180","3582","1155","722","623","1030","674","1446","631","384","317","6549","1847","1916","1116","201","281","1495","984","171","277","49","91","4633","1475","593","499","1756","1067","2160","851","124","154","88202","3169","71606","3190","4272","1285","12928","1846","24039","2830","30367","2540","16596","2281","5340","1617","1176","540","1204","736","2096","1245","864","449","11256","1994","944","648","1956","789","4838","1495","3518","985",
"0500000US48181","Grayson County, Texas","40399","2209","3579","1405","1012","512","11","21","229","230","574","397","198","249","2567","1327","277","235","59","104","207","199","11","19","0","242","2290","1269","0","242","302","395","1988","1257","0","242","36820","2164","27500","2161","2656","1119","5918","1252","9774","1698","9152","1450","9320","1773","2457","1069","33","46","1164","883","798","557","462","386","6863","1353","1066","547","1648","783","2627","904","1522","771",
"0500000US48183","Gregg County, Texas","35058","2350","4118","1303","1036","571","185","225","417","347","229","318","205","251","3082","1234","330","354","244","334","0","242","0","242","86","113","2752","1141","406","349","626","441","1143","710","577","529","30940","2627","21053","2121","1613","696","5797","1444","7371","1329","6272","1197","9887","2180","2862","1129","202","343","863","570","1286","831","511","325","7025","1871","888","563","2237","1158","2480","1172","1420","1009",
"0500000US48187","Guadalupe County, Texas","50555","1985","2774","1058","1851","862","190","227","915","645","582","543","164","177","923","655","268","296","124","194","0","242","144","226","0","242","655","617","0","242","507","586","148","224","0","242","47781","2102","39312","2180","2922","1059","7139","1600","14010","1562","15241","1873","8469","1583","2925","1082","73","118","822","705","1107","637","923","577","5544","1231","450","347","1180","502","1732","897","2182","774",
"0500000US48201","Harris County, Texas","1186971","13315","160701","8877","63502","5809","25235","3537","17164","3555","10195","1942","10908","2262","97199","6383","19620","3918","8100","2417","6642","2329","3335","1276","1543","776","77579","5701","22722","3569","21518","3076","22809","4634","10530","2395","1026270","13711","734389","12318","92996","6218","130954","7838","165263","8698","345176","10420","291881","12265","99592","7387","24580","3178","26910","3375","27155","4012","20947","2989","192289","9272","26140","3446","50084","5253","60746","5899","55319","5448",
"0500000US48203","Harrison County, Texas","null","null","null","null","null","null","null","null","null","null","null","null","null","null","null","null","null","null","null","null","null","null","null","null","null","null","null","null","null","null","null","null","null","null","null","null","null","null","null","null","null","null","null","null","null","null","null","null","null","null","null","null","null","null","null","null","null","null","null","null","null","null","null","null","null","null","null","null","null","null",
"0500000US48209","Hays County, Texas","70263","2901","3814","1511","1968","1021","56","91","143","176","1075","881","694","510","1846","1137","743","980","659","968","84","143","0","242","0","242","1103","633","348","459","355","424","270","259","130","135","66449","3085","53035","2894","3082","1499","9617","2219","13053","2609","27283","2739","13414","2584","5633","1690","192","191","1510","1100","2370","1065","1561","839","7781","1921","1037","717","2828","1398","1754","830","2162","1110",
"0500000US48213","Henderson County, Texas","24425","1698","2722","823","1228","593","464","369","77","100","581","431","106","120","1494","619","229","223","0","242","127","133","0","242","102","187","1265","514","336","386","423","231","506","297","0","242","21703","1646","16932","1758","1414","642","5320","1225","5473","1233","4725","935","4771","1044","1071","608","214","336","682","520","82","72","93","123","3700","942","761","472","603","356","2125","754","211","193",
"0500000US48215","Hidalgo County, Texas","216258","5097","43827","3534","20017","2888","10614","2125","4662","1070","2365","973","2376","650","23810","2571","3496","912","1445","606","1263","838","323","308","465","322","20314","2354","8231","1665","6372","1288","4802","1281","909","523","172431","5523","112196","5258","24443","2588","25777","3489","29012","2899","32964","2954","60235","4528","16548","2602","4067","1418","5784","1732","4432","1591","2265","878","43687","3388","12071","2098","13098","2381","8146","1801","10372","2191",
"0500000US48221","Hood County, Texas","null","null","null","null","null","null","null","null","null","null","null","null","null","null","null","null","null","null","null","null","null","null","null","null","null","null","null","null","null","null","null","null","null","null","null","null","null","null","null","null","null","null","null","null","null","null","null","null","null","null","null","null","null","null","null","null","null","null","null","null","null","null","null","null","null","null","null","null","null","null",
"0500000US48231","Hunt County, Texas","31162","1662","3037","963","1345","694","745","686","345","232","111","124","144","155","1692","719","16","20","0","242","8","15","8","14","0","242","1676","719","565","538","511","342","600","479","0","242","28125","1757","21422","1924","1584","581","5934","1305","7649","1736","6255","1396","6703","1571","2485","881","496","421","942","557","629","410","418","312","4218","1263","429","325","1513","829","1263","703","1013","550",
"0500000US48245","Jefferson County, Texas","60303","3495","9974","1994","3198","1131","820","569","1221","753","1008","587","149","188","6776","1748","445","444","31","60","217","277","197","353","0","242","6331","1687","1162","781","2645","1040","1709","986","815","689","50329","3813","35716","3846","4069","1466","8623","1913","11071","2070","11953","1861","14613","2479","4100","1526","670","491","2289","1158","931","627","210","249","10513","2202","1775","893","2525","989","3350","1315","2863","1409",
"0500000US48251","Johnson County, Texas","51808","2603","1937","676","1013","600","240","231","250","276","347","356","176","295","924","382","232","185","99","118","0","242","53","90","80","140","692","354","98","138","306","283","288","336","0","242","49871","2589","39676","2685","2753","1113","9403","1776","13686","2122","13834","1894","10195","1923","4128","1194","664","536","1427","716","870","406","1167","805","6067","1490","325","240","1050","439","2846","1238","1846","883",
"0500000US48257","Kaufman County, Texas","39965","2551","2372","955","1048","592","212","222","125","148","222","190","489","490","1324","765","100","169","100","169","0","242","0","242","0","242","1224","739","148","139","124","232","952","746","0","242","37593","2715","27666","2425","2326","814","8273","1798","8870","1518","8197","1679","9927","1775","2501","948","735","617","571","344","509","441","686","554","7426","1525","212","187","887","578","4688","1503","1639","812",
"0500000US48291","Liberty County, Texas","null","null","null","null","null","null","null","null","null","null","null","null","null","null","null","null","null","null","null","null","null","null","null","null","null","null","null","null","null","null","null","null","null","null","null","null","null","null","null","null","null","null","null","null","null","null","null","null","null","null","null","null","null","null","null","null","null","null","null","null","null","null","null","null","null","null","null","null","null","null",
"0500000US48303","Lubbock County, Texas","75814","2986","7249","1677","2406","1012","482","526","884","522","641","568","399","405","4843","1459","576","368","30","50","224","291","280","269","42","53","4267","1435","859","574","1747","886","1258","871","403","349","68565","2760","50414","2895","4042","1030","10090","1637","13467","1889","22815","2091","18151","2540","7225","1597","1467","659","2608","1066","1753","1016","1397","681","10926","2062","957","510","3086","1064","3921","1162","2962","1193",
"0500000US48309","McLennan County, Texas","65179","3146","6469","1627","2810","968","1021","653","832","573","786","564","171","196","3659","1167","888","729","90","153","735","701","63","83","0","242","2771","963","945","653","384","332","1335","623","107","129","58710","3127","44460","3295","3679","1191","9403","2285","12790","1791","18588","2225","14250","2150","3955","1077","913","617","1217","646","1460","699","365","230","10295","1975","1046","608","2502","941","4529","1309","2218","777",
"0500000US48329","Midland County, Texas","50632","2604","4624","1586","2625","1326","342","374","214","235","871","832","1198","1037","1999","902","64","112","0","242","64","112","0","242","0","242","1935","892","767","599","552","456","328","248","288","408","46008","2734","34608","3251","3061","1251","8661","2327","9231","2140","13655","2417","11400","2335","3579","1420","1115","1129","1311","795","789","588","364","556","7821","2048","626","556","2401","1243","3116","1451","1678","1089",
"0500000US48339","Montgomery County, Texas","198889","5275","15069","2942","6685","1804","1678","925","1652","1041","1642","852","1713","698","8384","2576","2717","1482","1797","1236","820","606","100","165","0","242","5667","1860","1021","769","2008","1073","1298","751","1340","906","183820","5213","150106","4817","10008","2025","25299","3718","39546","3980","75253","4436","33714","3669","10210","2184","793","533","2972","1209","3966","1487","2479","1217","23504","3021","2170","1132","5064","1437","8895","2011","7375","1868",
"0500000US48347","Nacogdoches County, Texas","17435","1726","3342","1162","587","427","0","242","82","168","425","390","80","118","2755","1189","282","272","67","143","202","215","13","29","0","242","2473","1203","205","282","1171","713","1063","1040","34","61","14093","1643","10493","1517","752","505","2379","742","2875","1021","4487","1156","3600","1133","996","511","227","228","490","393","279","249","0","242","2604","937","191","223","940","875","926","566","547","491",
"0500000US48355","Nueces County, Texas","91417","3529","11163","1817","2578","763","1084","535","696","451","456","292","342","263","8585","1611","1177","738","195","198","573","531","409","420","0","242","7408","1524","2567","935","1527","920","2859","1107","455","404","80254","3514","59663","3658","4668","1376","13791","2428","20425","2886","20779","2802","20591","2698","7627","1801","354","362","1635","682","3434","1332","2204","1154","12964","1889","2592","1029","3064","1071","4198","1083","3110","1098",
"0500000US48361","Orange County, Texas","24686","1659","2097","764","710","387","304","250","151","142","129","160","126","194","1387","740","263","292","0","242","0","242","73","91","190","290","1124","689","91","157","778","637","255","345","0","242","22589","1748","16764","2006","747","463","5989","1315","6436","1274","3592","1089","5825","1464","2376","1153","195","203","1175","907","958","733","48","79","3449","1027","129","139","459","345","2159","828","702","555",
"0500000US48367","Parker County, Texas","42817","2149","2718","1099","1449","788","100","111","655","652","481","296","213","224","1269","713","370","410","0","242","81","140","289","382","0","242","899","646","503","591","108","180","202","208","86","103","40099","2065","34063","1946","1087","577","7049","1409","12419","1733","13508","1749","6036","1383","1670","869","46","78","428","334","566","558","630","395","4366","1191","430","387","1235","733","1200","576","1501","706",
"0500000US48375","Potter County, Texas","25475","2208","4644","1143","1352","693","363","306","661","605","243","205","85","145","3292","1111","821","601","569","509","252","345","0","242","0","242","2471","894","1155","586","621","527","695","445","0","242","20831","1997","14251","1856","1470","507","3209","950","5560","1300","4012","923","6580","1363","1653","669","324","369","514","404","514","358","301","295","4927","1119","855","576","1422","729","1577","644","1073","688",
"0500000US48381","Randall County, Texas","38464","2305","4077","1568","914","467","63","107","304","246","423","318","124","123","3163","1494","680","827","0","242","626","827","48","91","6","11","2483","1306","0","242","404","481","1937","1149","142","186","34387","2244","27496","2584","831","415","3800","1135","9394","1674","13471","1586","6891","1456","2926","1010","498","443","716","444","507","310","1205","766","3965","1079","121","126","974","649","1222","590","1648","682",
"0500000US48397","Rockwall County, Texas","null","null","null","null","null","null","null","null","null","null","null","null","null","null","null","null","null","null","null","null","null","null","null","null","null","null","null","null","null","null","null","null","null","null","null","null","null","null","null","null","null","null","null","null","null","null","null","null","null","null","null","null","null","null","null","null","null","null","null","null","null","null","null","null","null","null","null","null","null","null",
"0500000US48409","San Patricio County, Texas","20218","1793","2043","890","1003","788","280","261","723","756","0","242","0","242","1040","536","99","113","0","242","53","81","0","242","46","83","941","544","462","422","357","279","101","195","21","43","18175","2049","12589","2119","1153","719","3315","1294","4748","1246","3373","1328","5586","1682","2299","1096","680","492","1456","897","163","162","0","242","3287","1099","941","628","588","503","1472","725","286","333",
"0500000US48423","Smith County, Texas","63609","3247","5099","1515","1436","656","385","452","309","213","362","289","380","318","3663","1255","225","208","13","22","212","208","0","242","0","242","3438","1258","657","483","1684","894","808","700","289","321","58510","3232","45402","3229","2206","818","9845","1764","12724","2108","20627","2084","13108","1770","3336","1156","707","655","551","481","1141","655","937","615","9772","1701","1024","584","2092","769","4111","1265","2545","709",
"0500000US48427","Starr County, Texas","16084","1038","6791","1215","2327","886","1317","657","933","559","27","47","50","94","4464","1039","417","404","203","250","203","294","0","242","11","21","4047","1048","1817","685","1473","707","502","451","255","355","9293","1299","6789","1321","1889","689","1749","864","1611","722","1540","686","2504","748","717","444","271","252","278","330","168","212","0","242","1787","667","433","371","701","479","292","253","361","345",
"0500000US48439","Tarrant County, Texas","537753","9122","46041","4450","18023","2587","5771","1517","5702","1599","3441","1138","3109","1069","28018","3541","4795","1340","1412","758","1125","580","1791","997","467","564","23223","3389","5919","1635","8101","2514","7073","2023","2130","1082","491712","8299","369797","8253","37155","4189","59900","5513","101016","5761","171726","6259","121915","7139","38468","4092","6295","1615","11699","2389","12233","2382","8241","1785","83447","5155","8389","1738","22226","2854","27287","3457","25545","2969",
"0500000US48441","Taylor County, Texas","33588","2113","3402","1241","1366","837","0","242","827","802","271","257","268","247","2036","734","210","300","0","242","210","300","0","242","0","242","1826","703","479","399","663","547","489","388","195","211","30186","2102","22883","1882","1407","820","4592","1072","8446","1398","8438","1180","7303","1496","2269","790","900","702","855","504","299","263","215","164","5034","1179","530","336","1924","723","1386","669","1194","600",
"0500000US48451","Tom Green County, Texas","31154","2081","1516","802","647","407","171","165","152","178","294","350","30","51","869","693","76","136","0","242","0","242","76","136","0","242","793","690","314","427","34","67","445","532","0","242","29638","2136","22097","2092","1528","827","4642","1197","9027","1560","6900","1380","7541","1618","2123","886","586","478","1002","605","323","254","212","218","5418","1383","587","496","2028","1013","1425","574","1378","834",
"0500000US48453","Travis County, Texas","334712","8345","22489","3819","8508","2510","3436","1552","2297","1467","1276","684","1499","611","13981","3062","1416","740","586","542","304","269","325","371","201","208","12565","3018","5403","2339","4584","1996","1472","688","1106","713","312223","8582","246373","8211","13970","2929","20306","2920","40184","4039","171913","6616","65850","5697","27041","4416","5327","2485","6481","2070","5613","1664","9620","2368","38809","4020","5191","1845","5892","1788","11797","2562","15929","2613",
"0500000US48467","Van Zandt County, Texas","null","null","null","null","null","null","null","null","null","null","null","null","null","null","null","null","null","null","null","null","null","null","null","null","null","null","null","null","null","null","null","null","null","null","null","null","null","null","null","null","null","null","null","null","null","null","null","null","null","null","null","null","null","null","null","null","null","null","null","null","null","null","null","null","null","null","null","null","null","null",
"0500000US48469","Victoria County, Texas","null","null","null","null","null","null","null","null","null","null","null","null","null","null","null","null","null","null","null","null","null","null","null","null","null","null","null","null","null","null","null","null","null","null","null","null","null","null","null","null","null","null","null","null","null","null","null","null","null","null","null","null","null","null","null","null","null","null","null","null","null","null","null","null","null","null","null","null","null","null",
"0500000US48471","Walker County, Texas","null","null","null","null","null","null","null","null","null","null","null","null","null","null","null","null","null","null","null","null","null","null","null","null","null","null","null","null","null","null","null","null","null","null","null","null","null","null","null","null","null","null","null","null","null","null","null","null","null","null","null","null","null","null","null","null","null","null","null","null","null","null","null","null","null","null","null","null","null","null",
"0500000US48473","Waller County, Texas","null","null","null","null","null","null","null","null","null","null","null","null","null","null","null","null","null","null","null","null","null","null","null","null","null","null","null","null","null","null","null","null","null","null","null","null","null","null","null","null","null","null","null","null","null","null","null","null","null","null","null","null","null","null","null","null","null","null","null","null","null","null","null","null","null","null","null","null","null","null",
"0500000US48479","Webb County, Texas","64886","2500","11070","1769","3389","973","1360","668","877","591","817","537","335","276","7681","1475","920","578","516","467","404","376","0","242","0","242","6761","1444","2781","906","1473","753","2394","1042","113","147","53816","2886","35278","2420","6239","1384","7644","2043","10558","1801","10837","1762","18538","2502","4601","1464","825","431","928","582","1187","671","1661","1129","13937","2285","3664","1022","3042","1225","3962","1352","3269","1074",
"0500000US48485","Wichita County, Texas","31578","2107","3032","1022","1150","581","259","243","480","431","306","338","105","97","1882","860","297","273","0","242","90","122","207","239","0","242","1585","821","409","538","560","407","451","305","165","198","28546","2093","21360","1846","1116","466","4847","879","7439","1603","7958","1278","7186","1364","2357","879","169","153","899","476","716","530","573","548","4829","1067","168","164","1158","572","2321","762","1182","722",
"0500000US48491","Williamson County, Texas","188243","4782","7380","1963","3288","872","216","223","505","362","653","319","1914","775","4092","1636","1052","784","358","590","257","406","272","308","165","203","3040","1323","0","242","818","640","1537","991","685","602","180863","4996","147622","4993","4130","1286","15553","2285","36808","3556","91131","3700","33241","3277","12554","2386","1101","792","2031","819","4133","1481","5289","1499","20687","2553","885","472","4054","1302","6868","1548","8880","1874",
"0500000US48497","Wise County, Texas","null","null","null","null","null","null","null","null","null","null","null","null","null","null","null","null","null","null","null","null","null","null","null","null","null","null","null","null","null","null","null","null","null","null","null","null","null","null","null","null","null","null","null","null","null","null","null","null","null","null","null","null","null","null","null","null","null","null","null","null","null","null","null","null","null","null","null","null","null","null",
"0500000US49005","Cache County, Utah","33831","1572","1321","486","699","331","0","210","63","72","280","194","356","272","622","348","105","138","24","43","0","210","81","135","0","210","517","281","61","98","166","157","181","183","109","185","32510","1568","27443","1791","964","588","4291","886","7859","1345","14329","1605","5067","1275","2423","1050","89","112","604","493","1559","860","171","162","2644","932","0","210","588","442","754","370","1302","769",
"0500000US49011","Davis County, Utah","89824","3356","4925","1409","2019","771","0","210","686","432","453","292","880","499","2906","1396","230","361","0","210","230","361","0","210","0","210","2676","1372","873","764","1416","1003","180","205","207","209","84899","3446","69512","3322","1310","619","9513","1722","21451","1856","37238","2689","15387","2412","5472","1504","361","324","1890","772","2102","1137","1119","623","9915","1892","1088","893","2754","1094","3044","775","3029","1084",
"0500000US49021","Iron County, Utah","null","null","null","null","null","null","null","null","null","null","null","null","null","null","null","null","null","null","null","null","null","null","null","null","null","null","null","null","null","null","null","null","null","null","null","null","null","null","null","null","null","null","null","null","null","null","null","null","null","null","null","null","null","null","null","null","null","null","null","null","null","null","null","null","null","null","null","null","null","null",
"0500000US49035","Salt Lake County, Utah","286949","5610","13207","2282","5730","1413","789","559","1411","835","1512","745","2018","740","7477","1689","907","620","0","210","160","203","747","592","0","210","6570","1536","1262","633","2291","1003","2049","835","968","695","273742","5695","212846","6063","11066","2195","31119","2936","61323","3896","109338","4443","60896","4846","22562","3205","3328","1041","6298","1867","7560","1752","5376","1627","38334","3709","3309","1152","8503","1999","12927","2124","13595","2449",
"0500000US49045","Tooele County, Utah","null","null","null","null","null","null","null","null","null","null","null","null","null","null","null","null","null","null","null","null","null","null","null","null","null","null","null","null","null","null","null","null","null","null","null","null","null","null","null","null","null","null","null","null","null","null","null","null","null","null","null","null","null","null","null","null","null","null","null","null","null","null","null","null","null","null","null","null","null","null",
"0500000US49049","Utah County, Utah","174359","3010","9626","1810","6284","1131","448","321","610","410","3274","993","1952","699","3342","1188","1331","914","228","366","297","452","401","407","405","356","2011","652","130","208","834","467","790","418","257","168","164733","3262","141698","3555","3933","1085","15649","2075","45852","2964","76264","3552","23035","2661","8531","1601","1068","837","2276","791","3130","985","2057","670","14504","1885","789","506","3678","1076","6143","1290","3894","995",
"0500000US49053","Washington County, Utah","56372","3111","4162","1361","2291","836","131","213","577","503","808","600","775","451","1871","1053","789","870","128","182","0","210","573","806","88","154","1082","562","0","210","792","432","273","314","17","32","52210","3237","44733","2957","1126","603","8376","1568","16273","1994","18958","1937","7477","1589","2243","919","464","426","660","578","402","306","717","442","5234","1372","332","371","1010","643","2130","1027","1762","712",
"0500000US49057","Weber County, Utah","67954","2617","4103","1017","1418","555","309","321","611","441","165","173","333","208","2685","934","447","416","0","210","0","210","447","416","0","210","2238","856","511","474","558","343","1060","612","109","129","63851","2588","49276","2273","2229","793","10178","1785","17958","2180","18911","2095","14575","1919","6835","1514","85","99","2508","1051","2574","942","1668","654","7740","1389","753","473","1394","636","3668","1122","1925","742",
"0500000US50007","Chittenden County, Vermont","38109","1950","1794","866","1190","713","210","288","492","466","0","170","488","454","604","471","129","199","129","199","0","170","0","170","0","170","475","413","0","170","386","403","17","29","72","131","36315","2071","28816","2192","284","208","3892","1212","5766","1102","18874","2033","7499","1436","2509","1039","184","192","451","297","361","286","1513","913","4990","1199","424","408","1089","727","979","520","2498","767",
"0500000US51003","Albemarle County, Virginia","null","null","null","null","null","null","null","null","null","null","null","null","null","null","null","null","null","null","null","null","null","null","null","null","null","null","null","null","null","null","null","null","null","null","null","null","null","null","null","null","null","null","null","null","null","null","null","null","null","null","null","null","null","null","null","null","null","null","null","null","null","null","null","null","null","null","null","null","null","null",
"0500000US51013","Arlington County, Virginia","null","null","null","null","null","null","null","null","null","null","null","null","null","null","null","null","null","null","null","null","null","null","null","null","null","null","null","null","null","null","null","null","null","null","null","null","null","null","null","null","null","null","null","null","null","null","null","null","null","null","null","null","null","null","null","null","null","null","null","null","null","null","null","null","null","null","null","null","null","null",
"0500000US51015","Augusta County, Virginia","null","null","null","null","null","null","null","null","null","null","null","null","null","null","null","null","null","null","null","null","null","null","null","null","null","null","null","null","null","null","null","null","null","null","null","null","null","null","null","null","null","null","null","null","null","null","null","null","null","null","null","null","null","null","null","null","null","null","null","null","null","null","null","null","null","null","null","null","null","null",
"0500000US51019","Bedford County, Virginia","null","null","null","null","null","null","null","null","null","null","null","null","null","null","null","null","null","null","null","null","null","null","null","null","null","null","null","null","null","null","null","null","null","null","null","null","null","null","null","null","null","null","null","null","null","null","null","null","null","null","null","null","null","null","null","null","null","null","null","null","null","null","null","null","null","null","null","null","null","null",
"0500000US51041","Chesterfield County, Virginia","106066","3167","4957","1638","2152","1067","518","665","942","722","339","233","353","336","2805","1260","536","511","227","295","309","392","0","217","0","217","2269","1100","229","277","1234","844","28","48","778","812","101109","3133","76347","3364","2447","972","11514","1619","16853","2190","45533","3050","24762","3422","6659","1616","1053","592","729","595","2575","1170","2302","872","18103","2701","955","576","3529","1353","6886","1875","6733","1589",
"0500000US51059","Fairfax County, Virginia","292397","6075","11528","2150","5056","1615","476","383","1235","707","565","391","2780","1436","6472","1706","1841","1129","414","553","909","648","150","136","368","469","4631","1330","1090","793","942","657","1283","653","1316","530","280869","6223","230987","5609","8922","1693","14860","2561","26874","2467","180331","5190","49882","3881","14943","2281","930","620","2109","950","3214","1146","8690","1634","34939","3448","3573","1495","4434","1244","6432","1604","20500","2712",
"0500000US51061","Fauquier County, Virginia","null","null","null","null","null","null","null","null","null","null","null","null","null","null","null","null","null","null","null","null","null","null","null","null","null","null","null","null","null","null","null","null","null","null","null","null","null","null","null","null","null","null","null","null","null","null","null","null","null","null","null","null","null","null","null","null","null","null","null","null","null","null","null","null","null","null","null","null","null","null",
"0500000US51069","Frederick County, Virginia","null","null","null","null","null","null","null","null","null","null","null","null","null","null","null","null","null","null","null","null","null","null","null","null","null","null","null","null","null","null","null","null","null","null","null","null","null","null","null","null","null","null","null","null","null","null","null","null","null","null","null","null","null","null","null","null","null","null","null","null","null","null","null","null","null","null","null","null","null","null",
"0500000US51085","Hanover County, Virginia","32277","1733","1740","817","803","430","0","217","99","168","443","318","261","222","937","644","0","217","0","217","0","217","0","217","0","217","937","644","356","404","261","330","58","93","262","339","30537","1902","25496","1899","1286","619","2586","734","7149","1322","14475","1742","5041","1117","1668","655","0","217","625","486","367","294","676","335","3373","973","35","60","516","339","1937","881","885","357",
"0500000US51087","Henrico County, Virginia","88480","3461","6729","1359","2982","1103","400","462","420","363","974","551","1188","742","3747","1198","914","595","213","264","299","313","295","373","107","129","2833","1037","237","269","1456","780","1089","726","51","85","81751","3447","59444","3127","2582","1115","7138","1493","11937","1685","37787","2456","22307","2361","5337","1377","475","355","1096","836","1345","687","2421","949","16970","2296","653","382","2977","863","5887","1423","7453","1898",
"0500000US51095","James City County, Virginia","null","null","null","null","null","null","null","null","null","null","null","null","null","null","null","null","null","null","null","null","null","null","null","null","null","null","null","null","null","null","null","null","null","null","null","null","null","null","null","null","null","null","null","null","null","null","null","null","null","null","null","null","null","null","null","null","null","null","null","null","null","null","null","null","null","null","null","null","null","null",
"0500000US51107","Loudoun County, Virginia","113766","2514","3652","1136","2205","908","425","532","229","306","391","390","1160","585","1447","780","372","397","180","298","0","217","147","239","45","75","1075","637","421","443","106","138","247","320","301","321","110114","2391","91733","3245","3405","1163","4813","1322","13371","1889","70144","2949","18381","2405","6929","1249","949","712","1144","562","1548","697","3288","934","11452","2087","335","386","1913","996","2317","820","6887","1528",
"0500000US51121","Montgomery County, Virginia","null","null","null","null","null","null","null","null","null","null","null","null","null","null","null","null","null","null","null","null","null","null","null","null","null","null","null","null","null","null","null","null","null","null","null","null","null","null","null","null","null","null","null","null","null","null","null","null","null","null","null","null","null","null","null","null","null","null","null","null","null","null","null","null","null","null","null","null","null","null",
"0500000US51153","Prince William County, Virginia","121628","3632","5961","1643","2076","989","537","515","478","447","295","249","766","484","3885","1293","436","368","195","322","55","94","0","217","186","218","3449","1237","498","410","1712","1017","1004","772","235","197","115667","3585","88603","4037","6217","1628","10644","1759","19899","2417","51843","3721","27064","3044","9882","2224","2989","1356","1759","752","2284","1316","2850","946","17182","2700","839","609","4090","1256","5040","1388","7213","1787",
"0500000US51161","Roanoke County, Virginia","null","null","null","null","null","null","null","null","null","null","null","null","null","null","null","null","null","null","null","null","null","null","null","null","null","null","null","null","null","null","null","null","null","null","null","null","null","null","null","null","null","null","null","null","null","null","null","null","null","null","null","null","null","null","null","null","null","null","null","null","null","null","null","null","null","null","null","null","null","null",
"0500000US51165","Rockingham County, Virginia","24093","1348","995","477","413","304","78","124","178","211","0","217","157","143","582","326","0","217","0","217","0","217","0","217","0","217","582","326","76","92","397","321","61","56","48","84","23098","1434","18245","1417","1707","629","5273","912","4696","1048","6569","1089","4853","1162","1963","821","262","234","1173","683","257","360","271","271","2890","813","1092","556","985","502","572","370","241","197",
"0500000US51177","Spotsylvania County, Virginia","41049","1614","2020","929","1284","634","337","412","316","219","218","199","413","370","736","559","72","98","0","217","72","98","0","217","0","217","664","556","0","217","158","185","94","144","412","497","39029","2029","31656","2051","1937","786","6028","1251","8871","1417","14820","1565","7373","1557","2718","986","129","165","970","733","1175","751","444","358","4655","1197","257","308","1094","457","1705","825","1599","611",
"0500000US51179","Stafford County, Virginia","null","null","null","null","null","null","null","null","null","null","null","null","null","null","null","null","null","null","null","null","null","null","null","null","null","null","null","null","null","null","null","null","null","null","null","null","null","null","null","null","null","null","null","null","null","null","null","null","null","null","null","null","null","null","null","null","null","null","null","null","null","null","null","null","null","null","null","null","null","null",
"0500000US51199","York County, Virginia","null","null","null","null","null","null","null","null","null","null","null","null","null","null","null","null","null","null","null","null","null","null","null","null","null","null","null","null","null","null","null","null","null","null","null","null","null","null","null","null","null","null","null","null","null","null","null","null","null","null","null","null","null","null","null","null","null","null","null","null","null","null","null","null","null","null","null","null","null","null",
"0500000US51510","Alexandria city, Virginia","null","null","null","null","null","null","null","null","null","null","null","null","null","null","null","null","null","null","null","null","null","null","null","null","null","null","null","null","null","null","null","null","null","null","null","null","null","null","null","null","null","null","null","null","null","null","null","null","null","null","null","null","null","null","null","null","null","null","null","null","null","null","null","null","null","null","null","null","null","null",
"0500000US51550","Chesapeake city, Virginia","66171","3164","6368","1622","2405","1211","269","280","649","535","1198","1040","289","345","3963","1301","496","398","0","217","50","87","411","373","35","62","3467","1344","416","500","2080","1196","794","560","177","223","59803","3181","46419","3030","1403","656","8959","1480","16536","2358","19521","2333","13384","2099","4423","1359","157","205","1171","560","1913","1008","1182","653","8961","1703","168","174","1363","726","3347","849","4083","1333",
"0500000US51650","Hampton city, Virginia","34359","2092","4135","1345","1276","703","0","217","478","403","625","550","173","143","2859","1060","327","319","268","319","36","63","23","39","0","217","2532","1062","480","615","904","516","893","531","255","234","30224","2132","18647","2100","761","472","4431","1059","6886","1310","6569","1724","11577","1926","2868","843","186","204","1049","591","1087","611","546","369","8709","1729","437","374","1644","723","3134","1137","3494","1212",
"0500000US51680","Lynchburg city, Virginia","null","null","null","null","null","null","null","null","null","null","null","null","null","null","null","null","null","null","null","null","null","null","null","null","null","null","null","null","null","null","null","null","null","null","null","null","null","null","null","null","null","null","null","null","null","null","null","null","null","null","null","null","null","null","null","null","null","null","null","null","null","null","null","null","null","null","null","null","null","null",
"0500000US51700","Newport News city, Virginia","43142","2666","2943","952","406","244","0","217","115","132","58","99","233","200","2537","989","155","241","155","241","0","217","0","217","0","217","2382","977","653","673","828","425","639","488","262","312","40199","2816","24084","2364","880","577","4498","1179","7055","1272","11651","1800","16115","2046","4898","1180","878","590","1223","653","1526","688","1271","620","11217","1919","897","525","3707","1307","3817","1336","2796","771",
"0500000US51710","Norfolk city, Virginia","50685","3013","5140","1323","1174","656","64","114","696","512","159","261","255","186","3966","1240","194","181","0","217","113","120","81","142","0","217","3772","1216","393","495","1086","653","1621","945","672","392","45545","2879","27456","2545","1466","920","4833","968","8384","1434","12773","1673","18089","1889","5105","1050","693","462","959","624","2823","832","630","517","12984","1959","1815","923","3632","1212","5247","1339","2290","758",
"0500000US51740","Portsmouth city, Virginia","23262","1840","2201","795","451","367","0","217","137","124","267","317","47","87","1750","737","309","357","132","221","38","64","0","217","139","242","1441","681","190","238","309","299","547","461","395","344","21061","1993","13186","1788","764","456","2467","944","4399","1105","5556","1399","7875","1644","1124","576","0","217","308","274","454","376","362","324","6751","1590","134","142","2766","1185","2273","934","1578","784",
"0500000US51760","Richmond city, Virginia","49440","3162","6291","1791","1406","920","599","696","632","509","18","30","157","210","4885","1566","397","404","180","323","85","142","132","210","0","217","4488","1543","1202","1230","1943","813","990","733","353","375","43149","2983","27019","2161","728","470","2539","931","4255","1056","19497","1872","16130","2452","2913","1001","272","336","887","743","931","545","823","500","13217","2160","1824","966","2692","1163","5065","1622","3636","1217",
"0500000US51770","Roanoke city, Virginia","null","null","null","null","null","null","null","null","null","null","null","null","null","null","null","null","null","null","null","null","null","null","null","null","null","null","null","null","null","null","null","null","null","null","null","null","null","null","null","null","null","null","null","null","null","null","null","null","null","null","null","null","null","null","null","null","null","null","null","null","null","null","null","null","null","null","null","null","null","null",
"0500000US51800","Suffolk city, Virginia","null","null","null","null","null","null","null","null","null","null","null","null","null","null","null","null","null","null","null","null","null","null","null","null","null","null","null","null","null","null","null","null","null","null","null","null","null","null","null","null","null","null","null","null","null","null","null","null","null","null","null","null","null","null","null","null","null","null","null","null","null","null","null","null","null","null","null","null","null","null",
"0500000US51810","Virginia Beach city, Virginia","117920","3855","6490","1450","1782","719","309","438","853","397","516","428","104","124","4708","1254","515","377","0","217","248","328","93","148","174","177","4193","1203","719","469","808","514","2027","922","639","403","111430","3770","84529","3362","1230","714","13189","2141","24914","2135","45196","3047","26901","2825","8645","1911","575","562","2519","893","3365","1342","2186","920","18256","2498","809","462","4594","1504","6243","1523","6610","1629",
"0500000US53005","Benton County, Washington","52299","2750","4534","1171","1034","464","98","108","133","137","580","386","223","268","3500","1150","355","277","0","218","61","108","175","211","119","148","3145","1068","525","511","774","627","1649","862","197","263","47765","2698","37500","2703","1296","697","7052","1558","11549","1787","17603","2073","10265","1854","3239","1111","788","720","787","406","1054","622","610","333","7026","1619","691","537","1962","894","3036","1162","1337","684",
"0500000US53007","Chelan County, Washington","20674","1641","865","434","662","359","0","218","324","275","178","165","160","161","203","280","0","218","0","218","0","218","0","218","0","218","203","280","0","218","173","263","30","65","0","218","19809","1667","15014","1816","1059","582","2295","636","5572","1514","6088","1001","4795","1272","2154","995","377","345","1327","937","241","222","209","175","2641","868","423","494","613","386","904","570","701","552",
"0500000US53009","Clallam County, Washington","21181","1491","1225","543","430","245","13","25","70","82","202","187","145","147","795","490","134","223","0","218","0","218","134","223","0","218","661","437","56","95","123","131","287","271","195","305","19956","1381","15011","1338","398","329","2332","850","5851","927","6430","1021","4945","950","2413","812","157","238","858","544","1189","633","209","190","2532","751","7","15","718","381","1260","539","547","244",
"0500000US53011","Clark County, Washington","137165","4310","6578","1610","3102","1131","402","354","915","585","1269","793","516","271","3476","1153","1074","616","377","253","570","565","127","139","0","218","2402","1017","375","339","669","601","1227","682","131","118","130587","4184","101448","4368","4669","1429","15611","2384","37471","3247","43697","2975","29139","2858","9053","1886","875","518","3251","1137","3188","1060","1739","760","20086","2624","2412","1249","4566","1495","7730","1544","5378","1376",
"0500000US53015","Cowlitz County, Washington","29247","1511","1730","565","409","239","0","218","63","82","184","177","162","156","1321","532","300","245","88","150","29","50","183","216","0","218","1021","509","426","367","133","132","394","273","68","117","27517","1624","22293","1855","1591","669","6034","1758","8769","1392","5899","1291","5224","1066","2209","631","279","252","645","366","858","450","427","388","3015","851","111","117","1238","597","1326","593","340","233",
"0500000US53021","Franklin County, Washington","25567","1567","3221","1178","1373","749","625","479","493","510","255","260","0","218","1848","918","776","552","29","50","570","464","0","218","177","290","1072","598","507","408","254","236","258","373","53","94","22346","1773","15627","1804","1837","872","4105","1098","4201","1093","5484","1184","6719","1480","3127","1170","497","452","949","686","1236","840","445","327","3592","985","646","439","826","464","1391","832","729","592",
"0500000US53025","Grant County, Washington","27403","1750","3764","1228","1683","859","931","740","364","298","388","317","0","218","2081","967","303","292","131","235","75","93","97","157","0","218","1778","940","1422","918","134","202","222","219","0","218","23639","1887","17771","1873","3347","1005","4016","1161","5490","1281","4918","1343","5868","1485","1511","627","229","252","757","486","338","289","187","233","4357","1475","217","256","793","700","1961","1093","1386","863",
"0500000US53027","Grays Harbor County, Washington","18313","1381","1763","689","780","373","240","254","211","195","241","208","88","129","983","590","398","439","0","218","324","423","65","97","9","16","585","374","0","218","153","148","229","219","203","285","16550","1403","13199","1224","705","607","3856","1000","5550","1047","3088","955","3351","726","1668","482","211","186","735","376","535","285","187","163","1683","585","113","135","531","397","679","339","360","268",
"0500000US53029","Island County, Washington","null","null","null","null","null","null","null","null","null","null","null","null","null","null","null","null","null","null","null","null","null","null","null","null","null","null","null","null","null","null","null","null","null","null","null","null","null","null","null","null","null","null","null","null","null","null","null","null","null","null","null","null","null","null","null","null","null","null","null","null","null","null","null","null","null","null","null","null","null","null",
"0500000US53033","King County, Washington","539086","7720","26250","3212","14356","2627","2783","1054","3208","1596","2740","931","5625","1285","11894","2328","2936","1544","47","79","1000","768","1387","938","502","448","8958","1939","2270","1116","1643","731","3257","1176","1788","730","512836","8427","427116","7633","13498","1836","36231","3563","78555","4515","298832","6697","85720","5154","31248","3456","3568","1604","6557","1857","8733","2167","12390","1860","54472","3731","4319","1204","9457","1762","18703","2764","21993","1816",
"0500000US53035","Kitsap County, Washington","76528","3099","4031","1228","1211","585","234","366","190","320","301","247","486","315","2820","1151","205","289","0","218","0","218","6","11","199","290","2615","1110","993","896","494","408","980","602","148","168","72497","3142","60236","3226","1049","592","8924","1791","21660","1983","28603","2742","12261","2068","4679","1361","382","337","447","292","1843","971","2007","886","7582","1344","114","153","1923","760","3130","906","2415","886",
"0500000US53041","Lewis County, Washington","null","null","null","null","null","null","null","null","null","null","null","null","null","null","null","null","null","null","null","null","null","null","null","null","null","null","null","null","null","null","null","null","null","null","null","null","null","null","null","null","null","null","null","null","null","null","null","null","null","null","null","null","null","null","null","null","null","null","null","null","null","null","null","null","null","null","null","null","null","null",
"0500000US53045","Mason County, Washington","null","null","null","null","null","null","null","null","null","null","null","null","null","null","null","null","null","null","null","null","null","null","null","null","null","null","null","null","null","null","null","null","null","null","null","null","null","null","null","null","null","null","null","null","null","null","null","null","null","null","null","null","null","null","null","null","null","null","null","null","null","null","null","null","null","null","null","null","null","null",
"0500000US53053","Pierce County, Washington","240305","5078","14693","2418","5191","1288","1157","718","1710","838","1300","613","1024","464","9502","2086","1474","790","28","49","730","515","581","526","135","225","8028","1869","2010","1053","2027","787","2901","1344","1090","767","225612","5228","174192","4844","5573","1189","32793","3369","65325","4463","70501","3774","51420","3866","18691","2595","1629","757","6699","1685","6760","1885","3603","1136","32729","3064","2301","884","7845","1624","13531","2412","9052","1667",
"0500000US53057","Skagit County, Washington","34785","1818","1718","786","420","301","10","21","112","118","247","283","51","51","1298","625","174","186","76","133","60","101","38","68","0","218","1124","681","507","624","371","251","134","167","112","130","33067","1660","25787","1718","1336","691","4978","939","9207","1150","10266","1191","7280","1135","2500","894","37","49","1214","680","755","474","494","261","4780","998","450","345","1231","626","2195","773","904","374",
"0500000US53061","Snohomish County, Washington","214796","5666","13046","2323","6051","1546","819","661","859","617","2449","996","1924","902","6995","1701","1951","955","371","598","816","527","607","507","157","256","5044","1608","1093","919","2138","904","1295","635","518","447","201750","5823","163435","5961","7028","1490","23114","2985","51152","3759","82141","4034","38315","3987","13453","1933","1366","753","4391","1354","4196","1227","3500","1003","24862","3260","1921","886","5605","1375","9188","1908","8148","1678",
"0500000US53063","Spokane County, Washington","142193","4243","8439","1641","3796","1144","415","289","923","543","1495","669","963","442","4643","1356","842","584","50","64","510","561","207","152","75","131","3801","1190","117","129","1308","735","1830","792","546","404","133754","4022","101682","3768","2846","1092","15577","1929","36977","2703","46282","2726","32072","3323","11950","2142","1405","753","4141","1402","4045","1144","2359","915","20122","2284","760","460","4227","989","7796","1493","7339","1634",
"0500000US53067","Thurston County, Washington","78615","3924","4900","1366","2170","899","201","199","274","264","297","251","1398","800","2730","950","319","268","0","218","134","156","185","179","0","218","2411","912","360","550","763","517","857","462","431","351","73715","3917","57454","3497","1487","616","8344","1561","18247","2385","29376","2607","16261","2157","5745","1353","452","613","879","417","2037","956","2377","953","10516","1660","330","229","1946","858","3943","1055","4297","1015",
"0500000US53073","Whatcom County, Washington","55849","2568","2922","931","1581","691","314","334","384","276","416","260","467","461","1341","545","261","252","0","218","151","244","84","103","26","48","1080","459","0","218","165","188","751","405","164","154","52927","2622","43742","2720","1082","539","8172","1474","12799","1939","21689","2107","9185","1634","3221","951","335","327","871","496","1019","566","996","441","5964","1170","98","140","864","457","2710","844","2292","916",
"0500000US53077","Yakima County, Washington","64166","2914","9108","1821","3560","907","1787","800","1025","496","457","267","291","292","5548","1474","1102","601","308","255","688","515","46","80","60","100","4446","1349","2615","1125","454","350","1242","676","135","211","55058","2883","38493","2853","5512","1457","10540","2010","11204","1582","11237","1592","16565","2739","6968","1700","993","678","2538","1042","2398","945","1039","618","9597","1791","2088","870","3079","1065","3298","1103","1132","483",
"0500000US54003","Berkeley County, West Virginia","37543","2292","3394","1181","910","426","532","428","254","228","48","86","76","118","2484","1121","184","264","0","206","184","264","0","206","0","206","2300","1073","733","737","1235","831","172","166","160","212","34149","2362","24420","1927","2184","812","6101","1405","8421","1626","7714","1100","9729","1939","3356","1356","83","137","1070","712","1096","741","1107","995","6373","1389","399","367","1837","771","2495","1203","1642","638",
"0500000US54011","Cabell County, West Virginia","22306","1666","3110","1056","1034","531","0","206","548","337","298","307","188","170","2076","967","667","651","354","492","46","80","267","392","0","206","1409","760","231","189","709","684","185","136","284","424","19196","1558","15075","1565","643","449","3515","1051","4688","954","6229","1216","4121","891","989","452","88","101","138","148","483","368","280","213","3132","817","304","333","354","261","1233","563","1241","688",
"0500000US54033","Harrison County, West Virginia","null","null","null","null","null","null","null","null","null","null","null","null","null","null","null","null","null","null","null","null","null","null","null","null","null","null","null","null","null","null","null","null","null","null","null","null","null","null","null","null","null","null","null","null","null","null","null","null","null","null","null","null","null","null","null","null","null","null","null","null","null","null","null","null","null","null","null","null","null","null",
"0500000US54039","Kanawha County, West Virginia","45415","2646","4682","1328","1740","679","455","299","656","328","485","519","144","153","2942","1106","223","245","31","54","172","235","20","34","0","206","2719","1046","615","493","1012","564","1058","652","34","55","40733","2443","29758","2293","1624","638","8577","1453","9300","1584","10257","1535","10975","1703","3558","1269","49","99","1931","992","646","509","932","704","7417","1300","315","232","2854","823","2688","676","1560","721",
"0500000US54061","Monongalia County, West Virginia","null","null","null","null","null","null","null","null","null","null","null","null","null","null","null","null","null","null","null","null","null","null","null","null","null","null","null","null","null","null","null","null","null","null","null","null","null","null","null","null","null","null","null","null","null","null","null","null","null","null","null","null","null","null","null","null","null","null","null","null","null","null","null","null","null","null","null","null","null","null",
"0500000US54081","Raleigh County, West Virginia","null","null","null","null","null","null","null","null","null","null","null","null","null","null","null","null","null","null","null","null","null","null","null","null","null","null","null","null","null","null","null","null","null","null","null","null","null","null","null","null","null","null","null","null","null","null","null","null","null","null","null","null","null","null","null","null","null","null","null","null","null","null","null","null","null","null","null","null","null","null",
"0500000US54107","Wood County, West Virginia","23176","1538","2683","802","1273","609","0","206","870","520","353","281","50","82","1410","680","300","323","46","79","175","286","79","94","0","206","1110","613","478","398","113","119","472","405","47","81","20493","1562","15900","1321","894","474","4532","945","5097","952","5377","891","4593","1245","974","520","51","87","472","374","268","330","183","145","3619","1074","185","280","1018","393","1591","747","825","559",
"0500000US55009","Brown County, Wisconsin","67895","3093","3809","1110","1390","515","45","62","746","417","344","243","255","254","2419","1034","1173","756","441","493","44","72","291","248","397","483","1246","763","433","564","298","229","313","285","202","230","64086","2961","49169","2756","1618","816","10297","1533","13266","1602","23988","1961","14917","2055","6796","1537","1545","984","1573","566","2234","803","1444","831","8121","1431","1054","518","2585","926","2247","834","2235","696",
"0500000US55017","Chippewa County, Wisconsin","null","null","null","null","null","null","null","null","null","null","null","null","null","null","null","null","null","null","null","null","null","null","null","null","null","null","null","null","null","null","null","null","null","null","null","null","null","null","null","null","null","null","null","null","null","null","null","null","null","null","null","null","null","null","null","null","null","null","null","null","null","null","null","null","null","null","null","null","null","null",
"0500000US55025","Dane County, Wisconsin","133024","3749","4892","1363","2256","953","66","108","814","678","543","369","833","367","2636","1021","630","504","0","161","457","459","0","161","173","248","2006","937","409","599","649","512","751","458","197","188","128132","3652","105552","3695","1460","679","10349","1424","23617","2238","70126","3731","22580","2486","6806","1366","502","384","827","400","2200","908","3277","1044","15774","2055","743","573","3002","1112","4355","1089","7674","1715",
"0500000US55027","Dodge County, Wisconsin","23280","1252","1471","585","511","305","74","118","269","246","130","124","38","40","960","515","48","64","0","161","0","161","35","59","13","23","912","508","134","215","581","474","145","179","52","84","21809","1262","17897","1182","389","178","5197","882","7303","858","5008","849","3912","866","1283","461","320","285","488","254","313","201","162","159","2629","696","128","130","1634","586","533","401","334","253",
"0500000US55035","Eau Claire County, Wisconsin","null","null","null","null","null","null","null","null","null","null","null","null","null","null","null","null","null","null","null","null","null","null","null","null","null","null","null","null","null","null","null","null","null","null","null","null","null","null","null","null","null","null","null","null","null","null","null","null","null","null","null","null","null","null","null","null","null","null","null","null","null","null","null","null","null","null","null","null","null","null",
"0500000US55039","Fond du Lac County, Wisconsin","null","null","null","null","null","null","null","null","null","null","null","null","null","null","null","null","null","null","null","null","null","null","null","null","null","null","null","null","null","null","null","null","null","null","null","null","null","null","null","null","null","null","null","null","null","null","null","null","null","null","null","null","null","null","null","null","null","null","null","null","null","null","null","null","null","null","null","null","null","null",
"0500000US55055","Jefferson County, Wisconsin","null","null","null","null","null","null","null","null","null","null","null","null","null","null","null","null","null","null","null","null","null","null","null","null","null","null","null","null","null","null","null","null","null","null","null","null","null","null","null","null","null","null","null","null","null","null","null","null","null","null","null","null","null","null","null","null","null","null","null","null","null","null","null","null","null","null","null","null","null","null",
"0500000US55059","Kenosha County, Wisconsin","43300","2353","2948","1092","1437","797","291","278","752","682","354","244","40","69","1511","781","0","161","0","161","0","161","0","161","0","161","1511","781","43","72","718","591","587","490","163","191","40352","2401","32619","2029","1406","549","5584","1248","12380","1690","13249","1665","7733","1328","2327","803","78","95","744","469","1176","615","329","223","5406","1126","353","301","1340","802","1682","593","2031","670",
"0500000US55063","La Crosse County, Wisconsin","null","null","null","null","null","null","null","null","null","null","null","null","null","null","null","null","null","null","null","null","null","null","null","null","null","null","null","null","null","null","null","null","null","null","null","null","null","null","null","null","null","null","null","null","null","null","null","null","null","null","null","null","null","null","null","null","null","null","null","null","null","null","null","null","null","null","null","null","null","null",
"0500000US55071","Manitowoc County, Wisconsin","22094","1550","1530","723","800","539","319","465","337","269","36","34","108","106","730","490","204","198","56","96","125","168","13","21","10","16","526","462","309","432","50","64","107","121","60","99","20564","1442","16676","1253","1112","505","4320","727","6234","880","5010","755","3888","989","1497","552","32","29","672","350","531","297","262","242","2391","866","126","207","508","303","1405","711","352","297",
"0500000US55073","Marathon County, Wisconsin","36482","1684","812","320","617","257","86","85","228","177","138","78","165","155","195","148","0","161","0","161","0","161","0","161","0","161","195","148","38","47","121","136","36","38","0","161","35670","1691","29929","1527","1225","472","8609","1113","9427","1419","10668","1378","5741","1086","2408","834","166","240","1420","727","511","257","311","216","3333","763","221","211","737","350","1345","523","1030","460",
"0500000US55079","Milwaukee County, Wisconsin","206749","5487","24629","3288","6652","1661","1698","791","2178","719","1674","945","1102","501","17977","3040","2726","1176","354","358","1258","922","986","659","128","128","15251","2854","2276","1046","5843","1934","6207","1705","925","602","182120","5625","117477","4732","7836","1575","21333","2516","27706","2530","60602","3145","64643","4415","18605","2903","2986","1190","6160","1764","6242","1694","3217","996","46038","3240","5478","1700","12890","2441","17269","2370","10401","2217",
"0500000US55087","Outagamie County, Wisconsin","51083","1918","1966","706","725","394","158","172","485","344","43","55","39","67","1241","604","349","324","88","106","261","316","0","161","0","161","892","513","79","89","239","228","184","152","390","420","49117","1851","39453","2053","839","321","9858","1325","11979","1309","16777","1726","9664","1410","3890","984","385","326","1125","469","1036","470","1344","775","5774","1207","38","48","1670","720","2198","770","1868","824",
"0500000US55089","Ozaukee County, Wisconsin","null","null","null","null","null","null","null","null","null","null","null","null","null","null","null","null","null","null","null","null","null","null","null","null","null","null","null","null","null","null","null","null","null","null","null","null","null","null","null","null","null","null","null","null","null","null","null","null","null","null","null","null","null","null","null","null","null","null","null","null","null","null","null","null","null","null","null","null","null","null",
"0500000US55097","Portage County, Wisconsin","17171","1149","927","490","233","142","102","111","60","71","71","68","0","161","694","449","53","88","0","161","0","161","0","161","53","88","641","432","309","343","241","223","83","76","8","13","16244","1102","13598","1123","104","62","3005","505","3689","710","6800","896","2646","672","775","375","237","324","287","131","220","161","31","40","1871","563","55","55","395","299","826","428","595","314",
"0500000US55101","Racine County, Wisconsin","52093","2664","4902","1416","1423","720","412","312","652","605","96","120","263","188","3479","1358","399","391","0","161","145","186","192","334","62","106","3080","1312","487","484","1019","872","1233","910","341","494","47191","2595","36042","2366","1066","494","8576","1717","12404","1463","13996","1638","11149","1769","2736","1008","82","141","720","377","1084","749","850","539","8413","1499","481","445","2958","1208","3894","1071","1080","449",
"0500000US55105","Rock County, Wisconsin","42397","1988","2110","740","1075","478","375","428","205","195","257","160","238","239","1035","535","89","168","0","161","0","161","89","168","0","161","946","535","90","107","373","421","434","336","49","84","40287","1966","31740","1969","1891","866","9349","1809","11188","1815","9312","1290","8547","1549","3671","1221","286","335","1980","940","923","397","482","292","4876","1030","299","288","1445","584","2211","814","921","354",
"0500000US55109","St. Croix County, Wisconsin","null","null","null","null","null","null","null","null","null","null","null","null","null","null","null","null","null","null","null","null","null","null","null","null","null","null","null","null","null","null","null","null","null","null","null","null","null","null","null","null","null","null","null","null","null","null","null","null","null","null","null","null","null","null","null","null","null","null","null","null","null","null","null","null","null","null","null","null","null","null",
"0500000US55111","Sauk County, Wisconsin","17941","1080","824","342","344","166","40","60","112","81","173","136","19","22","480","292","21","34","0","161","0","161","0","161","21","34","459","294","121","147","27","31","212","187","99","175","17117","1085","13884","1076","681","273","3358","657","4445","663","5400","786","3233","731","1506","523","345","252","551","324","371","244","239","200","1727","444","15","19","348","230","909","318","455","249",
"0500000US55117","Sheboygan County, Wisconsin","30135","1863","1796","761","1051","539","0","161","692","480","345","265","14","23","745","548","317","313","69","114","179","277","0","161","69","119","428","438","26","44","97","118","305","427","0","161","28339","1807","23231","1588","795","495","4820","753","8169","1277","9447","1290","5108","1144","2519","817","204","240","1214","579","381","267","720","430","2589","760","171","183","767","405","1019","582","632","366",
"0500000US55127","Walworth County, Wisconsin","null","null","null","null","null","null","null","null","null","null","null","null","null","null","null","null","null","null","null","null","null","null","null","null","null","null","null","null","null","null","null","null","null","null","null","null","null","null","null","null","null","null","null","null","null","null","null","null","null","null","null","null","null","null","null","null","null","null","null","null","null","null","null","null","null","null","null","null","null","null",
"0500000US55131","Washington County, Wisconsin","38381","1617","1561","705","778","365","6","10","317","243","244","217","211","174","783","576","16","28","16","28","0","161","0","161","0","161","767","576","58","93","347","398","301","406","61","102","36820","1718","29968","1831","518","310","5832","1124","9923","1165","13695","1489","6852","1352","1815","662","23","38","653","440","655","386","484","332","5037","1196","226","223","994","584","2207","880","1610","699",
"0500000US55133","Waukesha County, Wisconsin","113457","2973","4050","1156","1677","507","48","79","347","269","359","305","923","346","2373","1013","452","314","0","161","133","157","186","224","133","138","1921","971","76","127","120","142","587","379","1138","821","109407","3175","93646","2819","1083","404","11367","1956","23972","2165","57224","2859","15761","2031","6391","1491","204","171","1552","786","1725","690","2910","1168","9370","1445","334","307","1821","708","2457","697","4758","1087",
"0500000US55139","Winnebago County, Wisconsin","40605","1915","2443","793","785","527","135","224","252","275","368","392","30","37","1658","685","355","353","0","161","0","161","355","353","0","161","1303","535","219","270","452","331","594","381","38","66","38162","1988","30362","1912","843","439","6792","1231","10485","1233","12242","1309","7800","1415","3119","982","538","414","805","453","1648","718","128","156","4681","1109","83","122","1180","451","2262","944","1156","470",
"0500000US55141","Wood County, Wisconsin","19493","1238","1374","540","330","171","71","79","167","153","56","58","36","60","1044","530","69","92","11","18","3","7","55","90","0","161","975","518","185","219","256","221","436","432","98","143","18119","1162","14202","1151","203","129","3863","808","6813","890","3323","661","3917","833","1392","531","209","304","736","372","339","195","108","103","2525","665","81","96","623","373","1141","436","680","391",
"0500000US56021","Laramie County, Wyoming","null","null","null","null","null","null","null","null","null","null","null","null","null","null","null","null","null","null","null","null","null","null","null","null","null","null","null","null","null","null","null","null","null","null","null","null","null","null","null","null","null","null","null","null","null","null","null","null","null","null","null","null","null","null","null","null","null","null","null","null","null","null","null","null","null","null","null","null","null","null",
"0500000US56025","Natrona County, Wyoming","null","null","null","null","null","null","null","null","null","null","null","null","null","null","null","null","null","null","null","null","null","null","null","null","null","null","null","null","null","null","null","null","null","null","null","null","null","null","null","null","null","null","null","null","null","null","null","null","null","null","null","null","null","null","null","null","null","null","null","null","null","null","null","null","null","null","null","null","null","null",
"0500000US72013","Arecibo Municipio, Puerto Rico","21209","2013","7669","1605","2439","939","565","369","445","398","1194","705","235","274","5230","1291","1377","647","258","239","444","407","675","453","0","258","3853","1134","369","370","1450","702","1252","740","782","625","13540","1977","8037","1586","360","291","1227","624","3164","1049","3286","867","5503","1507","1856","677","528","402","861","594","239","251","228","313","3647","1303","151","181","967","661","747","580","1782","899",
"0500000US72021","Bayamón Municipio, Puerto Rico","45410","2393","12915","1786","4481","1008","1524","681","867","496","982","498","1108","441","8434","1627","1447","564","133","173","247","240","778","415","289","295","6987","1568","1036","453","2097","922","3083","968","771","353","32495","2166","19456","1953","1821","565","3113","919","6091","1074","8431","1225","13039","1813","3371","811","585","346","901","515","1044","544","841","416","9668","1420","1179","604","1972","830","1841","643","4676","1069",
"0500000US72025","Caguas Municipio, Puerto Rico","27721","2514","8253","1558","1866","746","326","238","510","444","629","486","401","395","6387","1336","863","598","208","263","348","405","233","243","74","122","5524","1272","592","519","2333","820","1749","701","850","613","19468","2256","12151","1950","343","302","2744","897","2440","944","6624","1571","7317","1465","1446","730","456","422","376","310","247","236","367","454","5871","1353","417","329","1508","878","1962","965","1984","767",
"0500000US72031","Carolina Municipio, Puerto Rico","38686","2527","9287","1585","2661","917","724","439","1181","652","587","380","169","178","6626","1458","462","370","0","258","206","230","219","284","37","62","6164","1442","346","319","2688","907","2137","1030","993","646","29399","2420","16641","1712","740","425","3929","1254","5128","1261","6844","1214","12758","1888","3776","1051","461","370","1021","707","786","496","1508","787","8982","1738","787","517","1893","801","2480","935","3822","1232",
"0500000US72061","Guaynabo Municipio, Puerto Rico","20380","1599","3291","806","1247","524","519","384","108","170","428","303","192","285","2044","591","179","179","0","258","85","113","94","153","0","258","1865","597","309","294","377","289","629","409","550","343","17089","1656","11890","1342","1040","504","1205","492","1650","637","7995","1341","5199","1258","1931","839","103","174","337","330","95","121","1396","726","3268","985","400","380","278","242","829","470","1761","641",
"0500000US72097","Mayagüez Municipio, Puerto Rico","14534","1638","6709","1371","2261","778","721","425","1010","599","261","187","269","227","4448","1345","1035","569","598","400","177","213","209","326","51","88","3413","1054","1210","628","1224","654","576","459","403","402","7825","1385","5142","999","590","339","1318","513","1339","653","1895","672","2683","857","934","464","137","144","0","258","557","348","240","275","1749","623","410","296","396","299","441","339","502","359",
"0500000US72113","Ponce Municipio, Puerto Rico","35576","2077","14431","1950","4212","1021","908","418","1829","730","951","571","524","326","10219","1736","2004","804","582","396","754","594","633","461","35","60","8215","1542","1169","629","2768","979","3430","1040","848","569","21145","1952","12520","1523","1018","557","2978","831","2672","765","5852","1110","8625","1445","1450","680","126","216","577","482","357","381","390","232","7175","1260","652","392","2141","973","1511","677","2871","879",
"0500000US72127","San Juan Municipio, Puerto Rico","75211","4255","23560","2944","5541","1331","1951","844","1093","586","1730","841","767","447","18019","2480","1809","742","462","419","729","456","585","415","33","58","16210","2269","2871","1050","7934","1812","3666","1044","1739","738","51651","3230","30166","2789","1622","837","5342","1195","5112","1281","18090","1969","21485","2279","4527","1112","397","436","1423","711","1325","647","1382","695","16958","2266","1645","784","3104","858","3744","1067","8465","1567",
"0500000US72135","Toa Alta Municipio, Puerto Rico","17033","1496","3923","1146","1452","738","425","369","622","424","185","176","220","226","2471","829","204","231","93","153","0","258","111","185","0","258","2267","797","379","348","685","430","754","505","449","413","13110","1507","9609","1425","656","394","1425","706","2285","824","5243","1041","3501","995","807","571","180","277","429","445","45","74","153","245","2694","876","473","348","183","234","411","350","1627","838",
"0500000US72137","Toa Baja Municipio, Puerto Rico","16456","1833","4623","1173","1204","583","246","256","286","291","438","313","234","206","3419","1002","391","299","85","139","158","176","148","183","0","258","3028","959","613","402","640","412","725","500","1050","697","11833","1558","6685","1391","705","454","1864","733","1502","668","2614","850","5148","1456","772","503","215","262","378","348","179","278","0","258","4376","1222","338","297","863","684","1031","664","2144","848",
"0500000US72139","Trujillo Alto Municipio, Puerto Rico","null","null","null","null","null","null","null","null","null","null","null","null","null","null","null","null","null","null","null","null","null","null","null","null","null","null","null","null","null","null","null","null","null","null","null","null","null","null","null","null","null","null","null","null","null","null","null","null","null","null","null","null","null","null","null","null","null","null","null","null","null","null","null","null","null","null","null","null","null","null",
