Data Extract Date,Overdose ED Visit Year,Overdose ED Visit Drug Type,Overdose ED Visit Patient Geography Level,Overdose ED Visit Patient Geography Name,Overdose ED Visit Patient FIPS,Combined Locality,Overdose ED Visit Count,"Overdose ED Visit Rate per 10,000 visits"
4/10/2026,2024,Heroin,Locality,Middlesex,51119,No,1,1.4
4/10/2026,2021,All Drug,Locality,Madison,51113,No,22,49.3
4/10/2026,2022,All Drug,Locality,James City,51095,No,217,48.5
4/10/2026,2023,Opioid,Locality,Chesterfield County and Colonial Heights City,51041,Yes,426,22.5
4/10/2026,2024,Opioid,Locality,Dickenson,51051,No,25,26.7
4/10/2026,2021,Opioid,Locality,Newport News,51700,No,340,34
4/10/2026,2023,Heroin,Locality,"Augusta County, Staunton City, and Waynesboro City",51790,Yes,3,0.5
4/10/2026,2026,All Drug,Locality,Surry,51181,No,1,10.9
4/10/2026,2021,Opioid,Locality,Pittsylvania County and Danville City,51590,Yes,165,29.7
4/10/2026,2026,All Drug,Locality,Amherst,51009,No,22,77.1
4/10/2026,2023,Opioid,Locality,Lunenburg,51111,No,7,14.4
4/10/2026,2021,All Drug,Locality,"Rockbridge County, Buena Vista City, and Lexington City",51163,Yes,69,47.8
4/10/2026,2023,Stimulant,Locality,Wythe,51197,No,6,3.1
4/10/2026,2022,Heroin,Locality,Poquoson,51735,No,5,12.1
4/10/2026,2022,Opioid,Locality,Wise County and Norton City,51720,Yes,96,36
4/10/2026,2022,Stimulant,Locality,Spotsylvania,51177,No,9,1.4
4/10/2026,2026,Opioid,Locality,"Prince George County, Hopewell City, and Petersburg City",51730,Yes,27,9.3
4/10/2026,2026,Stimulant,Locality,Bath,51017,No,0,0
4/10/2026,2022,Stimulant,Locality,"Prince George County, Hopewell City, and Petersburg City",51670,Yes,30,3.2
4/10/2026,2022,Stimulant,Locality,Charles City,51036,No,3,8.5
4/10/2026,2026,Heroin,Locality,Pittsylvania County and Danville City,51590,Yes,0,0
4/10/2026,2022,Stimulant,Locality,"Prince George County, Hopewell City, and Petersburg City",51730,Yes,30,3.2
4/10/2026,2021,All Drug,Locality,Charlotte,51037,No,45,65.2
4/10/2026,2025,Opioid,Locality,Poquoson,51735,No,8,18.1
4/10/2026,2025,Heroin,Locality,Wise County and Norton City,51720,Yes,0,0
4/10/2026,2026,Heroin,Locality,Rappahannock,51157,No,0,0
4/10/2026,2025,Stimulant,Locality,Chesterfield County and Colonial Heights City,51570,Yes,37,1.8
4/10/2026,2023,All Drug,Locality,Middlesex,51119,No,19,28.5
4/10/2026,2023,Opioid,Locality,Cumberland,51049,No,10,24.4
4/10/2026,2021,Stimulant,Locality,Shenandoah,51171,No,8,3.1
4/10/2026,2023,Heroin,Locality,Carroll,51035,No,1,1.2
4/10/2026,2021,Stimulant,Locality,Washington County and Bristol City,51520,Yes,8,4.8
4/10/2026,2021,All Drug,Locality,Albemarle County and Charlottesville City,51003,Yes,282,60.5
4/10/2026,2024,Opioid,Locality,Alleghany County and Covington City,51005,Yes,35,20.8
4/10/2026,2022,Heroin,Locality,Rockingham County and Harrisonburg City,51660,Yes,12,2.3
4/10/2026,2023,All Drug,Locality,Scott,51169,No,8,42
4/10/2026,2023,Stimulant,Locality,Tazewell,51185,No,13,5.8
4/10/2026,2025,Opioid,Locality,Appomattox,51011,No,16,27.6
4/10/2026,2023,Opioid,Locality,Norfolk,51710,No,627,44.8
4/10/2026,2023,Stimulant,Locality,Amelia,51007,No,0,0
4/10/2026,2023,Stimulant,Locality,Chesapeake,51550,No,15,1.5
4/10/2026,2023,All Drug,Locality,Lancaster,51103,No,29,48.4
4/10/2026,2022,All Drug,Locality,Charlotte,51037,No,45,62
4/10/2026,2021,Stimulant,Locality,"Prince George County, Hopewell City, and Petersburg City",51730,Yes,24,2.7
4/10/2026,2024,Stimulant,Locality,Westmoreland,51193,No,0,0
4/10/2026,2025,Heroin,Locality,"Prince William County, Manassas City, and Manassas Park City",51153,Yes,*,0.1
4/10/2026,2024,Heroin,Locality,Fluvanna,51065,No,1,1
4/10/2026,2022,Stimulant,Locality,Carroll,51035,No,1,1.2
4/10/2026,2022,All Drug,Locality,"Fairfax County, Fairfax City, and Falls Church City",51600,Yes,1433,47.8
4/10/2026,2023,Opioid,Locality,Grayson County and Galax City,51640,Yes,82,61.2
4/10/2026,2024,Stimulant,Locality,"Rockbridge County, Buena Vista City, and Lexington City",51530,Yes,2,1.1
4/10/2026,2022,All Drug,Locality,Giles,51071,No,59,54.7
4/10/2026,2024,All Drug,Locality,Botetourt,51023,No,52,44.1
4/10/2026,2026,Heroin,Locality,Bland,51021,No,0,0
4/10/2026,2025,Heroin,Locality,Grayson County and Galax City,51640,Yes,0,0
4/10/2026,2026,Opioid,Locality,Page,51139,No,6,14.8
4/10/2026,2022,Opioid,Locality,Fluvanna,51065,No,32,37.2
4/10/2026,2026,All Drug,Locality,Essex,51057,No,3,15.7
4/10/2026,2022,Opioid,Locality,"Fairfax County, Fairfax City, and Falls Church City",51600,Yes,608,20.3
4/10/2026,2026,Opioid,Locality,Buckingham,51029,No,1,6.2
4/10/2026,2024,All Drug,Locality,Craig,51045,No,6,30.1
4/10/2026,2022,All Drug,Locality,Botetourt,51023,No,70,72.2
4/10/2026,2024,Opioid,Locality,"Fairfax County, Fairfax City, and Falls Church City",51600,Yes,647,19.6
4/10/2026,2023,All Drug,Locality,Craig,51045,No,9,48.4
4/10/2026,2022,Opioid,Locality,Rockingham County and Harrisonburg City,51165,Yes,108,20.3
4/10/2026,2021,Heroin,Locality,Wythe,51197,No,1,0.5
4/10/2026,2022,Heroin,Locality,Shenandoah,51171,No,2,0.7
4/10/2026,2022,All Drug,Locality,Hampton,51650,No,370,52.5
4/10/2026,2026,Heroin,Locality,Albemarle County and Charlottesville City,51003,Yes,0,0
4/10/2026,2022,Heroin,Locality,Surry,51181,No,1,3.2
4/10/2026,2022,Stimulant,Locality,Sussex,51183,No,3,3.7
4/10/2026,2021,Heroin,Locality,Chesterfield County and Colonial Heights City,51570,Yes,88,5.7
4/10/2026,2022,Opioid,Locality,Lee,51105,No,37,27.4
4/10/2026,2024,Stimulant,Locality,Louisa,51109,No,9,4.2
4/10/2026,2026,All Drug,Locality,"Prince William County, Manassas City, and Manassas Park City",51153,Yes,138,30.6
4/10/2026,2025,Stimulant,Locality,Lee,51105,No,*,1.5
4/10/2026,2021,Opioid,Locality,Botetourt,51023,No,47,51.1
4/10/2026,2021,Opioid,Locality,Accomack,51001,No,37,24.3
4/10/2026,2021,Stimulant,Locality,Fluvanna,51065,No,0,0
4/10/2026,2023,All Drug,Locality,Pulaski,51155,No,158,70.2
4/10/2026,2022,Heroin,Locality,Northumberland,51133,No,0,0
4/10/2026,2026,Stimulant,Locality,"Augusta County, Staunton City, and Waynesboro City",51015,Yes,7,4.3
4/10/2026,2021,Stimulant,Locality,Henry County and Martinsville City,51690,Yes,35,10.3
4/10/2026,2022,All Drug,Locality,Wythe,51197,No,119,58.8
4/10/2026,2026,Opioid,Locality,"Prince William County, Manassas City, and Manassas Park City",51685,Yes,64,14.2
4/10/2026,2023,Stimulant,Locality,Mecklenburg,51117,No,7,4
4/10/2026,2023,Opioid,Locality,Franklin County,51067,No,81,31.7
4/10/2026,2026,Heroin,Locality,Warren,51187,No,0,0
4/10/2026,2021,Opioid,Locality,Buchanan,51027,No,32,31.2
4/10/2026,2024,Heroin,Locality,Rockingham County and Harrisonburg City,51660,Yes,0,0
4/10/2026,2021,Stimulant,Locality,James City,51095,No,3,0.7
4/10/2026,2023,Opioid,Locality,Wise County and Norton City,51720,Yes,109,41.4
4/10/2026,2023,Heroin,Locality,Poquoson,51735,No,0,0
4/10/2026,2026,Heroin,Locality,Wise County and Norton City,51195,Yes,0,0
4/10/2026,2022,Stimulant,Locality,Wythe,51197,No,1,0.5
4/10/2026,2026,All Drug,Locality,"Augusta County, Staunton City, and Waynesboro City",51015,Yes,82,50.7
4/10/2026,2022,Opioid,Locality,Alleghany County and Covington City,51005,Yes,37,25.1
4/10/2026,2026,All Drug,Locality,Stafford,51179,No,56,35.4
4/10/2026,2022,Opioid,Locality,Virginia Beach,51810,No,411,23.3
4/10/2026,2023,Stimulant,Locality,Greensville County and Emporia City,51081,Yes,4,3.4
4/10/2026,2023,Opioid,Locality,Dinwiddie,51053,No,16,14.9
4/10/2026,2023,All Drug,Locality,"Roanoke County, Roanoke City, and Salem City",51775,Yes,1080,83.5
4/10/2026,2021,Heroin,Locality,Isle of Wight,51093,No,12,8
4/10/2026,2024,Opioid,Locality,Lynchburg,51680,No,122,32.7
4/10/2026,2024,All Drug,Locality,"Rockbridge County, Buena Vista City, and Lexington City",51530,Yes,58,33
4/10/2026,2024,All Drug,Locality,Westmoreland,51193,No,29,28.5
4/10/2026,2021,Opioid,Locality,Alexandria,51510,No,108,28.1
4/10/2026,2025,Opioid,Locality,Charlotte,51037,No,22,31.1
4/10/2026,2022,Stimulant,Locality,"Fairfax County, Fairfax City, and Falls Church City",51600,Yes,30,1
4/10/2026,2026,All Drug,Locality,Halifax,51083,No,13,29.1
4/10/2026,2023,Heroin,Locality,Orange,51137,No,3,1.8
4/10/2026,2025,All Drug,Locality,Appomattox,51011,No,35,60.3
4/10/2026,2024,Heroin,Locality,Surry,51181,No,1,2.8
4/10/2026,2024,Stimulant,Locality,Sussex,51183,No,2,2.2
4/10/2026,2023,All Drug,Locality,"Rockbridge County, Buena Vista City, and Lexington City",51163,Yes,90,51.7
4/10/2026,2025,Opioid,Locality,"Fairfax County, Fairfax City, and Falls Church City",51610,Yes,631,18.6
4/10/2026,2025,All Drug,Locality,Lunenburg,51111,No,20,40.1
4/10/2026,2024,All Drug,Locality,Hampton,51650,No,297,38.7
4/10/2026,2021,Opioid,Locality,Lunenburg,51111,No,12,26.2
4/10/2026,2026,Opioid,Locality,"Roanoke County, Roanoke City, and Salem City",51161,Yes,94,28.8
4/10/2026,2021,All Drug,Locality,Fauquier,51061,No,170,68.9
4/10/2026,2023,Stimulant,Locality,Franklin County,51067,No,7,2.7
4/10/2026,2024,Heroin,Locality,"Augusta County, Staunton City, and Waynesboro City",51015,Yes,2,0.3
4/10/2026,2024,Stimulant,Locality,Poquoson,51735,No,0,0
4/10/2026,2021,Stimulant,Locality,Floyd,51063,No,0,0
4/10/2026,2022,All Drug,Locality,Loudoun,51107,No,498,45.6
4/10/2026,2021,Heroin,Locality,Culpeper,51047,No,16,7.1
4/10/2026,2024,All Drug,Locality,Buchanan,51027,No,94,83.1
4/10/2026,2022,Stimulant,Locality,Giles,51071,No,3,2.8
4/10/2026,2025,Opioid,Locality,Caroline,51033,No,34,17.8
4/10/2026,2022,Opioid,Locality,Greensville County and Emporia City,51595,Yes,31,26
4/10/2026,2026,Stimulant,Locality,Essex,51057,No,0,0
4/10/2026,2022,Heroin,Locality,Mathews,51115,No,4,10.1
4/10/2026,2022,Stimulant,Locality,Albemarle County and Charlottesville City,51003,Yes,15,2.9
4/10/2026,2026,Opioid,Locality,Westmoreland,51193,No,1,4
4/10/2026,2026,Opioid,Locality,Culpeper,51047,No,16,19.2
4/10/2026,2025,All Drug,Locality,Charles City,51036,No,12,33.1
4/10/2026,2023,Opioid,Locality,"Augusta County, Staunton City, and Waynesboro City",51015,Yes,159,24.8
4/10/2026,2022,Heroin,Locality,Montgomery County and Radford City,51121,Yes,25,6.1
4/10/2026,2025,All Drug,Locality,Bland,51021,No,17,60.1
4/10/2026,2025,Heroin,Locality,Bath,51017,No,0,0
4/10/2026,2023,All Drug,Locality,King William,51101,No,35,39.5
4/10/2026,2024,All Drug,Locality,King and Queen,51097,No,6,14.6
4/10/2026,2023,Opioid,Locality,"Roanoke County, Roanoke City, and Salem City",51770,Yes,575,44.5
4/10/2026,2024,Heroin,Locality,Greensville County and Emporia City,51081,Yes,0,0
4/10/2026,2022,All Drug,Locality,Wise County and Norton City,51195,Yes,184,69
4/10/2026,2026,All Drug,Locality,Highland,51091,No,3,131
4/10/2026,2021,Stimulant,Locality,Portsmouth,51740,No,16,2.4
4/10/2026,2025,All Drug,Locality,Wise County and Norton City,51195,Yes,127,47.1
4/10/2026,2022,Heroin,Locality,Bath,51017,No,1,3.5
4/10/2026,2021,Stimulant,Locality,Charlotte,51037,No,6,8.7
4/10/2026,2022,All Drug,Locality,"Prince George County, Hopewell City, and Petersburg City",51730,Yes,558,59.3
4/10/2026,2021,All Drug,Locality,Highland,51091,No,1,14.3
4/10/2026,2026,Heroin,Locality,York,51199,No,0,0
4/10/2026,2021,All Drug,Locality,Pittsylvania County and Danville City,51590,Yes,384,69.2
4/10/2026,2022,Opioid,Locality,Louisa,51109,No,70,36.3
4/10/2026,2025,Heroin,Locality,Alexandria,51510,No,0,0
4/10/2026,2025,Stimulant,Locality,Chesterfield County and Colonial Heights City,51041,Yes,37,1.8
4/10/2026,2024,Stimulant,Locality,Grayson County and Galax City,51077,Yes,2,1.4
4/10/2026,2022,Stimulant,Locality,Williamsburg,51830,No,0,0
4/10/2026,2021,Heroin,Locality,Charlotte,51037,No,7,10.1
4/10/2026,2024,All Drug,Locality,Southampton County and Franklin City,51620,Yes,73,35.1
4/10/2026,2025,Heroin,Locality,Chesapeake,51550,No,21,2
4/10/2026,2024,Stimulant,Locality,Pittsylvania County and Danville City,51590,Yes,27,4.3
4/10/2026,2021,All Drug,Locality,Grayson County and Galax City,51077,Yes,117,86.2
4/10/2026,2021,Heroin,Locality,King and Queen,51097,No,5,13
4/10/2026,2021,All Drug,Locality,Campbell,51031,No,120,83.7
4/10/2026,2022,Heroin,Locality,Madison,51113,No,0,0
4/10/2026,2024,All Drug,Locality,Alleghany County and Covington City,51005,Yes,79,47.1
4/10/2026,2021,All Drug,Locality,Alleghany County and Covington City,51580,Yes,59,43.6
4/10/2026,2024,Stimulant,Locality,Patrick,51141,No,2,4.7
4/10/2026,2021,Opioid,Locality,Brunswick,51025,No,34,37.5
4/10/2026,2021,Opioid,Locality,Fauquier,51061,No,112,45.4
4/10/2026,2023,All Drug,Locality,"Roanoke County, Roanoke City, and Salem City",51161,Yes,1080,83.5
4/10/2026,2026,Stimulant,Locality,Prince Edward,51147,No,2,5
4/10/2026,2026,Heroin,Locality,Amelia,51007,No,0,0
4/10/2026,2025,Opioid,Locality,New Kent,51127,No,19,13.5
4/10/2026,2024,Opioid,Locality,"Augusta County, Staunton City, and Waynesboro City",51820,Yes,124,18.6
4/10/2026,2023,Heroin,Locality,Smyth,51173,No,4,2
4/10/2026,2022,All Drug,Locality,"Prince William County, Manassas City, and Manassas Park City",51683,Yes,827,49.3
4/10/2026,2021,Stimulant,Locality,"Roanoke County, Roanoke City, and Salem City",51770,Yes,67,6
4/10/2026,2024,Opioid,Locality,Nottoway,51135,No,22,20.8
4/10/2026,2023,Heroin,Locality,Montgomery County and Radford City,51750,Yes,20,4.5
4/10/2026,2024,Heroin,Locality,"Fairfax County, Fairfax City, and Falls Church City",51059,Yes,11,0.3
4/10/2026,2021,Opioid,Locality,Loudoun,51107,No,189,19.5
4/10/2026,2023,Heroin,Locality,Frederick County and Winchester City,51840,Yes,4,0.8
4/10/2026,2023,Heroin,Locality,Williamsburg,51830,No,0,0
4/10/2026,2024,Stimulant,Locality,York,51199,No,2,1.2
4/10/2026,2023,Heroin,Locality,King William,51101,No,0,0
4/10/2026,2021,All Drug,Locality,Norfolk,51710,No,883,68.5
4/10/2026,2022,All Drug,Locality,"Prince George County, Hopewell City, and Petersburg City",51149,Yes,558,59.3
4/10/2026,2025,Heroin,Locality,Sussex,51183,No,*,1
4/10/2026,2024,Stimulant,Locality,Bath,51017,No,3,8.9
4/10/2026,2021,Heroin,Locality,"Augusta County, Staunton City, and Waynesboro City",51015,Yes,5,0.9
4/10/2026,2025,All Drug,Locality,Warren,51187,No,109,47.9
4/10/2026,2024,Heroin,Locality,Culpeper,51047,No,0,0
4/10/2026,2021,Stimulant,Locality,Poquoson,51735,No,0,0
4/10/2026,2023,Opioid,Locality,Northumberland,51133,No,12,13
4/10/2026,2022,All Drug,Locality,Grayson County and Galax City,51640,Yes,129,98.9
4/10/2026,2021,All Drug,Locality,Buchanan,51027,No,79,77.1
4/10/2026,2024,All Drug,Locality,Fauquier,51061,No,121,42.6
4/10/2026,2024,Stimulant,Locality,Floyd,51063,No,2,3.2
4/10/2026,2022,Heroin,Locality,Franklin County,51067,No,24,9.9
4/10/2026,2025,Stimulant,Locality,Buchanan,51027,No,*,3.6
4/10/2026,2025,All Drug,Locality,Poquoson,51735,No,16,36.3
4/10/2026,2023,Stimulant,Locality,Loudoun,51107,No,12,1.1
4/10/2026,2026,Stimulant,Locality,Grayson County and Galax City,51640,Yes,0,0
4/10/2026,2021,Stimulant,Locality,Warren,51187,No,6,2.8
4/10/2026,2022,Heroin,Locality,Washington County and Bristol City,51520,Yes,2,1.1
4/10/2026,2023,Stimulant,Locality,Stafford,51179,No,5,0.8
4/10/2026,2026,Stimulant,Locality,"Roanoke County, Roanoke City, and Salem City",51775,Yes,10,3.1
4/10/2026,2022,Heroin,Locality,Fauquier,51061,No,4,1.5
4/10/2026,2023,Opioid,Locality,Powhatan,51145,No,27,24.2
4/10/2026,2023,All Drug,Locality,Prince Edward,51147,No,66,43.1
4/10/2026,2026,Stimulant,Locality,"Roanoke County, Roanoke City, and Salem City",51161,Yes,10,3.1
4/10/2026,2021,Opioid,Locality,Rappahannock,51157,No,1,5.2
4/10/2026,2026,All Drug,Locality,"Roanoke County, Roanoke City, and Salem City",51775,Yes,192,58.9
4/10/2026,2024,Heroin,Locality,Cumberland,51049,No,0,0
4/10/2026,2023,All Drug,Locality,Stafford,51179,No,236,39.4
4/10/2026,2023,Stimulant,Locality,"Augusta County, Staunton City, and Waynesboro City",51790,Yes,45,7
4/10/2026,2026,Opioid,Locality,Rockingham County and Harrisonburg City,51660,Yes,23,15.1
4/10/2026,2026,Stimulant,Locality,Charles City,51036,No,0,0
4/10/2026,2024,Stimulant,Locality,Suffolk,51800,No,8,1.3
4/10/2026,2022,Opioid,Locality,"Prince George County, Hopewell City, and Petersburg City",51730,Yes,333,35.4
4/10/2026,2025,Stimulant,Locality,Campbell,51031,No,*,1.8
4/10/2026,2024,Opioid,Locality,"Prince William County, Manassas City, and Manassas Park City",51153,Yes,281,15.2
4/10/2026,2024,All Drug,Locality,Greensville County and Emporia City,51595,Yes,43,35.9
4/10/2026,2021,Heroin,Locality,Louisa,51109,No,11,6.4
4/10/2026,2025,Opioid,Locality,York,51199,No,30,17.8
4/10/2026,2023,Opioid,Locality,Chesterfield County and Colonial Heights City,51570,Yes,426,22.5
4/10/2026,2025,Stimulant,Locality,Grayson County and Galax City,51077,Yes,8,5.7
4/10/2026,2022,Heroin,Locality,Gloucester,51073,No,9,4.6
4/10/2026,2024,Opioid,Locality,Albemarle County and Charlottesville City,51003,Yes,142,25.5
4/10/2026,2023,Opioid,Locality,Louisa,51109,No,44,21.2
4/10/2026,2025,Opioid,Locality,Frederick County and Winchester City,51069,Yes,76,14.7
4/10/2026,2022,Heroin,Locality,Pittsylvania County and Danville City,51143,Yes,31,5.5
4/10/2026,2026,All Drug,Locality,Chesterfield County and Colonial Heights City,51041,Yes,158,31.4
4/10/2026,2022,Opioid,Locality,"Prince William County, Manassas City, and Manassas Park City",51153,Yes,387,23.1
4/10/2026,2021,All Drug,Locality,Williamsburg,51830,No,3,91.5
4/10/2026,2023,Heroin,Locality,Stafford,51179,No,5,0.8
4/10/2026,2021,Opioid,Locality,Virginia Beach,51810,No,384,23.2
4/10/2026,2022,Stimulant,Locality,Mathews,51115,No,1,2.5
4/10/2026,2021,Heroin,Locality,Clarke,51043,No,1,2.2
4/10/2026,2023,All Drug,Locality,Smyth,51173,No,112,57.3
4/10/2026,2022,Heroin,Locality,Isle of Wight,51093,No,5,3
4/10/2026,2022,All Drug,Locality,Henry County and Martinsville City,51089,Yes,243,68.3
4/10/2026,2023,Stimulant,Locality,Albemarle County and Charlottesville City,51540,Yes,13,2.4
4/10/2026,2024,All Drug,Locality,"Fairfax County, Fairfax City, and Falls Church City",51059,Yes,1323,40.2
4/10/2026,2023,Heroin,Locality,"Rockbridge County, Buena Vista City, and Lexington City",51678,Yes,0,0
4/10/2026,2023,Stimulant,Locality,Clarke,51043,No,0,0
4/10/2026,2021,Heroin,Locality,Goochland,51075,No,3,4.1
4/10/2026,2022,All Drug,Locality,Rockingham County and Harrisonburg City,51165,Yes,216,40.6
4/10/2026,2023,Opioid,Locality,Nelson,51125,No,22,34.6
4/10/2026,2026,Stimulant,Locality,Wise County and Norton City,51195,Yes,4,6.1
4/10/2026,2024,Stimulant,Locality,Culpeper,51047,No,4,1.2
4/10/2026,2021,Heroin,Locality,Portsmouth,51740,No,107,15.9
4/10/2026,2024,Heroin,Locality,Patrick,51141,No,1,2.4
4/10/2026,2023,All Drug,Locality,Buckingham,51029,No,49,72.9
4/10/2026,2026,Opioid,Locality,Albemarle County and Charlottesville City,51540,Yes,28,20.4
4/10/2026,2022,Stimulant,Locality,Highland,51091,No,0,0
4/10/2026,2021,Opioid,Locality,"Rockbridge County, Buena Vista City, and Lexington City",51530,Yes,44,30.5
4/10/2026,2025,All Drug,Locality,Prince Edward,51147,No,58,35.3
4/10/2026,2021,Stimulant,Locality,Bland,51021,No,0,0
4/10/2026,2026,Opioid,Locality,Fluvanna,51065,No,5,21.4
4/10/2026,2021,Heroin,Locality,Grayson County and Galax City,51640,Yes,1,0.7
4/10/2026,2023,Opioid,Locality,Gloucester,51073,No,44,21.7
4/10/2026,2021,Heroin,Locality,Shenandoah,51171,No,5,2
4/10/2026,2022,All Drug,Locality,Essex,51057,No,21,25.7
4/10/2026,2025,Heroin,Locality,Albemarle County and Charlottesville City,51003,Yes,5,0.9
4/10/2026,2023,Opioid,Locality,Pittsylvania County and Danville City,51143,Yes,200,34.7
4/10/2026,2021,Opioid,Locality,Rockingham County and Harrisonburg City,51165,Yes,128,25.5
4/10/2026,2023,Stimulant,Locality,Southampton County and Franklin City,51620,Yes,1,0.5
4/10/2026,2026,All Drug,Locality,Giles,51071,No,6,21.9
4/10/2026,2024,Heroin,Locality,Frederick County and Winchester City,51069,Yes,0,0
4/10/2026,2022,Heroin,Locality,Chesterfield County and Colonial Heights City,51570,Yes,58,3.4
4/10/2026,2022,Opioid,Locality,Page,51139,No,31,18.3
4/10/2026,2022,Heroin,Locality,Bland,51021,No,1,4
4/10/2026,2024,Stimulant,Locality,New Kent,51127,No,1,0.7
4/10/2026,2026,All Drug,Locality,Nottoway,51135,No,6,22.7
4/10/2026,2023,Stimulant,Locality,Brunswick,51025,No,0,0
4/10/2026,2021,Stimulant,Locality,Wise County and Norton City,51720,Yes,6,2.3
4/10/2026,2026,Stimulant,Locality,Rappahannock,51157,No,0,0
4/10/2026,2022,Stimulant,Locality,Northampton,51131,No,3,4.5
4/10/2026,2026,Opioid,Locality,Washington County and Bristol City,51191,Yes,5,10.8
4/10/2026,2026,Opioid,Locality,Hanover,51085,No,20,16.7
4/10/2026,2024,All Drug,Locality,New Kent,51127,No,46,32.2
4/10/2026,2022,Opioid,Locality,Appomattox,51011,No,18,33.6
4/10/2026,2026,Stimulant,Locality,Nottoway,51135,No,1,3.8
4/10/2026,2021,All Drug,Locality,Wise County and Norton City,51720,Yes,157,60.9
4/10/2026,2023,Heroin,Locality,"Prince George County, Hopewell City, and Petersburg City",51670,Yes,10,0.9
4/10/2026,2022,Opioid,Locality,Campbell,51031,No,41,27.2
4/10/2026,2021,Heroin,Locality,Russell,51167,No,1,0.7
4/10/2026,2026,All Drug,Locality,Mecklenburg,51117,No,17,39.1
4/10/2026,2025,Opioid,Locality,Warren,51187,No,35,15.4
4/10/2026,2026,Opioid,Locality,Isle of Wight,51093,No,4,9.1
4/10/2026,2024,Heroin,Locality,Dinwiddie,51053,No,1,0.9
4/10/2026,2025,Heroin,Locality,Virginia Beach,51810,No,18,0.9
4/10/2026,2024,All Drug,Locality,Henry County and Martinsville City,51690,Yes,269,68.3
4/10/2026,2026,Opioid,Locality,Arlington,51013,No,16,12.5
4/10/2026,2025,Heroin,Locality,King George,51099,No,*,0.8
4/10/2026,2021,Opioid,Locality,Southampton County and Franklin City,51175,Yes,31,17.9
4/10/2026,2022,Opioid,Locality,Powhatan,51145,No,32,30.1
4/10/2026,2022,Stimulant,Locality,Stafford,51179,No,3,0.5
4/10/2026,2023,Heroin,Locality,Fauquier,51061,No,2,0.7
4/10/2026,2023,Stimulant,Locality,"Rockbridge County, Buena Vista City, and Lexington City",51678,Yes,4,2.3
4/10/2026,2023,Stimulant,Locality,Surry,51181,No,0,0
4/10/2026,2022,Heroin,Locality,Warren,51187,No,3,1.3
4/10/2026,2025,Stimulant,Locality,"Prince George County, Hopewell City, and Petersburg City",51149,Yes,20,1.7
4/10/2026,2026,All Drug,Locality,Wythe,51197,No,21,40.3
4/10/2026,2022,Stimulant,Locality,"Augusta County, Staunton City, and Waynesboro City",51015,Yes,33,5.5
4/10/2026,2022,Heroin,Locality,Northampton,51131,No,2,3
4/10/2026,2026,Heroin,Locality,Henry County and Martinsville City,51690,Yes,1,1.1
4/10/2026,2025,Heroin,Locality,Richmond County,51159,No,0,0
4/10/2026,2025,Opioid,Locality,Prince Edward,51147,No,24,14.6
4/10/2026,2024,Opioid,Locality,Mecklenburg,51117,No,42,23.3
4/10/2026,2023,Stimulant,Locality,Amherst,51009,No,9,8.2
4/10/2026,2024,Opioid,Locality,Southampton County and Franklin City,51620,Yes,39,18.8
4/10/2026,2022,All Drug,Locality,"Augusta County, Staunton City, and Waynesboro City",51015,Yes,349,58.3
4/10/2026,2026,Stimulant,Locality,Wythe,51197,No,1,1.9
4/10/2026,2023,All Drug,Locality,Surry,51181,No,16,47.1
4/10/2026,2022,Heroin,Locality,Wise County and Norton City,51195,Yes,2,0.7
4/10/2026,2025,Opioid,Locality,Buchanan,51027,No,33,29.4
4/10/2026,2024,Opioid,Locality,Pittsylvania County and Danville City,51590,Yes,138,21.9
4/10/2026,2023,All Drug,Locality,Amherst,51009,No,133,121.9
4/10/2026,2023,Stimulant,Locality,Smyth,51173,No,1,0.5
4/10/2026,2024,Stimulant,Locality,"Prince William County, Manassas City, and Manassas Park City",51685,Yes,20,1.1
4/10/2026,2026,Heroin,Locality,Dickenson,51051,No,0,0
4/10/2026,2021,Heroin,Locality,Chesterfield County and Colonial Heights City,51041,Yes,88,5.7
4/10/2026,2022,Stimulant,Locality,Henry County and Martinsville City,51089,Yes,32,9
4/10/2026,2022,All Drug,Locality,Mathews,51115,No,13,32.7
4/10/2026,2021,Heroin,Locality,Floyd,51063,No,2,4.2
4/10/2026,2026,Opioid,Locality,Middlesex,51119,No,1,5.9
4/10/2026,2023,Heroin,Locality,Newport News,51700,No,39,3.6
4/10/2026,2025,Opioid,Locality,Montgomery County and Radford City,51121,Yes,76,15.8
4/10/2026,2023,Stimulant,Locality,Rockingham County and Harrisonburg City,51660,Yes,6,1
4/10/2026,2025,All Drug,Locality,Gloucester,51073,No,82,39.7
4/10/2026,2021,All Drug,Locality,Hanover,51085,No,253,66.3
4/10/2026,2021,Heroin,Locality,Westmoreland,51193,No,1,1.1
4/10/2026,2021,Opioid,Locality,Pulaski,51155,No,59,30.1
4/10/2026,2021,Stimulant,Locality,Dickenson,51051,No,1,1.1
4/10/2026,2024,Opioid,Locality,Grayson County and Galax City,51077,Yes,43,30.2
4/10/2026,2026,Stimulant,Locality,"Fairfax County, Fairfax City, and Falls Church City",51610,Yes,7,0.9
4/10/2026,2025,All Drug,Locality,Newport News,51700,No,404,36
4/10/2026,2021,All Drug,Locality,Richmond City,51760,No,1719,114.6
4/10/2026,2024,Heroin,Locality,"Roanoke County, Roanoke City, and Salem City",51770,Yes,108,8
4/10/2026,2021,Stimulant,Locality,"Augusta County, Staunton City, and Waynesboro City",51790,Yes,20,3.5
4/10/2026,2025,Opioid,Locality,Hampton,51650,No,113,15
4/10/2026,2023,Opioid,Locality,Greensville County and Emporia City,51081,Yes,23,19.6
4/10/2026,2024,Stimulant,Locality,Mecklenburg,51117,No,9,5
4/10/2026,2021,Opioid,Locality,"Prince William County, Manassas City, and Manassas Park City",51685,Yes,395,26.1
4/10/2026,2026,Stimulant,Locality,Henry County and Martinsville City,51690,Yes,5,5.3
4/10/2026,2024,Opioid,Locality,Franklin County,51067,No,82,31.3
4/10/2026,2025,Heroin,Locality,Northumberland,51133,No,*,1
4/10/2026,2023,Opioid,Locality,Carroll,51035,No,54,65.1
4/10/2026,2022,Stimulant,Locality,Essex,51057,No,0,0
4/10/2026,2024,All Drug,Locality,King George,51099,No,41,36.9
4/10/2026,2024,Heroin,Locality,Tazewell,51185,No,4,1.7
4/10/2026,2026,Opioid,Locality,Greensville County and Emporia City,51595,Yes,5,17.9
4/10/2026,2026,Stimulant,Locality,Giles,51071,No,1,3.7
4/10/2026,2021,Opioid,Locality,Caroline,51033,No,39,24.6
4/10/2026,2024,Opioid,Locality,James City,51095,No,95,20
4/10/2026,2023,Opioid,Locality,Charles City,51036,No,3,8.7
4/10/2026,2023,Opioid,Locality,Spotsylvania,51177,No,125,17.3
4/10/2026,2021,Opioid,Locality,"Prince George County, Hopewell City, and Petersburg City",51149,Yes,308,34
4/10/2026,2023,Heroin,Locality,Amherst,51009,No,4,3.7
4/10/2026,2024,Opioid,Locality,Craig,51045,No,4,20.1
4/10/2026,2024,Opioid,Locality,Giles,51071,No,20,17
4/10/2026,2026,Heroin,Locality,Mathews,51115,No,0,0
4/10/2026,2025,Stimulant,Locality,Southampton County and Franklin City,51175,Yes,*,0.5
4/10/2026,2026,All Drug,Locality,Carroll,51035,No,7,31.4
4/10/2026,2022,Heroin,Locality,Giles,51071,No,11,10.2
4/10/2026,2025,Opioid,Locality,Amherst,51009,No,40,34.2
4/10/2026,2022,Opioid,Locality,Tazewell,51185,No,78,35.7
4/10/2026,2022,Heroin,Locality,Craig,51045,No,1,5.5
4/10/2026,2024,All Drug,Locality,Accomack,51001,No,63,32.9
4/10/2026,2021,Stimulant,Locality,"Prince William County, Manassas City, and Manassas Park City",51153,Yes,16,1.1
4/10/2026,2023,Stimulant,Locality,Craig,51045,No,0,0
4/10/2026,2024,Stimulant,Locality,Albemarle County and Charlottesville City,51003,Yes,14,2.5
4/10/2026,2026,Stimulant,Locality,Montgomery County and Radford City,51121,Yes,0,0
4/10/2026,2026,Opioid,Locality,King and Queen,51097,No,2,18.9
4/10/2026,2022,Heroin,Locality,Carroll,51035,No,2,2.4
4/10/2026,2026,Heroin,Locality,Brunswick,51025,No,0,0
4/10/2026,2023,All Drug,Locality,Norfolk,51710,No,1062,75.9
4/10/2026,2025,All Drug,Locality,Page,51139,No,42,24.4
4/10/2026,2022,Opioid,Locality,Highland,51091,No,1,12.8
4/10/2026,2023,Opioid,Locality,Loudoun,51107,No,197,17.3
4/10/2026,2026,Stimulant,Locality,York,51199,No,1,2.4
4/10/2026,2025,Stimulant,Locality,Fredericksburg,51630,No,*,1.1
4/10/2026,2021,Stimulant,Locality,Buckingham,51029,No,5,8.2
4/10/2026,2025,Stimulant,Locality,Washington County and Bristol City,51191,Yes,*,2.1
4/10/2026,2022,Stimulant,Locality,Frederick County and Winchester City,51840,Yes,3,0.6
4/10/2026,2021,Heroin,Locality,Chesapeake,51550,No,72,8
4/10/2026,2025,All Drug,Locality,Washington County and Bristol City,51520,Yes,121,64.1
4/10/2026,2023,Heroin,Locality,Buchanan,51027,No,3,2.8
4/10/2026,2022,Stimulant,Locality,Appomattox,51011,No,4,7.5
4/10/2026,2022,Heroin,Locality,Pittsylvania County and Danville City,51590,Yes,31,5.5
4/10/2026,2021,Heroin,Locality,Wise County and Norton City,51720,Yes,5,1.9
4/10/2026,2021,Opioid,Locality,Poquoson,51735,No,13,36.3
4/10/2026,2024,Stimulant,Locality,"Rockbridge County, Buena Vista City, and Lexington City",51163,Yes,2,1.1
4/10/2026,2024,Opioid,Locality,Wise County and Norton City,51195,Yes,78,30.1
4/10/2026,2022,Stimulant,Locality,Lunenburg,51111,No,0,0
4/10/2026,2025,Stimulant,Locality,Rockingham County and Harrisonburg City,51660,Yes,10,1.6
4/10/2026,2023,All Drug,Locality,Gloucester,51073,No,88,43.5
4/10/2026,2024,Opioid,Locality,Warren,51187,No,29,12.6
4/10/2026,2023,Opioid,Locality,Montgomery County and Radford City,51121,Yes,80,18.1
4/10/2026,2023,Heroin,Locality,Pulaski,51155,No,12,5.3
4/10/2026,2025,Stimulant,Locality,Mecklenburg,51117,No,0,0
4/10/2026,2025,Opioid,Locality,Franklin County,51067,No,46,17.4
4/10/2026,2024,Heroin,Locality,Northumberland,51133,No,0,0
4/10/2026,2022,Heroin,Locality,"Roanoke County, Roanoke City, and Salem City",51775,Yes,183,15.6
4/10/2026,2026,Heroin,Locality,Grayson County and Galax City,51077,Yes,0,0
4/10/2026,2025,All Drug,Locality,Southampton County and Franklin City,51175,Yes,58,28.7
4/10/2026,2024,Stimulant,Locality,King George,51099,No,2,1.8
4/10/2026,2025,Opioid,Locality,"Rockbridge County, Buena Vista City, and Lexington City",51678,Yes,35,19.5
4/10/2026,2024,Stimulant,Locality,Alexandria,51510,No,3,0.6
4/10/2026,2024,Heroin,Locality,"Prince William County, Manassas City, and Manassas Park City",51683,Yes,2,0.1
4/10/2026,2025,Stimulant,Locality,Madison,51113,No,0,0
4/10/2026,2025,Opioid,Locality,"Roanoke County, Roanoke City, and Salem City",51775,Yes,437,32.8
4/10/2026,2024,All Drug,Locality,Hanover,51085,No,189,40.5
4/10/2026,2024,Opioid,Locality,Pulaski,51155,No,92,40.7
4/10/2026,2021,Opioid,Locality,Grayson County and Galax City,51077,Yes,73,53.8
4/10/2026,2026,All Drug,Locality,"Prince George County, Hopewell City, and Petersburg City",51149,Yes,61,21
4/10/2026,2025,Opioid,Locality,Hanover,51085,No,65,14
4/10/2026,2025,Stimulant,Locality,"Prince William County, Manassas City, and Manassas Park City",51685,Yes,13,0.7
4/10/2026,2025,All Drug,Locality,Nottoway,51135,No,46,44
4/10/2026,2022,Heroin,Locality,Newport News,51700,No,46,4.4
4/10/2026,2022,Stimulant,Locality,Wise County and Norton City,51720,Yes,9,3.4
4/10/2026,2026,Opioid,Locality,"Rockbridge County, Buena Vista City, and Lexington City",51163,Yes,8,18.3
4/10/2026,2024,Heroin,Locality,Page,51139,No,0,0
4/10/2026,2022,Stimulant,Locality,King William,51101,No,0,0
4/10/2026,2024,Opioid,Locality,Bland,51021,No,10,35.2
4/10/2026,2025,Stimulant,Locality,King and Queen,51097,No,0,0
4/10/2026,2026,Stimulant,Locality,Carroll,51035,No,0,0
4/10/2026,2024,Stimulant,Locality,Accomack,51001,No,2,1
4/10/2026,2026,Stimulant,Locality,Gloucester,51073,No,0,0
4/10/2026,2022,All Drug,Locality,Dickenson,51051,No,42,43
4/10/2026,2026,Stimulant,Locality,Amherst,51009,No,3,10.5
4/10/2026,2025,Heroin,Locality,"Prince George County, Hopewell City, and Petersburg City",51730,Yes,6,0.5
4/10/2026,2026,Stimulant,Locality,Surry,51181,No,0,0
4/10/2026,2023,All Drug,Locality,Wythe,51197,No,126,64.5
4/10/2026,2021,All Drug,Locality,Shenandoah,51171,No,125,48.9
4/10/2026,2021,Stimulant,Locality,Highland,51091,No,0,0
4/10/2026,2025,Stimulant,Locality,Wise County and Norton City,51195,Yes,5,1.9
4/10/2026,2024,Opioid,Locality,Alleghany County and Covington City,51580,Yes,35,20.8
4/10/2026,2023,Opioid,Locality,Halifax,51083,No,38,20.3
4/10/2026,2022,Heroin,Locality,"Roanoke County, Roanoke City, and Salem City",51161,Yes,183,15.6
4/10/2026,2025,All Drug,Locality,Chesterfield County and Colonial Heights City,51570,Yes,783,38.8
4/10/2026,2023,Stimulant,Locality,Middlesex,51119,No,0,0
4/10/2026,2021,Heroin,Locality,Halifax,51083,No,14,8
4/10/2026,2024,Heroin,Locality,Frederick County and Winchester City,51840,Yes,0,0
4/10/2026,2022,Heroin,Locality,Nelson,51125,No,4,6.7
4/10/2026,2023,Heroin,Locality,"Fairfax County, Fairfax City, and Falls Church City",51059,Yes,11,0.3
4/10/2026,2025,Stimulant,Locality,Caroline,51033,No,*,0.5
4/10/2026,2025,Opioid,Locality,Patrick,51141,No,13,29.7
4/10/2026,2024,Heroin,Locality,Williamsburg,51830,No,0,0
4/10/2026,2025,All Drug,Locality,"Prince George County, Hopewell City, and Petersburg City",51149,Yes,383,32.4
4/10/2026,2024,Heroin,Locality,King William,51101,No,0,0
4/10/2026,2023,Opioid,Locality,Appomattox,51011,No,24,45
4/10/2026,2021,All Drug,Locality,Henry County and Martinsville City,51089,Yes,305,89.4
4/10/2026,2021,Stimulant,Locality,Mathews,51115,No,0,0
4/10/2026,2022,Heroin,Locality,Clarke,51043,No,1,2
4/10/2026,2022,All Drug,Locality,"Prince William County, Manassas City, and Manassas Park City",51153,Yes,827,49.3
4/10/2026,2022,Stimulant,Locality,Craig,51045,No,0,0
4/10/2026,2023,All Drug,Locality,Montgomery County and Radford City,51121,Yes,230,52
4/10/2026,2021,Opioid,Locality,Carroll,51035,No,21,26.8
4/10/2026,2025,Opioid,Locality,Botetourt,51023,No,23,18.6
4/10/2026,2022,Stimulant,Locality,Newport News,51700,No,7,0.7
4/10/2026,2021,Stimulant,Locality,Campbell,51031,No,14,9.8
4/10/2026,2021,Opioid,Locality,York,51199,No,62,44.6
4/10/2026,2025,Heroin,Locality,Louisa,51109,No,*,0.9
4/10/2026,2021,All Drug,Locality,"Fairfax County, Fairfax City, and Falls Church City",51610,Yes,1312,49.7
4/10/2026,2026,Stimulant,Locality,Richmond City,51760,No,26,6.4
4/10/2026,2024,All Drug,Locality,Patrick,51141,No,31,73.3
4/10/2026,2026,Stimulant,Locality,Campbell,51031,No,1,2.5
4/10/2026,2023,All Drug,Locality,Patrick,51141,No,36,95.1
4/10/2026,2026,Opioid,Locality,York,51199,No,8,19.2
4/10/2026,2022,Heroin,Locality,Louisa,51109,No,12,6.2
4/10/2026,2021,Stimulant,Locality,"Roanoke County, Roanoke City, and Salem City",51161,Yes,67,6
4/10/2026,2024,All Drug,Locality,Prince Edward,51147,No,58,36.2
4/10/2026,2022,All Drug,Locality,Buckingham,51029,No,56,82
4/10/2026,2026,All Drug,Locality,Washington County and Bristol City,51191,Yes,12,26
4/10/2026,2026,Stimulant,Locality,Halifax,51083,No,1,2.2
4/10/2026,2021,All Drug,Locality,Frederick County and Winchester City,51840,Yes,256,57
4/10/2026,2026,All Drug,Locality,Fredericksburg,51630,No,15,33.9
4/10/2026,2023,All Drug,Locality,Rockingham County and Harrisonburg City,51165,Yes,190,32.9
4/10/2026,2021,Stimulant,Locality,Frederick County and Winchester City,51069,Yes,3,0.7
4/10/2026,2024,Heroin,Locality,Pittsylvania County and Danville City,51143,Yes,1,0.2
4/10/2026,2024,Heroin,Locality,Gloucester,51073,No,1,0.5
4/10/2026,2026,All Drug,Locality,"Augusta County, Staunton City, and Waynesboro City",51820,Yes,82,50.7
4/10/2026,2026,Heroin,Locality,Rockingham County and Harrisonburg City,51165,Yes,0,0
4/10/2026,2023,Opioid,Locality,Frederick County and Winchester City,51069,Yes,131,26.3
4/10/2026,2022,Opioid,Locality,Albemarle County and Charlottesville City,51003,Yes,182,35
4/10/2026,2026,Opioid,Locality,Shenandoah,51171,No,16,24.1
4/10/2026,2025,Opioid,Locality,Chesterfield County and Colonial Heights City,51570,Yes,304,15.1
4/10/2026,2021,Opioid,Locality,Stafford,51179,No,93,18.3
4/10/2026,2021,All Drug,Locality,Lunenburg,51111,No,36,78.7
4/10/2026,2025,Opioid,Locality,Lunenburg,51111,No,9,18.1
4/10/2026,2021,Opioid,Locality,"Fairfax County, Fairfax City, and Falls Church City",51610,Yes,652,24.7
4/10/2026,2021,Opioid,Locality,"Augusta County, Staunton City, and Waynesboro City",51790,Yes,170,30.1
4/10/2026,2021,All Drug,Locality,Appomattox,51011,No,61,122
4/10/2026,2024,Stimulant,Locality,Spotsylvania,51177,No,9,1.1
4/10/2026,2021,Heroin,Locality,Fauquier,51061,No,5,2
4/10/2026,2025,Stimulant,Locality,"Roanoke County, Roanoke City, and Salem City",51775,Yes,30,2.3
4/10/2026,2023,Opioid,Locality,"Prince William County, Manassas City, and Manassas Park City",51153,Yes,355,19.7
4/10/2026,2026,Stimulant,Locality,Isle of Wight,51093,No,0,0
4/10/2026,2026,Opioid,Locality,Lancaster,51103,No,2,14.2
4/10/2026,2025,Stimulant,Locality,Bland,51021,No,0,0
4/10/2026,2024,Opioid,Locality,Washington County and Bristol City,51520,Yes,45,24.4
4/10/2026,2025,All Drug,Locality,Arlington,51013,No,217,41.1
4/10/2026,2022,Stimulant,Locality,Hampton,51650,No,3,0.4
4/10/2026,2022,All Drug,Locality,Sussex,51183,No,36,43.8
4/10/2026,2026,Stimulant,Locality,Southampton County and Franklin City,51175,Yes,2,4
4/10/2026,2021,Heroin,Locality,Loudoun,51107,No,9,0.9
4/10/2026,2022,Opioid,Locality,"Prince George County, Hopewell City, and Petersburg City",51149,Yes,333,35.4
4/10/2026,2025,Opioid,Locality,Sussex,51183,No,17,17.7
4/10/2026,2022,Heroin,Locality,Prince Edward,51147,No,2,1.2
4/10/2026,2021,Stimulant,Locality,Suffolk,51800,No,6,1.2
4/10/2026,2025,Opioid,Locality,Northampton,51131,No,9,12.4
4/10/2026,2021,Opioid,Locality,Henry County and Martinsville City,51690,Yes,195,57.1
4/10/2026,2022,Opioid,Locality,Richmond County,51159,No,12,23.9
4/10/2026,2023,Heroin,Locality,Mecklenburg,51117,No,2,1.2
4/10/2026,2023,Heroin,Locality,Southampton County and Franklin City,51620,Yes,5,2.5
4/10/2026,2025,Stimulant,Locality,Dinwiddie,51053,No,7,5.7
4/10/2026,2026,All Drug,Locality,"Rockbridge County, Buena Vista City, and Lexington City",51678,Yes,23,52.7
4/10/2026,2021,Heroin,Locality,Powhatan,51145,No,2,2
4/10/2026,2021,All Drug,Locality,Suffolk,51800,No,257,53.5
4/10/2026,2025,Heroin,Locality,Cumberland,51049,No,*,2.4
4/10/2026,2025,Heroin,Locality,Amelia,51007,No,0,0
4/10/2026,2021,Heroin,Locality,Fredericksburg,51630,No,4,2.7
4/10/2026,2026,Opioid,Locality,New Kent,51127,No,9,25.6
4/10/2026,2021,All Drug,Locality,Franklin County,51067,No,148,65.7
4/10/2026,2026,Opioid,Locality,Powhatan,51145,No,7,24.2
4/10/2026,2022,Heroin,Locality,Chesterfield County and Colonial Heights City,51041,Yes,58,3.4
4/10/2026,2025,Opioid,Locality,Middlesex,51119,No,*,5.9
4/10/2026,2025,Heroin,Locality,Dickenson,51051,No,0,0
4/10/2026,2026,Stimulant,Locality,Stafford,51179,No,2,1.3
4/10/2026,2023,Stimulant,Locality,"Roanoke County, Roanoke City, and Salem City",51775,Yes,64,4.9
4/10/2026,2024,All Drug,Locality,Albemarle County and Charlottesville City,51540,Yes,259,46.6
4/10/2026,2023,Stimulant,Locality,"Fairfax County, Fairfax City, and Falls Church City",51059,Yes,44,1.4
4/10/2026,2022,Heroin,Locality,Charles City,51036,No,1,2.8
4/10/2026,2022,Heroin,Locality,Spotsylvania,51177,No,18,2.9
4/10/2026,2025,Heroin,Locality,James City,51095,No,0,0
4/10/2026,2025,All Drug,Locality,Grayson County and Galax City,51077,Yes,77,55.2
4/10/2026,2024,Opioid,Locality,Madison,51113,No,8,13.7
4/10/2026,2023,Opioid,Locality,Madison,51113,No,11,19.8
4/10/2026,2022,Opioid,Locality,Northumberland,51133,No,10,11.4
4/10/2026,2026,Heroin,Locality,"Prince William County, Manassas City, and Manassas Park City",51685,Yes,0,0
4/10/2026,2021,All Drug,Locality,Greensville County and Emporia City,51081,Yes,60,56.5
4/10/2026,2023,Heroin,Locality,Franklin County,51067,No,14,5.5
4/10/2026,2022,All Drug,Locality,Grayson County and Galax City,51077,Yes,129,98.9
4/10/2026,2024,Heroin,Locality,Charles City,51036,No,0,0
4/10/2026,2023,Heroin,Locality,James City,51095,No,3,0.7
4/10/2026,2024,Opioid,Locality,Amelia,51007,No,7,8.6
4/10/2026,2025,Stimulant,Locality,"Fairfax County, Fairfax City, and Falls Church City",51059,Yes,45,1.3
4/10/2026,2022,All Drug,Locality,Albemarle County and Charlottesville City,51540,Yes,302,58.1
4/10/2026,2026,Heroin,Locality,"Prince George County, Hopewell City, and Petersburg City",51149,Yes,1,0.3
4/10/2026,2021,Opioid,Locality,Montgomery County and Radford City,51750,Yes,114,30.7
4/10/2026,2026,Heroin,Locality,Nottoway,51135,No,0,0
4/10/2026,2021,Opioid,Locality,Smyth,51173,No,62,32.9
4/10/2026,2024,Heroin,Locality,Spotsylvania,51177,No,1,0.1
4/10/2026,2023,Opioid,Locality,Floyd,51063,No,8,13.8
4/10/2026,2025,Opioid,Locality,Scott,51169,No,6,34.1
4/10/2026,2025,Stimulant,Locality,Arlington,51013,No,9,1.7
4/10/2026,2026,All Drug,Locality,Isle of Wight,51093,No,10,22.7
4/10/2026,2023,Heroin,Locality,"Fairfax County, Fairfax City, and Falls Church City",51610,Yes,11,0.3
4/10/2026,2021,All Drug,Locality,Bedford,51019,No,222,89.1
4/10/2026,2022,Stimulant,Locality,"Fairfax County, Fairfax City, and Falls Church City",51610,Yes,30,1
4/10/2026,2025,All Drug,Locality,Richmond City,51760,No,1168,69.6
4/10/2026,2024,Stimulant,Locality,Goochland,51075,No,1,1.1
4/10/2026,2021,All Drug,Locality,Newport News,51700,No,660,65.9
4/10/2026,2024,Opioid,Locality,Stafford,51179,No,44,7
4/10/2026,2026,All Drug,Locality,Caroline,51033,No,13,27.7
4/10/2026,2022,All Drug,Locality,Southampton County and Franklin City,51620,Yes,84,44
4/10/2026,2023,Opioid,Locality,Bath,51017,No,7,21.3
4/10/2026,2023,Heroin,Locality,Chesapeake,51550,No,42,4.2
4/10/2026,2023,All Drug,Locality,Loudoun,51107,No,499,43.7
4/10/2026,2024,Heroin,Locality,Prince Edward,51147,No,0,0
4/10/2026,2023,Stimulant,Locality,Dinwiddie,51053,No,0,0
4/10/2026,2025,All Drug,Locality,Buchanan,51027,No,69,61.5
4/10/2026,2025,Heroin,Locality,Southampton County and Franklin City,51620,Yes,0,0
4/10/2026,2025,Heroin,Locality,"Augusta County, Staunton City, and Waynesboro City",51015,Yes,*,0.4
4/10/2026,2023,Opioid,Locality,Northampton,51131,No,9,12.1
4/10/2026,2026,All Drug,Locality,Grayson County and Galax City,51640,Yes,23,63.3
4/10/2026,2026,Stimulant,Locality,Cumberland,51049,No,0,0
4/10/2026,2024,Opioid,Locality,Richmond County,51159,No,6,11.7
4/10/2026,2021,Stimulant,Locality,Richmond County,51159,No,0,0
4/10/2026,2021,All Drug,Locality,Warren,51187,No,118,55.5
4/10/2026,2025,Heroin,Locality,Mecklenburg,51117,No,*,0.6
4/10/2026,2025,Stimulant,Locality,Poquoson,51735,No,*,2.3
4/10/2026,2022,All Drug,Locality,Frederick County and Winchester City,51069,Yes,271,56.1
4/10/2026,2024,Stimulant,Locality,Campbell,51031,No,3,1.8
4/10/2026,2026,Opioid,Locality,Chesapeake,51550,No,52,19.8
4/10/2026,2025,All Drug,Locality,Greensville County and Emporia City,51595,Yes,29,24.8
4/10/2026,2021,All Drug,Locality,Patrick,51141,No,33,103.6
4/10/2026,2025,Stimulant,Locality,"Augusta County, Staunton City, and Waynesboro City",51820,Yes,63,9.4
4/10/2026,2024,Opioid,Locality,York,51199,No,33,19.9
4/10/2026,2021,Stimulant,Locality,Alleghany County and Covington City,51580,Yes,10,7.4
4/10/2026,2021,All Drug,Locality,Powhatan,51145,No,55,54.9
4/10/2026,2023,Stimulant,Locality,Henrico,51087,No,62,4.1
4/10/2026,2023,Opioid,Locality,Russell,51167,No,45,30.3
4/10/2026,2021,Opioid,Locality,"Prince George County, Hopewell City, and Petersburg City",51670,Yes,308,34
4/10/2026,2024,Stimulant,Locality,Alleghany County and Covington City,51005,Yes,7,4.2
4/10/2026,2022,All Drug,Locality,Newport News,51700,No,689,65.8
4/10/2026,2023,All Drug,Locality,Henrico,51087,No,1131,74.9
4/10/2026,2021,Stimulant,Locality,"Fairfax County, Fairfax City, and Falls Church City",51610,Yes,40,1.5
4/10/2026,2024,Opioid,Locality,Greensville County and Emporia City,51081,Yes,27,22.5
4/10/2026,2021,Stimulant,Locality,Powhatan,51145,No,1,1
4/10/2026,2023,Heroin,Locality,"Roanoke County, Roanoke City, and Salem City",51770,Yes,133,10.3
4/10/2026,2024,Heroin,Locality,Hanover,51085,No,5,1.1
4/10/2026,2026,All Drug,Locality,Richmond City,51760,No,208,51.5
4/10/2026,2023,Opioid,Locality,Henry County and Martinsville City,51089,Yes,174,47
4/10/2026,2023,Stimulant,Locality,Russell,51167,No,6,4
4/10/2026,2024,Stimulant,Locality,Orange,51137,No,0,0
4/10/2026,2023,Heroin,Locality,Suffolk,51800,No,15,2.6
4/10/2026,2021,Stimulant,Locality,Lancaster,51103,No,0,0
4/10/2026,2021,All Drug,Locality,Chesapeake,51550,No,613,68
4/10/2026,2023,All Drug,Locality,"Prince George County, Hopewell City, and Petersburg City",51730,Yes,631,58.2
4/10/2026,2025,All Drug,Locality,Halifax,51083,No,75,39.5
4/10/2026,2026,Heroin,Locality,Alleghany County and Covington City,51580,Yes,1,2.3
4/10/2026,2025,Stimulant,Locality,Franklin County,51067,No,*,1.1
4/10/2026,2026,All Drug,Locality,Dinwiddie,51053,No,5,16.8
4/10/2026,2023,Opioid,Locality,"Prince William County, Manassas City, and Manassas Park City",51683,Yes,355,19.7
4/10/2026,2026,Opioid,Locality,"Augusta County, Staunton City, and Waynesboro City",51015,Yes,25,15.5
4/10/2026,2024,All Drug,Locality,Richmond County,51159,No,15,29.4
4/10/2026,2023,Opioid,Locality,Culpeper,51047,No,70,21.8
4/10/2026,2023,All Drug,Locality,Cumberland,51049,No,22,53.7
4/10/2026,2021,All Drug,Locality,Wythe,51197,No,109,59.9
4/10/2026,2023,Stimulant,Locality,Albemarle County and Charlottesville City,51003,Yes,13,2.4
4/10/2026,2024,Stimulant,Locality,Amherst,51009,No,4,3.4
4/10/2026,2024,Stimulant,Locality,Surry,51181,No,0,0
4/10/2026,2025,Stimulant,Locality,"Augusta County, Staunton City, and Waynesboro City",51015,Yes,63,9.4
4/10/2026,2025,Heroin,Locality,Warren,51187,No,*,0.4
4/10/2026,2023,Opioid,Locality,Clarke,51043,No,15,28.7
4/10/2026,2021,Opioid,Locality,"Prince George County, Hopewell City, and Petersburg City",51730,Yes,308,34
4/10/2026,2021,Stimulant,Locality,Bedford,51019,No,20,8
4/10/2026,2025,Stimulant,Locality,Charles City,51036,No,*,5.5
4/10/2026,2021,All Drug,Locality,Hampton,51650,No,378,56.8
4/10/2026,2021,Heroin,Locality,Surry,51181,No,3,9.9
4/10/2026,2022,Heroin,Locality,Wythe,51197,No,0,0
4/10/2026,2022,Stimulant,Locality,Pittsylvania County and Danville City,51143,Yes,39,6.9
4/10/2026,2021,Stimulant,Locality,Sussex,51183,No,0,0
4/10/2026,2025,Heroin,Locality,Goochland,51075,No,0,0
4/10/2026,2024,Opioid,Locality,New Kent,51127,No,15,10.5
4/10/2026,2025,Opioid,Locality,Nottoway,51135,No,19,18.2
4/10/2026,2022,Heroin,Locality,Montgomery County and Radford City,51750,Yes,25,6.1
4/10/2026,2022,Heroin,Locality,Smyth,51173,No,3,1.4
4/10/2026,2023,All Drug,Locality,Washington County and Bristol City,51520,Yes,105,58.8
4/10/2026,2025,Stimulant,Locality,Lunenburg,51111,No,*,6
4/10/2026,2025,Stimulant,Locality,Appomattox,51011,No,*,1.7
4/10/2026,2021,Heroin,Locality,Bedford,51019,No,20,8
4/10/2026,2023,Stimulant,Locality,"Rockbridge County, Buena Vista City, and Lexington City",51163,Yes,4,2.3
4/10/2026,2025,All Drug,Locality,Essex,51057,No,12,14.7
4/10/2026,2025,Heroin,Locality,Bland,51021,No,0,0
4/10/2026,2025,Heroin,Locality,Rockingham County and Harrisonburg City,51660,Yes,*,0.3
4/10/2026,2023,Opioid,Locality,Alleghany County and Covington City,51005,Yes,28,17.4
4/10/2026,2021,Opioid,Locality,Fluvanna,51065,No,26,33.8
4/10/2026,2026,Heroin,Locality,Grayson County and Galax City,51640,Yes,0,0
4/10/2026,2025,Opioid,Locality,Page,51139,No,25,14.5
4/10/2026,2021,All Drug,Locality,Giles,51071,No,63,61.6
4/10/2026,2023,All Drug,Locality,Northumberland,51133,No,19,20.6
4/10/2026,2025,Opioid,Locality,Lancaster,51103,No,5,8.5
4/10/2026,2021,Stimulant,Locality,Scott,51169,No,1,6.1
4/10/2026,2025,All Drug,Locality,Clarke,51043,No,17,30.5
4/10/2026,2025,Heroin,Locality,Hampton,51650,No,7,0.9
4/10/2026,2021,All Drug,Locality,Tazewell,51185,No,137,67.3
4/10/2026,2025,Stimulant,Locality,Isle of Wight,51093,No,*,1.6
4/10/2026,2026,All Drug,Locality,Arlington,51013,No,41,32
4/10/2026,2021,All Drug,Locality,Amelia,51007,No,38,50.7
4/10/2026,2023,Stimulant,Locality,King and Queen,51097,No,0,0
4/10/2026,2026,All Drug,Locality,Portsmouth,51740,No,105,57.5
4/10/2026,2022,Heroin,Locality,Bedford,51019,No,26,9.4
4/10/2026,2024,Stimulant,Locality,King William,51101,No,1,1.1
4/10/2026,2026,Stimulant,Locality,Pulaski,51155,No,3,5.2
4/10/2026,2021,All Drug,Locality,Louisa,51109,No,110,63.7
4/10/2026,2024,All Drug,Locality,Fluvanna,51065,No,41,42.1
4/10/2026,2021,Stimulant,Locality,Southampton County and Franklin City,51620,Yes,2,1.2
4/10/2026,2021,Opioid,Locality,Gloucester,51073,No,47,25
4/10/2026,2023,Heroin,Locality,Shenandoah,51171,No,0,0
4/10/2026,2023,Opioid,Locality,Rockingham County and Harrisonburg City,51165,Yes,85,14.7
4/10/2026,2026,Heroin,Locality,Frederick County and Winchester City,51069,Yes,0,0
4/10/2026,2021,Opioid,Locality,Pittsylvania County and Danville City,51143,Yes,165,29.7
4/10/2026,2023,All Drug,Locality,Botetourt,51023,No,69,60.2
4/10/2026,2021,Opioid,Locality,Buckingham,51029,No,23,37.8
4/10/2026,2025,Opioid,Locality,"Fairfax County, Fairfax City, and Falls Church City",51600,Yes,631,18.6
4/10/2026,2023,Opioid,Locality,"Augusta County, Staunton City, and Waynesboro City",51790,Yes,159,24.8
4/10/2026,2022,All Drug,Locality,Frederick County and Winchester City,51840,Yes,271,56.1
4/10/2026,2025,Opioid,Locality,Carroll,51035,No,17,18.8
4/10/2026,2025,All Drug,Locality,Fredericksburg,51630,No,52,27.7
4/10/2026,2024,Opioid,Locality,Albemarle County and Charlottesville City,51540,Yes,142,25.5
4/10/2026,2025,All Drug,Locality,Washington County and Bristol City,51191,Yes,121,64.1
4/10/2026,2021,All Drug,Locality,Buckingham,51029,No,47,77.2
4/10/2026,2026,Stimulant,Locality,Craig,51045,No,0,0
4/10/2026,2023,Opioid,Locality,"Rockbridge County, Buena Vista City, and Lexington City",51530,Yes,45,25.8
4/10/2026,2023,Heroin,Locality,Portsmouth,51740,No,110,15.1
4/10/2026,2022,Heroin,Locality,King and Queen,51097,No,3,7.4
4/10/2026,2022,Stimulant,Locality,Montgomery County and Radford City,51750,Yes,26,6.3
4/10/2026,2022,All Drug,Locality,Alleghany County and Covington City,51580,Yes,93,63
4/10/2026,2022,Opioid,Locality,Brunswick,51025,No,77,83.5
4/10/2026,2024,Heroin,Locality,Buchanan,51027,No,4,3.5
4/10/2026,2023,Opioid,Locality,Wise County and Norton City,51195,Yes,109,41.4
4/10/2026,2026,Stimulant,Locality,Virginia Beach,51810,No,1,0.2
4/10/2026,2023,All Drug,Locality,"Fairfax County, Fairfax City, and Falls Church City",51600,Yes,1501,46.9
4/10/2026,2024,Heroin,Locality,"Prince William County, Manassas City, and Manassas Park City",51153,Yes,2,0.1
4/10/2026,2026,Opioid,Locality,Poquoson,51735,No,1,9.5
4/10/2026,2025,Stimulant,Locality,"Rockbridge County, Buena Vista City, and Lexington City",51530,Yes,*,1.1
4/10/2026,2026,Heroin,Locality,Wise County and Norton City,51720,Yes,0,0
4/10/2026,2025,Stimulant,Locality,Westmoreland,51193,No,*,1.9
4/10/2026,2025,Heroin,Locality,Pittsylvania County and Danville City,51590,Yes,*,0.5
4/10/2026,2021,Heroin,Locality,Lancaster,51103,No,0,0
4/10/2026,2021,Stimulant,Locality,Hanover,51085,No,13,3.4
4/10/2026,2024,Stimulant,Locality,Lunenburg,51111,No,0,0
4/10/2026,2022,Heroin,Locality,"Augusta County, Staunton City, and Waynesboro City",51790,Yes,9,1.5
4/10/2026,2021,All Drug,Locality,Spotsylvania,51177,No,365,62.7
4/10/2026,2022,Stimulant,Locality,"Rockbridge County, Buena Vista City, and Lexington City",51163,Yes,4,2.5
4/10/2026,2024,Stimulant,Locality,Appomattox,51011,No,0,0
4/10/2026,2021,Opioid,Locality,Wise County and Norton City,51720,Yes,85,33
4/10/2026,2024,Stimulant,Locality,Portsmouth,51740,No,11,1.5
4/10/2026,2025,All Drug,Locality,Surry,51181,No,6,17.1
4/10/2026,2024,All Drug,Locality,"Augusta County, Staunton City, and Waynesboro City",51015,Yes,421,63.3
4/10/2026,2026,Opioid,Locality,"Roanoke County, Roanoke City, and Salem City",51770,Yes,94,28.8
4/10/2026,2021,Heroin,Locality,Poquoson,51735,No,2,5.6
4/10/2026,2025,All Drug,Locality,Amherst,51009,No,80,68.3
4/10/2026,2021,Heroin,Locality,Greensville County and Emporia City,51081,Yes,3,2.8
4/10/2026,2021,All Drug,Locality,King and Queen,51097,No,27,70
4/10/2026,2024,Heroin,Locality,Wise County and Norton City,51195,Yes,0,0
4/10/2026,2026,All Drug,Locality,King William,51101,No,3,13.1
4/10/2026,2023,Opioid,Locality,Buchanan,51027,No,52,47.7
4/10/2026,2022,Opioid,Locality,Pittsylvania County and Danville City,51590,Yes,176,31
4/10/2026,2023,All Drug,Locality,Chesapeake,51550,No,590,58.4
4/10/2026,2021,All Drug,Locality,"Prince George County, Hopewell City, and Petersburg City",51730,Yes,527,58.2
4/10/2026,2025,Opioid,Locality,"Augusta County, Staunton City, and Waynesboro City",51790,Yes,127,18.9
4/10/2026,2022,Stimulant,Locality,Charlotte,51037,No,1,1.4
4/10/2026,2023,Stimulant,Locality,Lancaster,51103,No,2,3.3
4/10/2026,2022,All Drug,Locality,Powhatan,51145,No,66,62.1
4/10/2026,2022,Opioid,Locality,"Prince George County, Hopewell City, and Petersburg City",51670,Yes,333,35.4
4/10/2026,2024,Stimulant,Locality,Charles City,51036,No,3,7.7
4/10/2026,2023,Heroin,Locality,Campbell,51031,No,6,4.1
4/10/2026,2021,Stimulant,Locality,Lynchburg,51680,No,39,11.6
4/10/2026,2026,Opioid,Locality,Fredericksburg,51630,No,2,4.5
4/10/2026,2022,All Drug,Locality,Middlesex,51119,No,28,43.1
4/10/2026,2023,All Drug,Locality,Accomack,51001,No,88,47.1
4/10/2026,2021,All Drug,Locality,Accomack,51001,No,71,46.5
4/10/2026,2021,All Drug,Locality,Alexandria,51510,No,185,48.1
4/10/2026,2021,All Drug,Locality,Amherst,51009,No,124,113.7
4/10/2026,2021,All Drug,Locality,Arlington,51013,No,227,52.3
4/10/2026,2021,All Drug,Locality,Bath,51017,No,5,19.4
4/10/2026,2021,All Drug,Locality,Bland,51021,No,23,96.2
4/10/2026,2021,All Drug,Locality,Botetourt,51023,No,78,84.9
4/10/2026,2021,All Drug,Locality,Brunswick,51025,No,66,72.7
4/10/2026,2021,All Drug,Locality,Caroline,51033,No,85,53.6
4/10/2026,2021,All Drug,Locality,Carroll,51035,No,46,58.7
4/10/2026,2021,All Drug,Locality,Charles City,51036,No,12,36.9
4/10/2026,2021,All Drug,Locality,Clarke,51043,No,13,29
4/10/2026,2021,All Drug,Locality,Craig,51045,No,10,56.7
4/10/2026,2021,All Drug,Locality,Culpeper,51047,No,167,74.1
4/10/2026,2021,All Drug,Locality,Cumberland,51049,No,20,51.5
4/10/2026,2021,All Drug,Locality,Dickenson,51051,No,32,36.2
4/10/2026,2021,All Drug,Locality,Dinwiddie,51053,No,54,60.5
4/10/2026,2021,All Drug,Locality,Essex,51057,No,29,37.7
4/10/2026,2021,All Drug,Locality,Floyd,51063,No,25,51.9
4/10/2026,2021,All Drug,Locality,Fluvanna,51065,No,39,50.7
4/10/2026,2021,All Drug,Locality,Fredericksburg,51630,No,91,60.9
4/10/2026,2021,All Drug,Locality,Gloucester,51073,No,115,61.2
4/10/2026,2021,All Drug,Locality,Goochland,51075,No,47,64.2
4/10/2026,2021,All Drug,Locality,Greene,51079,No,75,68.2
4/10/2026,2021,All Drug,Locality,Halifax,51083,No,88,50.5
4/10/2026,2021,All Drug,Locality,Henrico,51087,No,933,74.6
4/10/2026,2021,All Drug,Locality,Isle of Wight,51093,No,72,48.1
4/10/2026,2021,All Drug,Locality,James City,51095,No,170,42.1
4/10/2026,2021,All Drug,Locality,King George,51099,No,44,46.5
4/10/2026,2021,All Drug,Locality,King William,51101,No,43,57.2
4/10/2026,2021,All Drug,Locality,Lancaster,51103,No,16,33.2
4/10/2026,2021,All Drug,Locality,Lee,51105,No,42,44.9
4/10/2026,2021,All Drug,Locality,Loudoun,51107,No,446,46
4/10/2026,2021,All Drug,Locality,Lynchburg,51680,No,386,115.2
4/10/2026,2021,All Drug,Locality,Mathews,51115,No,14,36.3
4/10/2026,2021,All Drug,Locality,Mecklenburg,51117,No,98,60.3
4/10/2026,2021,All Drug,Locality,Middlesex,51119,No,37,59.8
4/10/2026,2021,All Drug,Locality,Nelson,51125,No,34,60.7
4/10/2026,2021,All Drug,Locality,New Kent,51127,No,64,57.6
4/10/2026,2021,All Drug,Locality,Northampton,51131,No,36,58.6
4/10/2026,2021,All Drug,Locality,Northumberland,51133,No,32,40.4
4/10/2026,2021,All Drug,Locality,Nottoway,51135,No,52,51.5
4/10/2026,2021,All Drug,Locality,Orange,51137,No,83,67.2
4/10/2026,2021,All Drug,Locality,Page,51139,No,59,38.3
4/10/2026,2021,All Drug,Locality,Poquoson,51735,No,31,86.6
4/10/2026,2021,All Drug,Locality,Portsmouth,51740,No,710,105.8
4/10/2026,2021,All Drug,Locality,Prince Edward,51147,No,97,63.2
4/10/2026,2021,All Drug,Locality,Pulaski,51155,No,111,56.6
4/10/2026,2021,All Drug,Locality,Rappahannock,51157,No,3,15.6
4/10/2026,2021,All Drug,Locality,Richmond County,51159,No,18,38.7
4/10/2026,2021,All Drug,Locality,Russell,51167,No,62,43.6
4/10/2026,2021,All Drug,Locality,Scott,51169,No,11,66.9
4/10/2026,2021,All Drug,Locality,Smyth,51173,No,104,55.2
4/10/2026,2021,All Drug,Locality,Stafford,51179,No,252,49.7
4/10/2026,2021,All Drug,Locality,Surry,51181,No,13,42.7
4/10/2026,2021,All Drug,Locality,Sussex,51183,No,35,45.1
4/10/2026,2021,All Drug,State,Virginia,51,-,21382,65.1
4/10/2026,2021,All Drug,Locality,Virginia Beach,51810,No,935,56.5
4/10/2026,2021,All Drug,Locality,Westmoreland,51193,No,39,43.5
4/10/2026,2021,All Drug,Locality,York,51199,No,111,79.8
4/10/2026,2022,All Drug,Locality,Accomack,51001,No,81,45.1
4/10/2026,2022,All Drug,Locality,Alexandria,51510,No,186,43.1
4/10/2026,2022,All Drug,Locality,Amelia,51007,No,34,43.9
4/10/2026,2022,All Drug,Locality,Amherst,51009,No,134,118.7
4/10/2026,2022,All Drug,Locality,Appomattox,51011,No,41,76.6
4/10/2026,2022,All Drug,Locality,Arlington,51013,No,251,50.2
4/10/2026,2022,All Drug,Locality,Bath,51017,No,19,66.1
4/10/2026,2022,All Drug,Locality,Bedford,51019,No,228,82.5
4/10/2026,2022,All Drug,Locality,Bland,51021,No,21,84.4
4/10/2026,2022,All Drug,Locality,Brunswick,51025,No,98,106.2
4/10/2026,2022,All Drug,Locality,Buchanan,51027,No,110,103
4/10/2026,2022,All Drug,Locality,Campbell,51031,No,125,82.8
4/10/2026,2022,All Drug,Locality,Caroline,51033,No,83,50.6
4/10/2026,2022,All Drug,Locality,Carroll,51035,No,88,106.8
4/10/2026,2022,All Drug,Locality,Charles City,51036,No,18,50.7
4/10/2026,2022,All Drug,Locality,Chesapeake,51550,No,666,70.2
4/10/2026,2022,All Drug,Locality,Clarke,51043,No,15,30.3
4/10/2026,2022,All Drug,Locality,Craig,51045,No,9,49.9
4/10/2026,2022,All Drug,Locality,Culpeper,51047,No,172,54.4
4/10/2026,2022,All Drug,Locality,Cumberland,51049,No,27,65.2
4/10/2026,2022,All Drug,Locality,Dinwiddie,51053,No,46,47.6
4/10/2026,2022,All Drug,Locality,Fauquier,51061,No,152,58.3
4/10/2026,2022,All Drug,Locality,Floyd,51063,No,26,48.9
4/10/2026,2022,All Drug,Locality,Fluvanna,51065,No,51,59.3
4/10/2026,2022,All Drug,Locality,Franklin County,51067,No,145,60
4/10/2026,2022,All Drug,Locality,Fredericksburg,51630,No,75,49.7
4/10/2026,2022,All Drug,Locality,Gloucester,51073,No,109,55.6
4/10/2026,2022,All Drug,Locality,Goochland,51075,No,32,38.1
4/10/2026,2022,All Drug,Locality,Greene,51079,No,45,38
4/10/2026,2022,All Drug,Locality,Halifax,51083,No,103,54.9
4/10/2026,2022,All Drug,Locality,Hanover,51085,No,213,51.5
4/10/2026,2022,All Drug,Locality,Henrico,51087,No,1079,75.2
4/10/2026,2022,All Drug,Locality,Highland,51091,No,2,25.7
4/10/2026,2022,All Drug,Locality,Isle of Wight,51093,No,85,51.4
4/10/2026,2022,All Drug,Locality,King and Queen,51097,No,27,66.5
4/10/2026,2022,All Drug,Locality,King George,51099,No,42,42.4
4/10/2026,2022,All Drug,Locality,King William,51101,No,53,63.7
4/10/2026,2022,All Drug,Locality,Lancaster,51103,No,28,51.4
4/10/2026,2022,All Drug,Locality,Lee,51105,No,58,43
4/10/2026,2022,All Drug,Locality,Louisa,51109,No,118,61.2
4/10/2026,2022,All Drug,Locality,Lunenburg,51111,No,18,39.7
4/10/2026,2022,All Drug,Locality,Lynchburg,51680,No,405,111.5
4/10/2026,2022,All Drug,Locality,Madison,51113,No,32,58.9
4/10/2026,2022,All Drug,Locality,Mecklenburg,51117,No,83,49.5
4/10/2026,2022,All Drug,Locality,Nelson,51125,No,55,92.6
4/10/2026,2022,All Drug,Locality,New Kent,51127,No,70,54.2
4/10/2026,2022,All Drug,Locality,Norfolk,51710,No,1086,80.6
4/10/2026,2022,All Drug,Locality,Northampton,51131,No,33,49.5
4/10/2026,2022,All Drug,Locality,Northumberland,51133,No,24,27.4
4/10/2026,2022,All Drug,Locality,Nottoway,51135,No,44,42.7
4/10/2026,2022,All Drug,Locality,Orange,51137,No,81,54.4
4/10/2026,2022,All Drug,Locality,Page,51139,No,51,30
4/10/2026,2022,All Drug,Locality,Patrick,51141,No,35,99
4/10/2026,2022,All Drug,Locality,Poquoson,51735,No,38,92.2
4/10/2026,2022,All Drug,Locality,Portsmouth,51740,No,849,122.3
4/10/2026,2022,All Drug,Locality,Prince Edward,51147,No,87,53.2
4/10/2026,2022,All Drug,Locality,Pulaski,51155,No,143,66
4/10/2026,2022,All Drug,Locality,Rappahannock,51157,No,11,50.8
4/10/2026,2022,All Drug,Locality,Richmond City,51760,No,1754,111.3
4/10/2026,2022,All Drug,Locality,Richmond County,51159,No,20,39.8
4/10/2026,2022,All Drug,Locality,Russell,51167,No,70,46.8
4/10/2026,2022,All Drug,Locality,Scott,51169,No,11,52.6
4/10/2026,2022,All Drug,Locality,Shenandoah,51171,No,117,42.4
4/10/2026,2022,All Drug,Locality,Smyth,51173,No,104,50
4/10/2026,2022,All Drug,Locality,Spotsylvania,51177,No,293,47.2
4/10/2026,2022,All Drug,Locality,Stafford,51179,No,236,42.4
4/10/2026,2022,All Drug,Locality,Suffolk,51800,No,260,48
4/10/2026,2022,All Drug,Locality,Surry,51181,No,14,44.5
4/10/2026,2022,All Drug,Locality,Tazewell,51185,No,144,65.9
4/10/2026,2022,All Drug,State,Virginia,51,-,22401,62.8
4/10/2026,2022,All Drug,Locality,Virginia Beach,51810,No,892,50.6
4/10/2026,2022,All Drug,Locality,Warren,51187,No,118,52.2
4/10/2026,2022,All Drug,Locality,Westmoreland,51193,No,42,44.4
4/10/2026,2022,All Drug,Locality,Williamsburg,51830,No,0,0
4/10/2026,2022,All Drug,Locality,York,51199,No,94,63
4/10/2026,2023,All Drug,Locality,Alexandria,51510,No,195,42.6
4/10/2026,2023,All Drug,Locality,Amelia,51007,No,24,29.3
4/10/2026,2023,All Drug,Locality,Appomattox,51011,No,54,101.2
4/10/2026,2023,All Drug,Locality,Arlington,51013,No,227,43.1
4/10/2026,2023,All Drug,Locality,Bath,51017,No,23,70.1
4/10/2026,2023,All Drug,Locality,Bedford,51019,No,196,73
4/10/2026,2023,All Drug,Locality,Bland,51021,No,21,75.5
4/10/2026,2023,All Drug,Locality,Brunswick,51025,No,39,41.1
4/10/2026,2023,All Drug,Locality,Buchanan,51027,No,100,91.7
4/10/2026,2023,All Drug,Locality,Campbell,51031,No,107,72.7
4/10/2026,2023,All Drug,Locality,Caroline,51033,No,79,45.7
4/10/2026,2023,All Drug,Locality,Carroll,51035,No,89,107.3
4/10/2026,2023,All Drug,Locality,Charles City,51036,No,6,17.3
4/10/2026,2023,All Drug,Locality,Charlotte,51037,No,43,61.1
4/10/2026,2023,All Drug,Locality,Clarke,51043,No,24,45.9
4/10/2026,2023,All Drug,Locality,Culpeper,51047,No,159,49.5
4/10/2026,2023,All Drug,Locality,Dickenson,51051,No,49,50.8
4/10/2026,2023,All Drug,Locality,Dinwiddie,51053,No,29,27
4/10/2026,2023,All Drug,Locality,Essex,51057,No,34,40.4
4/10/2026,2023,All Drug,Locality,Fauquier,51061,No,106,38.7
4/10/2026,2023,All Drug,Locality,Floyd,51063,No,15,25.9
4/10/2026,2023,All Drug,Locality,Fluvanna,51065,No,47,51.2
4/10/2026,2023,All Drug,Locality,Franklin County,51067,No,147,57.5
4/10/2026,2023,All Drug,Locality,Fredericksburg,51630,No,80,49.1
4/10/2026,2023,All Drug,Locality,Giles,51071,No,45,40
4/10/2026,2023,All Drug,Locality,Goochland,51075,No,36,41.2
4/10/2026,2023,All Drug,Locality,Greene,51079,No,47,37.2
4/10/2026,2023,All Drug,Locality,Halifax,51083,No,92,49.1
4/10/2026,2023,All Drug,Locality,Hampton,51650,No,388,52.8
4/10/2026,2023,All Drug,Locality,Hanover,51085,No,220,49.9
4/10/2026,2023,All Drug,Locality,Highland,51091,No,0,0
4/10/2026,2023,All Drug,Locality,Isle of Wight,51093,No,93,54.2
4/10/2026,2023,All Drug,Locality,James City,51095,No,215,47
4/10/2026,2023,All Drug,Locality,King and Queen,51097,No,18,43.6
4/10/2026,2023,All Drug,Locality,King George,51099,No,50,47.4
4/10/2026,2023,All Drug,Locality,Lee,51105,No,49,35.5
4/10/2026,2023,All Drug,Locality,Louisa,51109,No,90,43.4
4/10/2026,2023,All Drug,Locality,Lunenburg,51111,No,14,28.9
4/10/2026,2023,All Drug,Locality,Lynchburg,51680,No,361,104.5
4/10/2026,2023,All Drug,Locality,Madison,51113,No,23,41.4
4/10/2026,2023,All Drug,Locality,Mathews,51115,No,20,49.9
4/10/2026,2023,All Drug,Locality,Mecklenburg,51117,No,81,46.6
4/10/2026,2023,All Drug,Locality,Nelson,51125,No,30,47.2
4/10/2026,2023,All Drug,Locality,New Kent,51127,No,75,54.6
4/10/2026,2023,All Drug,Locality,Newport News,51700,No,612,56.4
4/10/2026,2023,All Drug,Locality,Northampton,51131,No,28,37.7
4/10/2026,2023,All Drug,Locality,Nottoway,51135,No,39,36.6
4/10/2026,2023,All Drug,Locality,Orange,51137,No,71,42.5
4/10/2026,2023,All Drug,Locality,Page,51139,No,55,31.1
4/10/2026,2023,All Drug,Locality,Poquoson,51735,No,19,45.1
4/10/2026,2023,All Drug,Locality,Portsmouth,51740,No,863,118.8
4/10/2026,2023,All Drug,Locality,Powhatan,51145,No,53,47.6
4/10/2026,2023,All Drug,Locality,Rappahannock,51157,No,5,21.4
4/10/2026,2023,All Drug,Locality,Richmond City,51760,No,1734,107.9
4/10/2026,2023,All Drug,Locality,Richmond County,51159,No,21,39.5
4/10/2026,2023,All Drug,Locality,Russell,51167,No,84,56.5
4/10/2026,2023,All Drug,Locality,Shenandoah,51171,No,131,46
4/10/2026,2023,All Drug,Locality,Spotsylvania,51177,No,314,43.5
4/10/2026,2023,All Drug,Locality,Suffolk,51800,No,243,41.5
4/10/2026,2023,All Drug,Locality,Sussex,51183,No,68,73.8
4/10/2026,2023,All Drug,Locality,Tazewell,51185,No,128,57.4
4/10/2026,2023,All Drug,State,Virginia,51,-,21765,57.8
4/10/2026,2023,All Drug,Locality,Virginia Beach,51810,No,873,47.2
4/10/2026,2023,All Drug,Locality,Warren,51187,No,120,51.7
4/10/2026,2023,All Drug,Locality,Westmoreland,51193,No,24,24
4/10/2026,2023,All Drug,Locality,Williamsburg,51830,No,2,71.7
4/10/2026,2023,All Drug,Locality,York,51199,No,94,59
4/10/2026,2024,All Drug,Locality,Alexandria,51510,No,185,39.1
4/10/2026,2024,All Drug,Locality,Amelia,51007,No,27,33.3
4/10/2026,2024,All Drug,Locality,Amherst,51009,No,96,81.7
4/10/2026,2024,All Drug,Locality,Appomattox,51011,No,36,61.7
4/10/2026,2024,All Drug,Locality,Arlington,51013,No,232,44.1
4/10/2026,2024,All Drug,Locality,Bath,51017,No,9,26.6
4/10/2026,2024,All Drug,Locality,Bedford,51019,No,141,48.3
4/10/2026,2024,All Drug,Locality,Bland,51021,No,14,49.3
4/10/2026,2024,All Drug,Locality,Brunswick,51025,No,40,39
4/10/2026,2024,All Drug,Locality,Buckingham,51029,No,37,54.9
4/10/2026,2024,All Drug,Locality,Campbell,51031,No,92,55.6
4/10/2026,2024,All Drug,Locality,Caroline,51033,No,62,33.6
4/10/2026,2024,All Drug,Locality,Carroll,51035,No,47,55.3
4/10/2026,2024,All Drug,Locality,Charles City,51036,No,12,30.7
4/10/2026,2024,All Drug,Locality,Charlotte,51037,No,33,46.2
4/10/2026,2024,All Drug,Locality,Chesapeake,51550,No,477,45.2
4/10/2026,2024,All Drug,Locality,Clarke,51043,No,21,39.2
4/10/2026,2024,All Drug,Locality,Culpeper,51047,No,104,31
4/10/2026,2024,All Drug,Locality,Cumberland,51049,No,8,18.4
4/10/2026,2024,All Drug,Locality,Dickenson,51051,No,49,52.3
4/10/2026,2024,All Drug,Locality,Dinwiddie,51053,No,33,29.6
4/10/2026,2024,All Drug,Locality,Essex,51057,No,23,27.2
4/10/2026,2024,All Drug,Locality,Floyd,51063,No,23,36.7
4/10/2026,2024,All Drug,Locality,Franklin County,51067,No,126,48
4/10/2026,2024,All Drug,Locality,Fredericksburg,51630,No,69,38.2
4/10/2026,2024,All Drug,Locality,Giles,51071,No,34,29
4/10/2026,2024,All Drug,Locality,Gloucester,51073,No,71,34.2
4/10/2026,2024,All Drug,Locality,Goochland,51075,No,32,35.2
4/10/2026,2024,All Drug,Locality,Greene,51079,No,30,23.4
4/10/2026,2024,All Drug,Locality,Halifax,51083,No,90,46.5
4/10/2026,2024,All Drug,Locality,Henrico,51087,No,919,58.7
4/10/2026,2024,All Drug,Locality,Highland,51091,No,4,45.5
4/10/2026,2024,All Drug,Locality,Isle of Wight,51093,No,58,32.2
4/10/2026,2024,All Drug,Locality,James City,51095,No,219,46
4/10/2026,2024,All Drug,Locality,King William,51101,No,35,37.3
4/10/2026,2024,All Drug,Locality,Lancaster,51103,No,9,14.6
4/10/2026,2024,All Drug,Locality,Lee,51105,No,52,38.8
4/10/2026,2024,All Drug,Locality,Loudoun,51107,No,450,38.1
4/10/2026,2024,All Drug,Locality,Louisa,51109,No,102,47.3
4/10/2026,2024,All Drug,Locality,Lunenburg,51111,No,17,34.8
4/10/2026,2024,All Drug,Locality,Lynchburg,51680,No,324,86.8
4/10/2026,2024,All Drug,Locality,Madison,51113,No,25,42.9
4/10/2026,2024,All Drug,Locality,Mathews,51115,No,14,32.9
4/10/2026,2024,All Drug,Locality,Mecklenburg,51117,No,94,52.1
4/10/2026,2024,All Drug,Locality,Middlesex,51119,No,23,33.2
4/10/2026,2024,All Drug,Locality,Nelson,51125,No,20,31.1
4/10/2026,2024,All Drug,Locality,Newport News,51700,No,542,48.1
4/10/2026,2024,All Drug,Locality,Norfolk,51710,No,763,53.3
4/10/2026,2024,All Drug,Locality,Northampton,51131,No,22,29.1
4/10/2026,2024,All Drug,Locality,Northumberland,51133,No,21,22.3
4/10/2026,2024,All Drug,Locality,Nottoway,51135,No,45,42.5
4/10/2026,2024,All Drug,Locality,Orange,51137,No,70,38.6
4/10/2026,2024,All Drug,Locality,Page,51139,No,41,23
4/10/2026,2024,All Drug,Locality,Poquoson,51735,No,9,21.8
4/10/2026,2024,All Drug,Locality,Portsmouth,51740,No,566,75.9
4/10/2026,2024,All Drug,Locality,Powhatan,51145,No,51,42.8
4/10/2026,2024,All Drug,Locality,Pulaski,51155,No,163,72.2
4/10/2026,2024,All Drug,Locality,Rappahannock,51157,No,11,45.5
4/10/2026,2024,All Drug,Locality,Richmond City,51760,No,1357,81.4
4/10/2026,2024,All Drug,Locality,Russell,51167,No,62,43.3
4/10/2026,2024,All Drug,Locality,Scott,51169,No,15,83.7
4/10/2026,2024,All Drug,Locality,Shenandoah,51171,No,84,30.2
4/10/2026,2024,All Drug,Locality,Smyth,51173,No,71,36.3
4/10/2026,2024,All Drug,Locality,Spotsylvania,51177,No,245,30.2
4/10/2026,2024,All Drug,Locality,Stafford,51179,No,175,27.8
4/10/2026,2024,All Drug,Locality,Suffolk,51800,No,243,39.5
4/10/2026,2024,All Drug,Locality,Surry,51181,No,10,28.2
4/10/2026,2024,All Drug,Locality,Sussex,51183,No,49,53.5
4/10/2026,2024,All Drug,Locality,Tazewell,51185,No,169,71.1
4/10/2026,2024,All Drug,State,Virginia,51,-,18292,46.8
4/10/2026,2024,All Drug,Locality,Virginia Beach,51810,No,844,43.4
4/10/2026,2024,All Drug,Locality,Warren,51187,No,97,42.1
4/10/2026,2024,All Drug,Locality,Williamsburg,51830,No,0,0
4/10/2026,2024,All Drug,Locality,Wythe,51197,No,118,57.3
4/10/2026,2024,All Drug,Locality,York,51199,No,71,42.8
4/10/2026,2025,All Drug,Locality,Accomack,51001,No,61,32.5
4/10/2026,2025,All Drug,Locality,Alexandria,51510,No,166,34.7
4/10/2026,2025,All Drug,Locality,Amelia,51007,No,21,25.8
4/10/2026,2025,All Drug,Locality,Bath,51017,No,13,38.1
4/10/2026,2025,All Drug,Locality,Bedford,51019,No,138,48.5
4/10/2026,2025,All Drug,Locality,Botetourt,51023,No,46,37.2
4/10/2026,2025,All Drug,Locality,Brunswick,51025,No,25,25.4
4/10/2026,2025,All Drug,Locality,Buckingham,51029,No,23,32.6
4/10/2026,2025,All Drug,Locality,Campbell,51031,No,83,51
4/10/2026,2025,All Drug,Locality,Caroline,51033,No,69,36.2
4/10/2026,2025,All Drug,Locality,Carroll,51035,No,34,37.6
4/10/2026,2025,All Drug,Locality,Charlotte,51037,No,35,49.5
4/10/2026,2025,All Drug,Locality,Chesapeake,51550,No,456,42.4
4/10/2026,2025,All Drug,Locality,Craig,51045,No,11,55.1
4/10/2026,2025,All Drug,Locality,Culpeper,51047,No,108,31.9
4/10/2026,2025,All Drug,Locality,Cumberland,51049,No,18,42.9
4/10/2026,2025,All Drug,Locality,Dickenson,51051,No,35,37.9
4/10/2026,2025,All Drug,Locality,Dinwiddie,51053,No,38,31
4/10/2026,2025,All Drug,Locality,Fauquier,51061,No,74,25.5
4/10/2026,2025,All Drug,Locality,Floyd,51063,No,19,28.6
4/10/2026,2025,All Drug,Locality,Fluvanna,51065,No,45,44.6
4/10/2026,2025,All Drug,Locality,Franklin County,51067,No,91,34.3
4/10/2026,2025,All Drug,Locality,Giles,51071,No,45,39.2
4/10/2026,2025,All Drug,Locality,Goochland,51075,No,24,25.3
4/10/2026,2025,All Drug,Locality,Greene,51079,No,47,35.8
4/10/2026,2025,All Drug,Locality,Hampton,51650,No,280,37
4/10/2026,2025,All Drug,Locality,Hanover,51085,No,149,32.2
4/10/2026,2025,All Drug,Locality,Henrico,51087,No,828,52.4
4/10/2026,2025,All Drug,Locality,Highland,51091,No,*,33.6
4/10/2026,2025,All Drug,Locality,Isle of Wight,51093,No,62,33.3
4/10/2026,2025,All Drug,Locality,James City,51095,No,154,32
4/10/2026,2025,All Drug,Locality,King and Queen,51097,No,9,21.1
4/10/2026,2025,All Drug,Locality,King George,51099,No,19,16.1
4/10/2026,2025,All Drug,Locality,King William,51101,No,38,40
4/10/2026,2025,All Drug,Locality,Lancaster,51103,No,12,20.5
4/10/2026,2025,All Drug,Locality,Lee,51105,No,52,38.8
4/10/2026,2025,All Drug,Locality,Loudoun,51107,No,411,33.4
4/10/2026,2025,All Drug,Locality,Louisa,51109,No,87,39.8
4/10/2026,2025,All Drug,Locality,Lynchburg,51680,No,304,76.2
4/10/2026,2025,All Drug,Locality,Madison,51113,No,19,33.5
4/10/2026,2025,All Drug,Locality,Mathews,51115,No,8,19.6
4/10/2026,2025,All Drug,Locality,Mecklenburg,51117,No,68,38.9
4/10/2026,2025,All Drug,Locality,Middlesex,51119,No,14,20.7
4/10/2026,2025,All Drug,Locality,Nelson,51125,No,33,49.6
4/10/2026,2025,All Drug,Locality,New Kent,51127,No,53,37.7
4/10/2026,2025,All Drug,Locality,Norfolk,51710,No,655,45.8
4/10/2026,2025,All Drug,Locality,Northampton,51131,No,18,24.7
4/10/2026,2025,All Drug,Locality,Northumberland,51133,No,20,20.4
4/10/2026,2025,All Drug,Locality,Orange,51137,No,57,30.9
4/10/2026,2025,All Drug,Locality,Patrick,51141,No,23,52.6
4/10/2026,2025,All Drug,Locality,Portsmouth,51740,No,465,63.1
4/10/2026,2025,All Drug,Locality,Powhatan,51145,No,47,39.7
4/10/2026,2025,All Drug,Locality,Pulaski,51155,No,152,66.2
4/10/2026,2025,All Drug,Locality,Rappahannock,51157,No,5,20.7
4/10/2026,2025,All Drug,Locality,Richmond County,51159,No,14,28.5
4/10/2026,2025,All Drug,Locality,Russell,51167,No,67,46.8
4/10/2026,2025,All Drug,Locality,Scott,51169,No,14,79.7
4/10/2026,2025,All Drug,Locality,Shenandoah,51171,No,81,29.4
4/10/2026,2025,All Drug,Locality,Smyth,51173,No,65,33.2
4/10/2026,2025,All Drug,Locality,Spotsylvania,51177,No,230,27.6
4/10/2026,2025,All Drug,Locality,Stafford,51179,No,184,28.5
4/10/2026,2025,All Drug,Locality,Suffolk,51800,No,176,28.3
4/10/2026,2025,All Drug,Locality,Sussex,51183,No,26,27
4/10/2026,2025,All Drug,Locality,Tazewell,51185,No,127,54.1
4/10/2026,2025,All Drug,State,Virginia,51,-,16418,41.4
4/10/2026,2025,All Drug,Locality,Virginia Beach,51810,No,693,34.9
4/10/2026,2025,All Drug,Locality,Westmoreland,51193,No,40,38.9
4/10/2026,2025,All Drug,Locality,Williamsburg,51830,No,*,31.8
4/10/2026,2025,All Drug,Locality,Wythe,51197,No,83,38.2
4/10/2026,2025,All Drug,Locality,York,51199,No,64,37.9
4/10/2026,2026,All Drug,Locality,Accomack,51001,No,10,22.5
4/10/2026,2026,All Drug,Locality,Alexandria,51510,No,42,35.4
4/10/2026,2026,All Drug,Locality,Amelia,51007,No,3,15.5
4/10/2026,2026,All Drug,Locality,Appomattox,51011,No,5,35.2
4/10/2026,2026,All Drug,Locality,Bath,51017,No,2,26.1
4/10/2026,2026,All Drug,Locality,Bedford,51019,No,20,27.8
4/10/2026,2026,All Drug,Locality,Bland,51021,No,4,57.6
4/10/2026,2026,All Drug,Locality,Botetourt,51023,No,16,54.5
4/10/2026,2026,All Drug,Locality,Brunswick,51025,No,13,55.8
4/10/2026,2026,All Drug,Locality,Buchanan,51027,No,11,43.3
4/10/2026,2026,All Drug,Locality,Buckingham,51029,No,4,25
4/10/2026,2026,All Drug,Locality,Campbell,51031,No,17,42.6
4/10/2026,2026,All Drug,Locality,Charles City,51036,No,6,66
4/10/2026,2026,All Drug,Locality,Charlotte,51037,No,7,42.1
4/10/2026,2026,All Drug,Locality,Chesapeake,51550,No,92,35
4/10/2026,2026,All Drug,Locality,Clarke,51043,No,6,46.6
4/10/2026,2026,All Drug,Locality,Craig,51045,No,0,0
4/10/2026,2026,All Drug,Locality,Culpeper,51047,No,36,43.3
4/10/2026,2026,All Drug,Locality,Cumberland,51049,No,2,18.9
4/10/2026,2026,All Drug,Locality,Dickenson,51051,No,8,36.2
4/10/2026,2026,All Drug,Locality,Fauquier,51061,No,22,31.2
4/10/2026,2026,All Drug,Locality,Floyd,51063,No,5,29.4
4/10/2026,2026,All Drug,Locality,Fluvanna,51065,No,8,34.2
4/10/2026,2026,All Drug,Locality,Franklin County,51067,No,25,38.9
4/10/2026,2026,All Drug,Locality,Gloucester,51073,No,22,42.8
4/10/2026,2026,All Drug,Locality,Goochland,51075,No,1,4.3
4/10/2026,2026,All Drug,Locality,Greene,51079,No,12,36.4
4/10/2026,2026,All Drug,Locality,Hampton,51650,No,59,31.2
4/10/2026,2026,All Drug,Locality,Hanover,51085,No,48,40.2
4/10/2026,2026,All Drug,Locality,Henrico,51087,No,161,41.5
4/10/2026,2026,All Drug,Locality,James City,51095,No,39,31.4
4/10/2026,2026,All Drug,Locality,King and Queen,51097,No,7,66
4/10/2026,2026,All Drug,Locality,King George,51099,No,6,21.1
4/10/2026,2026,All Drug,Locality,Lancaster,51103,No,4,28.4
4/10/2026,2026,All Drug,Locality,Lee,51105,No,22,72
4/10/2026,2026,All Drug,Locality,Loudoun,51107,No,100,35.5
4/10/2026,2026,All Drug,Locality,Louisa,51109,No,18,33.3
4/10/2026,2026,All Drug,Locality,Lunenburg,51111,No,4,33.6
4/10/2026,2026,All Drug,Locality,Lynchburg,51680,No,84,86
4/10/2026,2026,All Drug,Locality,Madison,51113,No,2,15.2
4/10/2026,2026,All Drug,Locality,Mathews,51115,No,1,10.2
4/10/2026,2026,All Drug,Locality,Middlesex,51119,No,6,35.5
4/10/2026,2026,All Drug,Locality,Nelson,51125,No,1,5.9
4/10/2026,2026,All Drug,Locality,New Kent,51127,No,25,71.1
4/10/2026,2026,All Drug,Locality,Newport News,51700,No,85,30.1
4/10/2026,2026,All Drug,Locality,Norfolk,51710,No,123,35.5
4/10/2026,2026,All Drug,Locality,Northampton,51131,No,5,27.4
4/10/2026,2026,All Drug,Locality,Northumberland,51133,No,7,27.4
4/10/2026,2026,All Drug,Locality,Orange,51137,No,13,28
4/10/2026,2026,All Drug,Locality,Page,51139,No,10,24.6
4/10/2026,2026,All Drug,Locality,Patrick,51141,No,3,48.7
4/10/2026,2026,All Drug,Locality,Poquoson,51735,No,4,38
4/10/2026,2026,All Drug,Locality,Powhatan,51145,No,13,45
4/10/2026,2026,All Drug,Locality,Prince Edward,51147,No,17,42.5
4/10/2026,2026,All Drug,Locality,Pulaski,51155,No,31,53.9
4/10/2026,2026,All Drug,Locality,Rappahannock,51157,No,1,16.2
4/10/2026,2026,All Drug,Locality,Richmond County,51159,No,4,33
4/10/2026,2026,All Drug,Locality,Russell,51167,No,14,41
4/10/2026,2026,All Drug,Locality,Scott,51169,No,3,63.8
4/10/2026,2026,All Drug,Locality,Shenandoah,51171,No,24,36.2
4/10/2026,2026,All Drug,Locality,Smyth,51173,No,14,27.5
4/10/2026,2026,All Drug,Locality,Spotsylvania,51177,No,53,26.3
4/10/2026,2026,All Drug,Locality,Suffolk,51800,No,57,37.3
4/10/2026,2026,All Drug,Locality,Sussex,51183,No,7,29.5
4/10/2026,2026,All Drug,Locality,Tazewell,51185,No,42,73.7
4/10/2026,2026,All Drug,State,Virginia,51,-,3699,38.3
4/10/2026,2026,All Drug,Locality,Virginia Beach,51810,No,188,36.8
4/10/2026,2026,All Drug,Locality,Warren,51187,No,16,30.2
4/10/2026,2026,All Drug,Locality,Westmoreland,51193,No,8,32.1
4/10/2026,2026,All Drug,Locality,Williamsburg,51830,No,1,142.9
4/10/2026,2026,All Drug,Locality,York,51199,No,17,40.8
4/10/2026,2021,Heroin,Locality,Accomack,51001,No,1,0.7
4/10/2026,2021,Heroin,Locality,Alexandria,51510,No,7,1.8
4/10/2026,2021,Heroin,Locality,Amelia,51007,No,5,6.7
4/10/2026,2021,Heroin,Locality,Amherst,51009,No,7,6.4
4/10/2026,2021,Heroin,Locality,Appomattox,51011,No,8,16
4/10/2026,2021,Heroin,Locality,Arlington,51013,No,7,1.6
4/10/2026,2021,Heroin,Locality,Bath,51017,No,0,0
4/10/2026,2021,Heroin,Locality,Bland,51021,No,1,4.2
4/10/2026,2021,Heroin,Locality,Botetourt,51023,No,9,9.8
4/10/2026,2021,Heroin,Locality,Brunswick,51025,No,3,3.3
4/10/2026,2021,Heroin,Locality,Buchanan,51027,No,11,10.7
4/10/2026,2021,Heroin,Locality,Buckingham,51029,No,2,3.3
4/10/2026,2021,Heroin,Locality,Campbell,51031,No,8,5.6
4/10/2026,2021,Heroin,Locality,Caroline,51033,No,16,10.1
4/10/2026,2021,Heroin,Locality,Carroll,51035,No,1,1.3
4/10/2026,2021,Heroin,Locality,Charles City,51036,No,0,0
4/10/2026,2021,Heroin,Locality,Craig,51045,No,1,5.7
4/10/2026,2021,Heroin,Locality,Cumberland,51049,No,3,7.7
4/10/2026,2021,Heroin,Locality,Dickenson,51051,No,0,0
4/10/2026,2021,Heroin,Locality,Dinwiddie,51053,No,2,2.2
4/10/2026,2021,Heroin,Locality,Essex,51057,No,3,3.9
4/10/2026,2021,Heroin,Locality,Fluvanna,51065,No,1,1.3
4/10/2026,2021,Heroin,Locality,Franklin County,51067,No,17,7.5
4/10/2026,2021,Heroin,Locality,Giles,51071,No,5,4.9
4/10/2026,2021,Heroin,Locality,Gloucester,51073,No,9,4.8
4/10/2026,2021,Heroin,Locality,Greene,51079,No,6,5.5
4/10/2026,2021,Heroin,Locality,Hampton,51650,No,53,8
4/10/2026,2021,Heroin,Locality,Hanover,51085,No,24,6.3
4/10/2026,2021,Heroin,Locality,Henrico,51087,No,87,7
4/10/2026,2021,Heroin,Locality,Highland,51091,No,0,0
4/10/2026,2021,Heroin,Locality,James City,51095,No,14,3.5
4/10/2026,2021,Heroin,Locality,King George,51099,No,5,5.3
4/10/2026,2021,Heroin,Locality,King William,51101,No,3,4
4/10/2026,2021,Heroin,Locality,Lee,51105,No,0,0
4/10/2026,2021,Heroin,Locality,Lunenburg,51111,No,2,4.4
4/10/2026,2021,Heroin,Locality,Lynchburg,51680,No,29,8.7
4/10/2026,2021,Heroin,Locality,Madison,51113,No,2,4.5
4/10/2026,2021,Heroin,Locality,Mathews,51115,No,1,2.6
4/10/2026,2021,Heroin,Locality,Mecklenburg,51117,No,6,3.7
4/10/2026,2021,Heroin,Locality,Middlesex,51119,No,3,4.8
4/10/2026,2021,Heroin,Locality,Nelson,51125,No,4,7.1
4/10/2026,2021,Heroin,Locality,New Kent,51127,No,4,3.6
4/10/2026,2021,Heroin,Locality,Newport News,51700,No,61,6.1
4/10/2026,2021,Heroin,Locality,Norfolk,51710,No,179,13.9
4/10/2026,2021,Heroin,Locality,Northampton,51131,No,1,1.6
4/10/2026,2021,Heroin,Locality,Northumberland,51133,No,0,0
4/10/2026,2021,Heroin,Locality,Nottoway,51135,No,9,8.9
4/10/2026,2021,Heroin,Locality,Orange,51137,No,10,8.1
4/10/2026,2021,Heroin,Locality,Page,51139,No,6,3.9
4/10/2026,2021,Heroin,Locality,Patrick,51141,No,5,15.7
4/10/2026,2021,Heroin,Locality,Prince Edward,51147,No,6,3.9
4/10/2026,2021,Heroin,Locality,Pulaski,51155,No,6,3.1
4/10/2026,2021,Heroin,Locality,Rappahannock,51157,No,0,0
4/10/2026,2021,Heroin,Locality,Richmond City,51760,No,211,14.1
4/10/2026,2021,Heroin,Locality,Richmond County,51159,No,0,0
4/10/2026,2021,Heroin,Locality,Scott,51169,No,0,0
4/10/2026,2021,Heroin,Locality,Smyth,51173,No,2,1.1
4/10/2026,2021,Heroin,Locality,Spotsylvania,51177,No,27,4.6
4/10/2026,2021,Heroin,Locality,Stafford,51179,No,11,2.2
4/10/2026,2021,Heroin,Locality,Suffolk,51800,No,28,5.8
4/10/2026,2021,Heroin,Locality,Sussex,51183,No,0,0
4/10/2026,2021,Heroin,Locality,Tazewell,51185,No,6,2.9
4/10/2026,2021,Heroin,State,Virginia,51,-,1890,5.8
4/10/2026,2021,Heroin,Locality,Virginia Beach,51810,No,125,7.6
4/10/2026,2021,Heroin,Locality,Warren,51187,No,7,3.3
4/10/2026,2021,Heroin,Locality,Williamsburg,51830,No,0,0
4/10/2026,2021,Heroin,Locality,York,51199,No,4,2.9
4/10/2026,2022,Heroin,Locality,Accomack,51001,No,1,0.6
4/10/2026,2022,Heroin,Locality,Alexandria,51510,No,1,0.2
4/10/2026,2022,Heroin,Locality,Amelia,51007,No,1,1.3
4/10/2026,2022,Heroin,Locality,Amherst,51009,No,3,2.7
4/10/2026,2022,Heroin,Locality,Appomattox,51011,No,0,0
4/10/2026,2022,Heroin,Locality,Arlington,51013,No,3,0.6
4/10/2026,2022,Heroin,Locality,Botetourt,51023,No,8,8.3
4/10/2026,2022,Heroin,Locality,Brunswick,51025,No,2,2.2
4/10/2026,2022,Heroin,Locality,Buchanan,51027,No,4,3.7
4/10/2026,2022,Heroin,Locality,Buckingham,51029,No,8,11.7
4/10/2026,2022,Heroin,Locality,Campbell,51031,No,2,1.3
4/10/2026,2022,Heroin,Locality,Caroline,51033,No,8,4.9
4/10/2026,2022,Heroin,Locality,Charlotte,51037,No,6,8.3
4/10/2026,2022,Heroin,Locality,Chesapeake,51550,No,44,4.6
4/10/2026,2022,Heroin,Locality,Culpeper,51047,No,9,2.8
4/10/2026,2022,Heroin,Locality,Cumberland,51049,No,4,9.7
4/10/2026,2022,Heroin,Locality,Dickenson,51051,No,0,0
4/10/2026,2022,Heroin,Locality,Dinwiddie,51053,No,1,1
4/10/2026,2022,Heroin,Locality,Essex,51057,No,0,0
4/10/2026,2022,Heroin,Locality,Floyd,51063,No,2,3.8
4/10/2026,2022,Heroin,Locality,Fluvanna,51065,No,1,1.2
4/10/2026,2022,Heroin,Locality,Fredericksburg,51630,No,4,2.7
4/10/2026,2022,Heroin,Locality,Goochland,51075,No,2,2.4
4/10/2026,2022,Heroin,Locality,Greene,51079,No,4,3.4
4/10/2026,2022,Heroin,Locality,Halifax,51083,No,8,4.3
4/10/2026,2022,Heroin,Locality,Hampton,51650,No,43,6.1
4/10/2026,2022,Heroin,Locality,Hanover,51085,No,10,2.4
4/10/2026,2022,Heroin,Locality,Henrico,51087,No,69,4.8
4/10/2026,2022,Heroin,Locality,Highland,51091,No,0,0
4/10/2026,2022,Heroin,Locality,James City,51095,No,9,2
4/10/2026,2022,Heroin,Locality,King George,51099,No,2,2
4/10/2026,2022,Heroin,Locality,King William,51101,No,6,7.2
4/10/2026,2022,Heroin,Locality,Lancaster,51103,No,2,3.7
4/10/2026,2022,Heroin,Locality,Lee,51105,No,2,1.5
4/10/2026,2022,Heroin,Locality,Loudoun,51107,No,3,0.3
4/10/2026,2022,Heroin,Locality,Lunenburg,51111,No,0,0
4/10/2026,2022,Heroin,Locality,Lynchburg,51680,No,23,6.3
4/10/2026,2022,Heroin,Locality,Mecklenburg,51117,No,3,1.8
4/10/2026,2022,Heroin,Locality,Middlesex,51119,No,1,1.5
4/10/2026,2022,Heroin,Locality,New Kent,51127,No,2,1.5
4/10/2026,2022,Heroin,Locality,Norfolk,51710,No,168,12.5
4/10/2026,2022,Heroin,Locality,Nottoway,51135,No,2,1.9
4/10/2026,2022,Heroin,Locality,Orange,51137,No,4,2.7
4/10/2026,2022,Heroin,Locality,Page,51139,No,3,1.8
4/10/2026,2022,Heroin,Locality,Patrick,51141,No,3,8.5
4/10/2026,2022,Heroin,Locality,Portsmouth,51740,No,85,12.2
4/10/2026,2022,Heroin,Locality,Powhatan,51145,No,1,0.9
4/10/2026,2022,Heroin,Locality,Pulaski,51155,No,14,6.5
4/10/2026,2022,Heroin,Locality,Rappahannock,51157,No,0,0
4/10/2026,2022,Heroin,Locality,Richmond City,51760,No,165,10.5
4/10/2026,2022,Heroin,Locality,Richmond County,51159,No,0,0
4/10/2026,2022,Heroin,Locality,Russell,51167,No,4,2.7
4/10/2026,2022,Heroin,Locality,Scott,51169,No,0,0
4/10/2026,2022,Heroin,Locality,Stafford,51179,No,5,0.9
4/10/2026,2022,Heroin,Locality,Suffolk,51800,No,24,4.4
4/10/2026,2022,Heroin,Locality,Sussex,51183,No,0,0
4/10/2026,2022,Heroin,Locality,Tazewell,51185,No,6,2.7
4/10/2026,2022,Heroin,State,Virginia,51,-,1505,4.2
4/10/2026,2022,Heroin,Locality,Virginia Beach,51810,No,69,3.9
4/10/2026,2022,Heroin,Locality,Westmoreland,51193,No,2,2.1
4/10/2026,2022,Heroin,Locality,Williamsburg,51830,No,0,0
4/10/2026,2022,Heroin,Locality,York,51199,No,6,4
4/10/2026,2023,Heroin,Locality,Accomack,51001,No,4,2.1
4/10/2026,2023,Heroin,Locality,Alexandria,51510,No,2,0.4
4/10/2026,2023,Heroin,Locality,Amelia,51007,No,1,1.2
4/10/2026,2023,Heroin,Locality,Appomattox,51011,No,1,1.9
4/10/2026,2023,Heroin,Locality,Arlington,51013,No,3,0.6
4/10/2026,2023,Heroin,Locality,Bath,51017,No,0,0
4/10/2026,2023,Heroin,Locality,Bedford,51019,No,17,6.3
4/10/2026,2023,Heroin,Locality,Bland,51021,No,0,0
4/10/2026,2023,Heroin,Locality,Botetourt,51023,No,6,5.2
4/10/2026,2023,Heroin,Locality,Brunswick,51025,No,0,0
4/10/2026,2023,Heroin,Locality,Buckingham,51029,No,2,3
4/10/2026,2023,Heroin,Locality,Caroline,51033,No,1,0.6
4/10/2026,2023,Heroin,Locality,Charles City,51036,No,0,0
4/10/2026,2023,Heroin,Locality,Charlotte,51037,No,2,2.8
4/10/2026,2023,Heroin,Locality,Clarke,51043,No,0,0
4/10/2026,2023,Heroin,Locality,Craig,51045,No,1,5.4
4/10/2026,2023,Heroin,Locality,Culpeper,51047,No,4,1.2
4/10/2026,2023,Heroin,Locality,Cumberland,51049,No,0,0
4/10/2026,2023,Heroin,Locality,Dickenson,51051,No,0,0
4/10/2026,2023,Heroin,Locality,Dinwiddie,51053,No,2,1.9
4/10/2026,2023,Heroin,Locality,Essex,51057,No,1,1.2
4/10/2026,2023,Heroin,Locality,Floyd,51063,No,0,0
4/10/2026,2023,Heroin,Locality,Fluvanna,51065,No,2,2.2
4/10/2026,2023,Heroin,Locality,Fredericksburg,51630,No,3,1.8
4/10/2026,2023,Heroin,Locality,Giles,51071,No,3,2.7
4/10/2026,2023,Heroin,Locality,Gloucester,51073,No,4,2
4/10/2026,2023,Heroin,Locality,Goochland,51075,No,1,1.1
4/10/2026,2023,Heroin,Locality,Greene,51079,No,2,1.6
4/10/2026,2023,Heroin,Locality,Halifax,51083,No,5,2.7
4/10/2026,2023,Heroin,Locality,Hampton,51650,No,15,2
4/10/2026,2023,Heroin,Locality,Hanover,51085,No,15,3.4
4/10/2026,2023,Heroin,Locality,Henrico,51087,No,87,5.8
4/10/2026,2023,Heroin,Locality,Highland,51091,No,0,0
4/10/2026,2023,Heroin,Locality,Isle of Wight,51093,No,4,2.3
4/10/2026,2023,Heroin,Locality,King and Queen,51097,No,0,0
4/10/2026,2023,Heroin,Locality,King George,51099,No,0,0
4/10/2026,2023,Heroin,Locality,Lancaster,51103,No,1,1.7
4/10/2026,2023,Heroin,Locality,Lee,51105,No,2,1.5
4/10/2026,2023,Heroin,Locality,Loudoun,51107,No,1,0.1
4/10/2026,2023,Heroin,Locality,Louisa,51109,No,7,3.4
4/10/2026,2023,Heroin,Locality,Lunenburg,51111,No,0,0
4/10/2026,2023,Heroin,Locality,Lynchburg,51680,No,14,4.1
4/10/2026,2023,Heroin,Locality,Madison,51113,No,2,3.6
4/10/2026,2023,Heroin,Locality,Mathews,51115,No,1,2.5
4/10/2026,2023,Heroin,Locality,Middlesex,51119,No,0,0
4/10/2026,2023,Heroin,Locality,Nelson,51125,No,0,0
4/10/2026,2023,Heroin,Locality,New Kent,51127,No,6,4.4
4/10/2026,2023,Heroin,Locality,Norfolk,51710,No,96,6.9
4/10/2026,2023,Heroin,Locality,Northampton,51131,No,0,0
4/10/2026,2023,Heroin,Locality,Northumberland,51133,No,0,0
4/10/2026,2023,Heroin,Locality,Nottoway,51135,No,2,1.9
4/10/2026,2023,Heroin,Locality,Page,51139,No,1,0.6
4/10/2026,2023,Heroin,Locality,Patrick,51141,No,3,7.9
4/10/2026,2023,Heroin,Locality,Powhatan,51145,No,2,1.8
4/10/2026,2023,Heroin,Locality,Prince Edward,51147,No,3,2
4/10/2026,2023,Heroin,Locality,Rappahannock,51157,No,0,0
4/10/2026,2023,Heroin,Locality,Richmond City,51760,No,108,6.7
4/10/2026,2023,Heroin,Locality,Richmond County,51159,No,0,0
4/10/2026,2023,Heroin,Locality,Russell,51167,No,0,0
4/10/2026,2023,Heroin,Locality,Scott,51169,No,0,0
4/10/2026,2023,Heroin,Locality,Spotsylvania,51177,No,10,1.4
4/10/2026,2023,Heroin,Locality,Surry,51181,No,1,2.9
4/10/2026,2023,Heroin,Locality,Sussex,51183,No,1,1.1
4/10/2026,2023,Heroin,Locality,Tazewell,51185,No,5,2.2
4/10/2026,2023,Heroin,State,Virginia,51,-,1044,2.8
4/10/2026,2023,Heroin,Locality,Virginia Beach,51810,No,48,2.6
4/10/2026,2023,Heroin,Locality,Warren,51187,No,0,0
4/10/2026,2023,Heroin,Locality,Westmoreland,51193,No,0,0
4/10/2026,2023,Heroin,Locality,Wythe,51197,No,1,0.5
4/10/2026,2023,Heroin,Locality,York,51199,No,1,0.6
4/10/2026,2024,Heroin,Locality,Accomack,51001,No,0,0
4/10/2026,2024,Heroin,Locality,Alexandria,51510,No,0,0
4/10/2026,2024,Heroin,Locality,Amelia,51007,No,0,0
4/10/2026,2024,Heroin,Locality,Amherst,51009,No,2,1.7
4/10/2026,2024,Heroin,Locality,Appomattox,51011,No,0,0
4/10/2026,2024,Heroin,Locality,Arlington,51013,No,0,0
4/10/2026,2024,Heroin,Locality,Bath,51017,No,0,0
4/10/2026,2024,Heroin,Locality,Bedford,51019,No,2,0.7
4/10/2026,2024,Heroin,Locality,Bland,51021,No,1,3.5
4/10/2026,2024,Heroin,Locality,Botetourt,51023,No,6,5.1
4/10/2026,2024,Heroin,Locality,Brunswick,51025,No,0,0
4/10/2026,2024,Heroin,Locality,Buckingham,51029,No,0,0
4/10/2026,2024,Heroin,Locality,Campbell,51031,No,2,1.2
4/10/2026,2024,Heroin,Locality,Caroline,51033,No,3,1.6
4/10/2026,2024,Heroin,Locality,Carroll,51035,No,0,0
4/10/2026,2024,Heroin,Locality,Charlotte,51037,No,0,0
4/10/2026,2024,Heroin,Locality,Chesapeake,51550,No,26,2.5
4/10/2026,2024,Heroin,Locality,Clarke,51043,No,1,1.9
4/10/2026,2024,Heroin,Locality,Craig,51045,No,0,0
4/10/2026,2024,Heroin,Locality,Dickenson,51051,No,0,0
4/10/2026,2024,Heroin,Locality,Essex,51057,No,0,0
4/10/2026,2024,Heroin,Locality,Fauquier,51061,No,1,0.4
4/10/2026,2024,Heroin,Locality,Floyd,51063,No,2,3.2
4/10/2026,2024,Heroin,Locality,Franklin County,51067,No,3,1.1
4/10/2026,2024,Heroin,Locality,Fredericksburg,51630,No,1,0.6
4/10/2026,2024,Heroin,Locality,Giles,51071,No,2,1.7
4/10/2026,2024,Heroin,Locality,Goochland,51075,No,0,0
4/10/2026,2024,Heroin,Locality,Greene,51079,No,1,0.8
4/10/2026,2024,Heroin,Locality,Halifax,51083,No,1,0.5
4/10/2026,2024,Heroin,Locality,Hampton,51650,No,6,0.8
4/10/2026,2024,Heroin,Locality,Henrico,51087,No,27,1.7
4/10/2026,2024,Heroin,Locality,Highland,51091,No,0,0
4/10/2026,2024,Heroin,Locality,Isle of Wight,51093,No,2,1.1
4/10/2026,2024,Heroin,Locality,James City,51095,No,0,0
4/10/2026,2024,Heroin,Locality,King and Queen,51097,No,0,0
4/10/2026,2024,Heroin,Locality,King George,51099,No,0,0
4/10/2026,2024,Heroin,Locality,Lancaster,51103,No,0,0
4/10/2026,2024,Heroin,Locality,Lee,51105,No,1,0.7
4/10/2026,2024,Heroin,Locality,Loudoun,51107,No,0,0
4/10/2026,2024,Heroin,Locality,Louisa,51109,No,4,1.9
4/10/2026,2024,Heroin,Locality,Lunenburg,51111,No,0,0
4/10/2026,2024,Heroin,Locality,Lynchburg,51680,No,4,1.1
4/10/2026,2024,Heroin,Locality,Madison,51113,No,0,0
4/10/2026,2024,Heroin,Locality,Mathews,51115,No,0,0
4/10/2026,2024,Heroin,Locality,Mecklenburg,51117,No,3,1.7
4/10/2026,2024,Heroin,Locality,Nelson,51125,No,1,1.6
4/10/2026,2024,Heroin,Locality,New Kent,51127,No,1,0.7
4/10/2026,2024,Heroin,Locality,Newport News,51700,No,12,1.1
4/10/2026,2024,Heroin,Locality,Norfolk,51710,No,73,5.1
4/10/2026,2024,Heroin,Locality,Northampton,51131,No,0,0
4/10/2026,2024,Heroin,Locality,Nottoway,51135,No,0,0
4/10/2026,2024,Heroin,Locality,Orange,51137,No,0,0
4/10/2026,2024,Heroin,Locality,Poquoson,51735,No,0,0
4/10/2026,2024,Heroin,Locality,Portsmouth,51740,No,56,7.5
4/10/2026,2024,Heroin,Locality,Powhatan,51145,No,1,0.8
4/10/2026,2024,Heroin,Locality,Pulaski,51155,No,8,3.5
4/10/2026,2024,Heroin,Locality,Rappahannock,51157,No,0,0
4/10/2026,2024,Heroin,Locality,Richmond City,51760,No,57,3.4
4/10/2026,2024,Heroin,Locality,Richmond County,51159,No,0,0
4/10/2026,2024,Heroin,Locality,Russell,51167,No,0,0
4/10/2026,2024,Heroin,Locality,Scott,51169,No,0,0
4/10/2026,2024,Heroin,Locality,Shenandoah,51171,No,1,0.4
4/10/2026,2024,Heroin,Locality,Smyth,51173,No,1,0.5
4/10/2026,2024,Heroin,Locality,Stafford,51179,No,0,0
4/10/2026,2024,Heroin,Locality,Suffolk,51800,No,8,1.3
4/10/2026,2024,Heroin,Locality,Sussex,51183,No,0,0
4/10/2026,2024,Heroin,State,Virginia,51,-,539,1.4
4/10/2026,2024,Heroin,Locality,Virginia Beach,51810,No,24,1.2
4/10/2026,2024,Heroin,Locality,Warren,51187,No,0,0
4/10/2026,2024,Heroin,Locality,Westmoreland,51193,No,0,0
4/10/2026,2024,Heroin,Locality,Wythe,51197,No,2,1
4/10/2026,2024,Heroin,Locality,York,51199,No,1,0.6
4/10/2026,2025,Heroin,Locality,Accomack,51001,No,0,0
4/10/2026,2025,Heroin,Locality,Amherst,51009,No,*,1.7
4/10/2026,2025,Heroin,Locality,Appomattox,51011,No,*,1.7
4/10/2026,2025,Heroin,Locality,Arlington,51013,No,0,0
4/10/2026,2025,Heroin,Locality,Bedford,51019,No,*,1.4
4/10/2026,2025,Heroin,Locality,Botetourt,51023,No,*,2.4
4/10/2026,2025,Heroin,Locality,Brunswick,51025,No,0,0
4/10/2026,2025,Heroin,Locality,Buchanan,51027,No,*,0.9
4/10/2026,2025,Heroin,Locality,Buckingham,51029,No,0,0
4/10/2026,2025,Heroin,Locality,Campbell,51031,No,*,0.6
4/10/2026,2025,Heroin,Locality,Caroline,51033,No,0,0
4/10/2026,2025,Heroin,Locality,Carroll,51035,No,0,0
4/10/2026,2025,Heroin,Locality,Charles City,51036,No,0,0
4/10/2026,2025,Heroin,Locality,Charlotte,51037,No,*,1.4
4/10/2026,2025,Heroin,Locality,Clarke,51043,No,0,0
4/10/2026,2025,Heroin,Locality,Craig,51045,No,*,10
4/10/2026,2025,Heroin,Locality,Culpeper,51047,No,*,0.3
4/10/2026,2025,Heroin,Locality,Dinwiddie,51053,No,*,0.8
4/10/2026,2025,Heroin,Locality,Essex,51057,No,0,0
4/10/2026,2025,Heroin,Locality,Fauquier,51061,No,*,0.3
4/10/2026,2025,Heroin,Locality,Floyd,51063,No,0,0
4/10/2026,2025,Heroin,Locality,Fluvanna,51065,No,*,1
4/10/2026,2025,Heroin,Locality,Franklin County,51067,No,*,1.5
4/10/2026,2025,Heroin,Locality,Fredericksburg,51630,No,*,0.5
4/10/2026,2025,Heroin,Locality,Giles,51071,No,0,0
4/10/2026,2025,Heroin,Locality,Gloucester,51073,No,0,0
4/10/2026,2025,Heroin,Locality,Greene,51079,No,*,1.5
4/10/2026,2025,Heroin,Locality,Halifax,51083,No,0,0
4/10/2026,2025,Heroin,Locality,Hanover,51085,No,*,0.9
4/10/2026,2025,Heroin,Locality,Henrico,51087,No,17,1.1
4/10/2026,2025,Heroin,Locality,Highland,51091,No,0,0
4/10/2026,2025,Heroin,Locality,Isle of Wight,51093,No,*,1.1
4/10/2026,2025,Heroin,Locality,King and Queen,51097,No,0,0
4/10/2026,2025,Heroin,Locality,King William,51101,No,*,2.1
4/10/2026,2025,Heroin,Locality,Lancaster,51103,No,0,0
4/10/2026,2025,Heroin,Locality,Lee,51105,No,0,0
4/10/2026,2025,Heroin,Locality,Loudoun,51107,No,0,0
4/10/2026,2025,Heroin,Locality,Lunenburg,51111,No,0,0
4/10/2026,2025,Heroin,Locality,Lynchburg,51680,No,*,1
4/10/2026,2025,Heroin,Locality,Madison,51113,No,*,1.8
4/10/2026,2025,Heroin,Locality,Mathews,51115,No,0,0
4/10/2026,2025,Heroin,Locality,Middlesex,51119,No,0,0
4/10/2026,2025,Heroin,Locality,Nelson,51125,No,0,0
4/10/2026,2025,Heroin,Locality,New Kent,51127,No,*,2.1
4/10/2026,2025,Heroin,Locality,Newport News,51700,No,6,0.5
4/10/2026,2025,Heroin,Locality,Norfolk,51710,No,56,3.9
4/10/2026,2025,Heroin,Locality,Northampton,51131,No,0,0
4/10/2026,2025,Heroin,Locality,Nottoway,51135,No,0,0
4/10/2026,2025,Heroin,Locality,Orange,51137,No,0,0
4/10/2026,2025,Heroin,Locality,Page,51139,No,0,0
4/10/2026,2025,Heroin,Locality,Patrick,51141,No,0,0
4/10/2026,2025,Heroin,Locality,Poquoson,51735,No,0,0
4/10/2026,2025,Heroin,Locality,Portsmouth,51740,No,41,5.6
4/10/2026,2025,Heroin,Locality,Powhatan,51145,No,5,4.2
4/10/2026,2025,Heroin,Locality,Prince Edward,51147,No,0,0
4/10/2026,2025,Heroin,Locality,Pulaski,51155,No,9,3.9
4/10/2026,2025,Heroin,Locality,Rappahannock,51157,No,0,0
4/10/2026,2025,Heroin,Locality,Richmond City,51760,No,33,2
4/10/2026,2025,Heroin,Locality,Russell,51167,No,0,0
4/10/2026,2025,Heroin,Locality,Scott,51169,No,0,0
4/10/2026,2025,Heroin,Locality,Shenandoah,51171,No,0,0
4/10/2026,2025,Heroin,Locality,Smyth,51173,No,*,0.5
4/10/2026,2025,Heroin,Locality,Spotsylvania,51177,No,*,0.2
4/10/2026,2025,Heroin,Locality,Stafford,51179,No,*,0.2
4/10/2026,2025,Heroin,Locality,Suffolk,51800,No,*,0.5
4/10/2026,2025,Heroin,Locality,Surry,51181,No,0,0
4/10/2026,2025,Heroin,Locality,Tazewell,51185,No,0,0
4/10/2026,2025,Heroin,State,Virginia,51,-,405,1
4/10/2026,2025,Heroin,Locality,Westmoreland,51193,No,0,0
4/10/2026,2025,Heroin,Locality,Williamsburg,51830,No,0,0
4/10/2026,2025,Heroin,Locality,Wythe,51197,No,*,0.5
4/10/2026,2025,Heroin,Locality,York,51199,No,*,1.2
4/10/2026,2026,Heroin,Locality,Accomack,51001,No,0,0
4/10/2026,2026,Heroin,Locality,Alexandria,51510,No,0,0
4/10/2026,2026,Heroin,Locality,Amherst,51009,No,0,0
4/10/2026,2026,Heroin,Locality,Appomattox,51011,No,0,0
4/10/2026,2026,Heroin,Locality,Arlington,51013,No,0,0
4/10/2026,2026,Heroin,Locality,Bath,51017,No,0,0
4/10/2026,2026,Heroin,Locality,Bedford,51019,No,1,1.4
4/10/2026,2026,Heroin,Locality,Botetourt,51023,No,0,0
4/10/2026,2026,Heroin,Locality,Buchanan,51027,No,0,0
4/10/2026,2026,Heroin,Locality,Buckingham,51029,No,0,0
4/10/2026,2026,Heroin,Locality,Campbell,51031,No,0,0
4/10/2026,2026,Heroin,Locality,Caroline,51033,No,0,0
4/10/2026,2026,Heroin,Locality,Carroll,51035,No,0,0
4/10/2026,2026,Heroin,Locality,Charles City,51036,No,0,0
4/10/2026,2026,Heroin,Locality,Charlotte,51037,No,0,0
4/10/2026,2026,Heroin,Locality,Chesapeake,51550,No,2,0.8
4/10/2026,2026,Heroin,Locality,Clarke,51043,No,0,0
4/10/2026,2026,Heroin,Locality,Craig,51045,No,0,0
4/10/2026,2026,Heroin,Locality,Culpeper,51047,No,1,1.2
4/10/2026,2026,Heroin,Locality,Cumberland,51049,No,0,0
4/10/2026,2026,Heroin,Locality,Dinwiddie,51053,No,0,0
4/10/2026,2026,Heroin,Locality,Essex,51057,No,0,0
4/10/2026,2026,Heroin,Locality,Fauquier,51061,No,0,0
4/10/2026,2026,Heroin,Locality,Floyd,51063,No,0,0
4/10/2026,2026,Heroin,Locality,Fluvanna,51065,No,0,0
4/10/2026,2026,Heroin,Locality,Franklin County,51067,No,1,1.6
4/10/2026,2026,Heroin,Locality,Fredericksburg,51630,No,0,0
4/10/2026,2026,Heroin,Locality,Giles,51071,No,0,0
4/10/2026,2026,Heroin,Locality,Gloucester,51073,No,0,0
4/10/2026,2026,Heroin,Locality,Goochland,51075,No,0,0
4/10/2026,2026,Heroin,Locality,Greene,51079,No,0,0
4/10/2026,2026,Heroin,Locality,Halifax,51083,No,0,0
4/10/2026,2026,Heroin,Locality,Hampton,51650,No,1,0.5
4/10/2026,2026,Heroin,Locality,Hanover,51085,No,0,0
4/10/2026,2026,Heroin,Locality,Henrico,51087,No,6,1.5
4/10/2026,2026,Heroin,Locality,Highland,51091,No,0,0
4/10/2026,2026,Heroin,Locality,Isle of Wight,51093,No,0,0
4/10/2026,2026,Heroin,Locality,James City,51095,No,0,0
4/10/2026,2026,Heroin,Locality,King and Queen,51097,No,0,0
4/10/2026,2026,Heroin,Locality,King George,51099,No,0,0
4/10/2026,2026,Heroin,Locality,King William,51101,No,0,0
4/10/2026,2026,Heroin,Locality,Lancaster,51103,No,0,0
4/10/2026,2026,Heroin,Locality,Lee,51105,No,0,0
4/10/2026,2026,Heroin,Locality,Loudoun,51107,No,0,0
4/10/2026,2026,Heroin,Locality,Louisa,51109,No,1,1.8
4/10/2026,2026,Heroin,Locality,Lunenburg,51111,No,0,0
4/10/2026,2026,Heroin,Locality,Lynchburg,51680,No,1,1
4/10/2026,2026,Heroin,Locality,Madison,51113,No,0,0
4/10/2026,2026,Heroin,Locality,Mecklenburg,51117,No,1,2.3
4/10/2026,2026,Heroin,Locality,Middlesex,51119,No,0,0
4/10/2026,2026,Heroin,Locality,Nelson,51125,No,0,0
4/10/2026,2026,Heroin,Locality,New Kent,51127,No,0,0
4/10/2026,2026,Heroin,Locality,Newport News,51700,No,0,0
4/10/2026,2026,Heroin,Locality,Norfolk,51710,No,4,1.2
4/10/2026,2026,Heroin,Locality,Northampton,51131,No,0,0
4/10/2026,2026,Heroin,Locality,Northumberland,51133,No,0,0
4/10/2026,2026,Heroin,Locality,Orange,51137,No,0,0
4/10/2026,2026,Heroin,Locality,Page,51139,No,0,0
4/10/2026,2026,Heroin,Locality,Patrick,51141,No,0,0
4/10/2026,2026,Heroin,Locality,Poquoson,51735,No,0,0
4/10/2026,2026,Heroin,Locality,Portsmouth,51740,No,5,2.7
4/10/2026,2026,Heroin,Locality,Powhatan,51145,No,0,0
4/10/2026,2026,Heroin,Locality,Prince Edward,51147,No,0,0
4/10/2026,2026,Heroin,Locality,Pulaski,51155,No,1,1.7
4/10/2026,2026,Heroin,Locality,Richmond City,51760,No,10,2.5
4/10/2026,2026,Heroin,Locality,Richmond County,51159,No,0,0
4/10/2026,2026,Heroin,Locality,Russell,51167,No,0,0
4/10/2026,2026,Heroin,Locality,Scott,51169,No,0,0
4/10/2026,2026,Heroin,Locality,Shenandoah,51171,No,0,0
4/10/2026,2026,Heroin,Locality,Smyth,51173,No,0,0
4/10/2026,2026,Heroin,Locality,Spotsylvania,51177,No,0,0
4/10/2026,2026,Heroin,Locality,Stafford,51179,No,1,0.6
4/10/2026,2026,Heroin,Locality,Suffolk,51800,No,2,1.3
4/10/2026,2026,Heroin,Locality,Surry,51181,No,0,0
4/10/2026,2026,Heroin,Locality,Sussex,51183,No,1,4.2
4/10/2026,2026,Heroin,Locality,Tazewell,51185,No,0,0
4/10/2026,2026,Heroin,State,Virginia,51,-,67,0.7
4/10/2026,2026,Heroin,Locality,Virginia Beach,51810,No,7,1.4
4/10/2026,2026,Heroin,Locality,Westmoreland,51193,No,0,0
4/10/2026,2026,Heroin,Locality,Williamsburg,51830,No,0,0
4/10/2026,2026,Heroin,Locality,Wythe,51197,No,0,0
4/10/2026,2021,Opioid,Locality,Amelia,51007,No,15,20
4/10/2026,2021,Opioid,Locality,Amherst,51009,No,45,41.3
4/10/2026,2021,Opioid,Locality,Appomattox,51011,No,21,42
4/10/2026,2021,Opioid,Locality,Arlington,51013,No,118,27.2
4/10/2026,2021,Opioid,Locality,Bath,51017,No,3,11.7
4/10/2026,2021,Opioid,Locality,Bedford,51019,No,89,35.7
4/10/2026,2021,Opioid,Locality,Bland,51021,No,15,62.8
4/10/2026,2021,Opioid,Locality,Campbell,51031,No,36,25.1
4/10/2026,2021,Opioid,Locality,Charles City,51036,No,6,18.4
4/10/2026,2021,Opioid,Locality,Charlotte,51037,No,13,18.8
4/10/2026,2021,Opioid,Locality,Chesapeake,51550,No,299,33.2
4/10/2026,2021,Opioid,Locality,Clarke,51043,No,8,17.8
4/10/2026,2021,Opioid,Locality,Craig,51045,No,5,28.3
4/10/2026,2021,Opioid,Locality,Culpeper,51047,No,108,47.9
4/10/2026,2021,Opioid,Locality,Cumberland,51049,No,7,18
4/10/2026,2021,Opioid,Locality,Dickenson,51051,No,13,14.7
4/10/2026,2021,Opioid,Locality,Dinwiddie,51053,No,32,35.8
4/10/2026,2021,Opioid,Locality,Essex,51057,No,8,10.4
4/10/2026,2021,Opioid,Locality,Floyd,51063,No,14,29.1
4/10/2026,2021,Opioid,Locality,Franklin County,51067,No,76,33.7
4/10/2026,2021,Opioid,Locality,Fredericksburg,51630,No,35,23.4
4/10/2026,2021,Opioid,Locality,Giles,51071,No,28,27.4
4/10/2026,2021,Opioid,Locality,Goochland,51075,No,30,41
4/10/2026,2021,Opioid,Locality,Greene,51079,No,44,40
4/10/2026,2021,Opioid,Locality,Halifax,51083,No,26,14.9
4/10/2026,2021,Opioid,Locality,Hampton,51650,No,170,25.5
4/10/2026,2021,Opioid,Locality,Hanover,51085,No,116,30.4
4/10/2026,2021,Opioid,Locality,Henrico,51087,No,476,38
4/10/2026,2021,Opioid,Locality,Highland,51091,No,1,14.3
4/10/2026,2021,Opioid,Locality,Isle of Wight,51093,No,37,24.7
4/10/2026,2021,Opioid,Locality,James City,51095,No,71,17.6
4/10/2026,2021,Opioid,Locality,King and Queen,51097,No,13,33.7
4/10/2026,2021,Opioid,Locality,King George,51099,No,15,15.8
4/10/2026,2021,Opioid,Locality,King William,51101,No,23,30.6
4/10/2026,2021,Opioid,Locality,Lancaster,51103,No,9,18.6
4/10/2026,2021,Opioid,Locality,Lee,51105,No,21,22.4
4/10/2026,2021,Opioid,Locality,Louisa,51109,No,69,39.9
4/10/2026,2021,Opioid,Locality,Lynchburg,51680,No,127,37.9
4/10/2026,2021,Opioid,Locality,Madison,51113,No,13,29.1
4/10/2026,2021,Opioid,Locality,Mathews,51115,No,5,13
4/10/2026,2021,Opioid,Locality,Mecklenburg,51117,No,35,21.6
4/10/2026,2021,Opioid,Locality,Middlesex,51119,No,12,19.4
4/10/2026,2021,Opioid,Locality,Nelson,51125,No,18,32.2
4/10/2026,2021,Opioid,Locality,New Kent,51127,No,40,36
4/10/2026,2021,Opioid,Locality,Norfolk,51710,No,404,31.4
4/10/2026,2021,Opioid,Locality,Northampton,51131,No,18,29.3
4/10/2026,2021,Opioid,Locality,Northumberland,51133,No,14,17.7
4/10/2026,2021,Opioid,Locality,Nottoway,51135,No,21,20.8
4/10/2026,2021,Opioid,Locality,Orange,51137,No,52,42.1
4/10/2026,2021,Opioid,Locality,Page,51139,No,33,21.4
4/10/2026,2021,Opioid,Locality,Patrick,51141,No,21,65.9
4/10/2026,2021,Opioid,Locality,Portsmouth,51740,No,425,63.3
4/10/2026,2021,Opioid,Locality,Powhatan,51145,No,26,25.9
4/10/2026,2021,Opioid,Locality,Prince Edward,51147,No,30,19.5
4/10/2026,2021,Opioid,Locality,Richmond City,51760,No,1049,69.9
4/10/2026,2021,Opioid,Locality,Richmond County,51159,No,11,23.6
4/10/2026,2021,Opioid,Locality,Russell,51167,No,27,19
4/10/2026,2021,Opioid,Locality,Scott,51169,No,5,30.4
4/10/2026,2021,Opioid,Locality,Shenandoah,51171,No,71,27.8
4/10/2026,2021,Opioid,Locality,Spotsylvania,51177,No,168,28.8
4/10/2026,2021,Opioid,Locality,Suffolk,51800,No,106,22.1
4/10/2026,2021,Opioid,Locality,Surry,51181,No,7,23
4/10/2026,2021,Opioid,Locality,Sussex,51183,No,25,32.2
4/10/2026,2021,Opioid,Locality,Tazewell,51185,No,72,35.4
4/10/2026,2021,Opioid,State,Virginia,51,-,10825,33
4/10/2026,2021,Opioid,Locality,Warren,51187,No,46,21.7
4/10/2026,2021,Opioid,Locality,Westmoreland,51193,No,18,20.1
4/10/2026,2021,Opioid,Locality,Williamsburg,51830,No,1,30.5
4/10/2026,2021,Opioid,Locality,Wythe,51197,No,63,34.6
4/10/2026,2022,Opioid,Locality,Accomack,51001,No,39,21.7
4/10/2026,2022,Opioid,Locality,Alexandria,51510,No,101,23.4
4/10/2026,2022,Opioid,Locality,Amelia,51007,No,14,18.1
4/10/2026,2022,Opioid,Locality,Amherst,51009,No,58,51.4
4/10/2026,2022,Opioid,Locality,Arlington,51013,No,130,26
4/10/2026,2022,Opioid,Locality,Bath,51017,No,8,27.8
4/10/2026,2022,Opioid,Locality,Bedford,51019,No,82,29.7
4/10/2026,2022,Opioid,Locality,Bland,51021,No,14,56.3
4/10/2026,2022,Opioid,Locality,Botetourt,51023,No,42,43.3
4/10/2026,2022,Opioid,Locality,Buchanan,51027,No,54,50.6
4/10/2026,2022,Opioid,Locality,Buckingham,51029,No,25,36.6
4/10/2026,2022,Opioid,Locality,Caroline,51033,No,42,25.6
4/10/2026,2022,Opioid,Locality,Carroll,51035,No,62,75.2
4/10/2026,2022,Opioid,Locality,Charles City,51036,No,5,14.1
4/10/2026,2022,Opioid,Locality,Charlotte,51037,No,23,31.7
4/10/2026,2022,Opioid,Locality,Chesapeake,51550,No,369,38.9
4/10/2026,2022,Opioid,Locality,Clarke,51043,No,4,8.1
4/10/2026,2022,Opioid,Locality,Craig,51045,No,6,33.3
4/10/2026,2022,Opioid,Locality,Culpeper,51047,No,81,25.6
4/10/2026,2022,Opioid,Locality,Cumberland,51049,No,15,36.2
4/10/2026,2022,Opioid,Locality,Dickenson,51051,No,24,24.6
4/10/2026,2022,Opioid,Locality,Dinwiddie,51053,No,20,20.7
4/10/2026,2022,Opioid,Locality,Essex,51057,No,13,15.9
4/10/2026,2022,Opioid,Locality,Fauquier,51061,No,79,30.3
4/10/2026,2022,Opioid,Locality,Floyd,51063,No,12,22.6
4/10/2026,2022,Opioid,Locality,Franklin County,51067,No,68,28.1
4/10/2026,2022,Opioid,Locality,Fredericksburg,51630,No,30,19.9
4/10/2026,2022,Opioid,Locality,Giles,51071,No,30,27.8
4/10/2026,2022,Opioid,Locality,Gloucester,51073,No,53,27.1
4/10/2026,2022,Opioid,Locality,Goochland,51075,No,17,20.2
4/10/2026,2022,Opioid,Locality,Greene,51079,No,24,20.3
4/10/2026,2022,Opioid,Locality,Halifax,51083,No,36,19.2
4/10/2026,2022,Opioid,Locality,Hampton,51650,No,192,27.2
4/10/2026,2022,Opioid,Locality,Hanover,51085,No,117,28.3
4/10/2026,2022,Opioid,Locality,Henrico,51087,No,597,41.6
4/10/2026,2022,Opioid,Locality,Isle of Wight,51093,No,46,27.8
4/10/2026,2022,Opioid,Locality,James City,51095,No,88,19.7
4/10/2026,2022,Opioid,Locality,King and Queen,51097,No,11,27.1
4/10/2026,2022,Opioid,Locality,King George,51099,No,15,15.1
4/10/2026,2022,Opioid,Locality,King William,51101,No,24,28.8
4/10/2026,2022,Opioid,Locality,Lancaster,51103,No,20,36.7
4/10/2026,2022,Opioid,Locality,Loudoun,51107,No,161,14.8
4/10/2026,2022,Opioid,Locality,Lunenburg,51111,No,4,8.8
4/10/2026,2022,Opioid,Locality,Lynchburg,51680,No,158,43.5
4/10/2026,2022,Opioid,Locality,Madison,51113,No,19,35
4/10/2026,2022,Opioid,Locality,Mathews,51115,No,2,5
4/10/2026,2022,Opioid,Locality,Mecklenburg,51117,No,38,22.7
4/10/2026,2022,Opioid,Locality,Middlesex,51119,No,15,23.1
4/10/2026,2022,Opioid,Locality,Nelson,51125,No,30,50.5
4/10/2026,2022,Opioid,Locality,New Kent,51127,No,30,23.2
4/10/2026,2022,Opioid,Locality,Newport News,51700,No,376,35.9
4/10/2026,2022,Opioid,Locality,Norfolk,51710,No,549,40.7
4/10/2026,2022,Opioid,Locality,Northampton,51131,No,16,24
4/10/2026,2022,Opioid,Locality,Nottoway,51135,No,19,18.4
4/10/2026,2022,Opioid,Locality,Orange,51137,No,48,32.2
4/10/2026,2022,Opioid,Locality,Patrick,51141,No,25,70.7
4/10/2026,2022,Opioid,Locality,Poquoson,51735,No,24,58.2
4/10/2026,2022,Opioid,Locality,Portsmouth,51740,No,563,81.1
4/10/2026,2022,Opioid,Locality,Prince Edward,51147,No,36,22
4/10/2026,2022,Opioid,Locality,Pulaski,51155,No,66,30.5
4/10/2026,2022,Opioid,Locality,Rappahannock,51157,No,5,23.1
4/10/2026,2022,Opioid,Locality,Richmond City,51760,No,1072,68
4/10/2026,2022,Opioid,Locality,Russell,51167,No,28,18.7
4/10/2026,2022,Opioid,Locality,Scott,51169,No,7,33.5
4/10/2026,2022,Opioid,Locality,Shenandoah,51171,No,64,23.2
4/10/2026,2022,Opioid,Locality,Smyth,51173,No,48,23.1
4/10/2026,2022,Opioid,Locality,Spotsylvania,51177,No,139,22.4
4/10/2026,2022,Opioid,Locality,Stafford,51179,No,86,15.5
4/10/2026,2022,Opioid,Locality,Suffolk,51800,No,131,24.2
4/10/2026,2022,Opioid,Locality,Surry,51181,No,9,28.6
4/10/2026,2022,Opioid,Locality,Sussex,51183,No,22,26.8
4/10/2026,2022,Opioid,State,Virginia,51,-,11503,32.2
4/10/2026,2022,Opioid,Locality,Warren,51187,No,38,16.8
4/10/2026,2022,Opioid,Locality,Westmoreland,51193,No,18,19
4/10/2026,2022,Opioid,Locality,Williamsburg,51830,No,0,0
4/10/2026,2022,Opioid,Locality,Wythe,51197,No,74,36.6
4/10/2026,2022,Opioid,Locality,York,51199,No,46,30.8
4/10/2026,2023,Opioid,Locality,Accomack,51001,No,43,23
4/10/2026,2023,Opioid,Locality,Alexandria,51510,No,110,24
4/10/2026,2023,Opioid,Locality,Amelia,51007,No,5,6.1
4/10/2026,2023,Opioid,Locality,Amherst,51009,No,63,57.7
4/10/2026,2023,Opioid,Locality,Arlington,51013,No,119,22.6
4/10/2026,2023,Opioid,Locality,Bedford,51019,No,66,24.6
4/10/2026,2023,Opioid,Locality,Bland,51021,No,13,46.8
4/10/2026,2023,Opioid,Locality,Botetourt,51023,No,34,29.7
4/10/2026,2023,Opioid,Locality,Brunswick,51025,No,23,24.2
4/10/2026,2023,Opioid,Locality,Buckingham,51029,No,23,34.2
4/10/2026,2023,Opioid,Locality,Campbell,51031,No,44,29.9
4/10/2026,2023,Opioid,Locality,Caroline,51033,No,37,21.4
4/10/2026,2023,Opioid,Locality,Charlotte,51037,No,24,34.1
4/10/2026,2023,Opioid,Locality,Chesapeake,51550,No,340,33.7
4/10/2026,2023,Opioid,Locality,Craig,51045,No,3,16.1
4/10/2026,2023,Opioid,Locality,Dickenson,51051,No,27,28
4/10/2026,2023,Opioid,Locality,Essex,51057,No,14,16.6
4/10/2026,2023,Opioid,Locality,Fauquier,51061,No,54,19.7
4/10/2026,2023,Opioid,Locality,Fluvanna,51065,No,25,27.2
4/10/2026,2023,Opioid,Locality,Fredericksburg,51630,No,38,23.3
4/10/2026,2023,Opioid,Locality,Giles,51071,No,25,22.2
4/10/2026,2023,Opioid,Locality,Goochland,51075,No,16,18.3
4/10/2026,2023,Opioid,Locality,Greene,51079,No,28,22.2
4/10/2026,2023,Opioid,Locality,Hampton,51650,No,210,28.6
4/10/2026,2023,Opioid,Locality,Hanover,51085,No,102,23.1
4/10/2026,2023,Opioid,Locality,Henrico,51087,No,606,40.1
4/10/2026,2023,Opioid,Locality,Highland,51091,No,0,0
4/10/2026,2023,Opioid,Locality,Isle of Wight,51093,No,55,32
4/10/2026,2023,Opioid,Locality,James City,51095,No,103,22.5
4/10/2026,2023,Opioid,Locality,King and Queen,51097,No,9,21.8
4/10/2026,2023,Opioid,Locality,King George,51099,No,17,16.1
4/10/2026,2023,Opioid,Locality,King William,51101,No,18,20.3
4/10/2026,2023,Opioid,Locality,Lancaster,51103,No,19,31.7
4/10/2026,2023,Opioid,Locality,Lee,51105,No,31,22.5
4/10/2026,2023,Opioid,Locality,Lynchburg,51680,No,149,43.1
4/10/2026,2023,Opioid,Locality,Mathews,51115,No,10,24.9
4/10/2026,2023,Opioid,Locality,Mecklenburg,51117,No,39,22.4
4/10/2026,2023,Opioid,Locality,Middlesex,51119,No,5,7.5
4/10/2026,2023,Opioid,Locality,New Kent,51127,No,30,21.8
4/10/2026,2023,Opioid,Locality,Newport News,51700,No,350,32.2
4/10/2026,2023,Opioid,Locality,Nottoway,51135,No,17,15.9
4/10/2026,2023,Opioid,Locality,Orange,51137,No,33,19.7
4/10/2026,2023,Opioid,Locality,Page,51139,No,33,18.7
4/10/2026,2023,Opioid,Locality,Patrick,51141,No,23,60.7
4/10/2026,2023,Opioid,Locality,Poquoson,51735,No,9,21.4
4/10/2026,2023,Opioid,Locality,Portsmouth,51740,No,583,80.3
4/10/2026,2023,Opioid,Locality,Prince Edward,51147,No,29,18.9
4/10/2026,2023,Opioid,Locality,Pulaski,51155,No,88,39.1
4/10/2026,2023,Opioid,Locality,Rappahannock,51157,No,3,12.8
4/10/2026,2023,Opioid,Locality,Richmond City,51760,No,1066,66.3
4/10/2026,2023,Opioid,Locality,Richmond County,51159,No,11,20.7
4/10/2026,2023,Opioid,Locality,Scott,51169,No,5,26.2
4/10/2026,2023,Opioid,Locality,Shenandoah,51171,No,66,23.2
4/10/2026,2023,Opioid,Locality,Smyth,51173,No,58,29.7
4/10/2026,2023,Opioid,Locality,Stafford,51179,No,72,12
4/10/2026,2023,Opioid,Locality,Suffolk,51800,No,130,22.2
4/10/2026,2023,Opioid,Locality,Surry,51181,No,8,23.6
4/10/2026,2023,Opioid,Locality,Sussex,51183,No,44,47.7
4/10/2026,2023,Opioid,Locality,Tazewell,51185,No,71,31.8
4/10/2026,2023,Opioid,State,Virginia,51,-,11306,30
4/10/2026,2023,Opioid,Locality,Virginia Beach,51810,No,411,22.2
4/10/2026,2023,Opioid,Locality,Warren,51187,No,45,19.4
4/10/2026,2023,Opioid,Locality,Westmoreland,51193,No,10,10
4/10/2026,2023,Opioid,Locality,Williamsburg,51830,No,2,71.7
4/10/2026,2023,Opioid,Locality,Wythe,51197,No,78,39.9
4/10/2026,2023,Opioid,Locality,York,51199,No,53,33.3
4/10/2026,2024,Opioid,Locality,Accomack,51001,No,22,11.5
4/10/2026,2024,Opioid,Locality,Alexandria,51510,No,107,22.6
4/10/2026,2024,Opioid,Locality,Amherst,51009,No,35,29.8
4/10/2026,2024,Opioid,Locality,Appomattox,51011,No,11,18.9
4/10/2026,2024,Opioid,Locality,Arlington,51013,No,116,22
4/10/2026,2024,Opioid,Locality,Bath,51017,No,0,0
4/10/2026,2024,Opioid,Locality,Bedford,51019,No,74,25.4
4/10/2026,2024,Opioid,Locality,Botetourt,51023,No,18,15.3
4/10/2026,2024,Opioid,Locality,Brunswick,51025,No,16,15.6
4/10/2026,2024,Opioid,Locality,Buchanan,51027,No,53,46.9
4/10/2026,2024,Opioid,Locality,Buckingham,51029,No,22,32.6
4/10/2026,2024,Opioid,Locality,Campbell,51031,No,34,20.6
4/10/2026,2024,Opioid,Locality,Caroline,51033,No,18,9.8
4/10/2026,2024,Opioid,Locality,Carroll,51035,No,32,37.7
4/10/2026,2024,Opioid,Locality,Charles City,51036,No,2,5.1
4/10/2026,2024,Opioid,Locality,Charlotte,51037,No,14,19.6
4/10/2026,2024,Opioid,Locality,Chesapeake,51550,No,243,23
4/10/2026,2024,Opioid,Locality,Clarke,51043,No,10,18.7
4/10/2026,2024,Opioid,Locality,Culpeper,51047,No,43,12.8
4/10/2026,2024,Opioid,Locality,Cumberland,51049,No,4,9.2
4/10/2026,2024,Opioid,Locality,Dinwiddie,51053,No,12,10.8
4/10/2026,2024,Opioid,Locality,Essex,51057,No,8,9.5
4/10/2026,2024,Opioid,Locality,Fauquier,51061,No,59,20.8
4/10/2026,2024,Opioid,Locality,Floyd,51063,No,9,14.4
4/10/2026,2024,Opioid,Locality,Fluvanna,51065,No,24,24.7
4/10/2026,2024,Opioid,Locality,Fredericksburg,51630,No,28,15.5
4/10/2026,2024,Opioid,Locality,Gloucester,51073,No,18,8.7
4/10/2026,2024,Opioid,Locality,Goochland,51075,No,15,16.5
4/10/2026,2024,Opioid,Locality,Greene,51079,No,12,9.4
4/10/2026,2024,Opioid,Locality,Halifax,51083,No,29,15
4/10/2026,2024,Opioid,Locality,Hampton,51650,No,155,20.2
4/10/2026,2024,Opioid,Locality,Hanover,51085,No,81,17.4
4/10/2026,2024,Opioid,Locality,Henrico,51087,No,463,29.6
4/10/2026,2024,Opioid,Locality,Highland,51091,No,0,0
4/10/2026,2024,Opioid,Locality,Isle of Wight,51093,No,24,13.3
4/10/2026,2024,Opioid,Locality,King and Queen,51097,No,1,2.4
4/10/2026,2024,Opioid,Locality,King George,51099,No,16,14.4
4/10/2026,2024,Opioid,Locality,King William,51101,No,18,19.2
4/10/2026,2024,Opioid,Locality,Lancaster,51103,No,5,8.1
4/10/2026,2024,Opioid,Locality,Lee,51105,No,35,26.1
4/10/2026,2024,Opioid,Locality,Loudoun,51107,No,152,12.9
4/10/2026,2024,Opioid,Locality,Louisa,51109,No,45,20.8
4/10/2026,2024,Opioid,Locality,Lunenburg,51111,No,10,20.4
4/10/2026,2024,Opioid,Locality,Mathews,51115,No,5,11.7
4/10/2026,2024,Opioid,Locality,Middlesex,51119,No,9,13
4/10/2026,2024,Opioid,Locality,Nelson,51125,No,7,10.9
4/10/2026,2024,Opioid,Locality,Newport News,51700,No,276,24.5
4/10/2026,2024,Opioid,Locality,Norfolk,51710,No,388,27.1
4/10/2026,2024,Opioid,Locality,Northampton,51131,No,8,10.6
4/10/2026,2024,Opioid,Locality,Northumberland,51133,No,9,9.6
4/10/2026,2024,Opioid,Locality,Orange,51137,No,33,18.2
4/10/2026,2024,Opioid,Locality,Page,51139,No,18,10.1
4/10/2026,2024,Opioid,Locality,Patrick,51141,No,15,35.5
4/10/2026,2024,Opioid,Locality,Poquoson,51735,No,2,4.8
4/10/2026,2024,Opioid,Locality,Portsmouth,51740,No,363,48.7
4/10/2026,2024,Opioid,Locality,Powhatan,51145,No,26,21.8
4/10/2026,2024,Opioid,Locality,Prince Edward,51147,No,21,13.1
4/10/2026,2024,Opioid,Locality,Rappahannock,51157,No,7,29
4/10/2026,2024,Opioid,Locality,Richmond City,51760,No,720,43.2
4/10/2026,2024,Opioid,Locality,Russell,51167,No,29,20.3
4/10/2026,2024,Opioid,Locality,Scott,51169,No,7,39.1
4/10/2026,2024,Opioid,Locality,Shenandoah,51171,No,34,12.2
4/10/2026,2024,Opioid,Locality,Smyth,51173,No,43,22
4/10/2026,2024,Opioid,Locality,Spotsylvania,51177,No,90,11.1
4/10/2026,2024,Opioid,Locality,Suffolk,51800,No,111,18
4/10/2026,2024,Opioid,Locality,Surry,51181,No,3,8.5
4/10/2026,2024,Opioid,Locality,Sussex,51183,No,32,35
4/10/2026,2024,Opioid,Locality,Tazewell,51185,No,82,34.5
4/10/2026,2024,Opioid,State,Virginia,51,-,8580,22
4/10/2026,2024,Opioid,Locality,Virginia Beach,51810,No,353,18.1
4/10/2026,2024,Opioid,Locality,Westmoreland,51193,No,13,12.8
4/10/2026,2024,Opioid,Locality,Williamsburg,51830,No,0,0
4/10/2026,2024,Opioid,Locality,Wythe,51197,No,49,23.8
4/10/2026,2025,Opioid,Locality,Accomack,51001,No,23,12.3
4/10/2026,2025,Opioid,Locality,Alexandria,51510,No,83,17.3
4/10/2026,2025,Opioid,Locality,Amelia,51007,No,7,8.6
4/10/2026,2025,Opioid,Locality,Arlington,51013,No,113,21.4
4/10/2026,2025,Opioid,Locality,Bath,51017,No,*,5.9
4/10/2026,2025,Opioid,Locality,Bedford,51019,No,66,23.2
4/10/2026,2025,Opioid,Locality,Bland,51021,No,7,24.7
4/10/2026,2025,Opioid,Locality,Brunswick,51025,No,11,11.2
4/10/2026,2025,Opioid,Locality,Buckingham,51029,No,10,14.2
4/10/2026,2025,Opioid,Locality,Campbell,51031,No,37,22.7
4/10/2026,2025,Opioid,Locality,Charles City,51036,No,*,5.5
4/10/2026,2025,Opioid,Locality,Chesapeake,51550,No,236,21.9
4/10/2026,2025,Opioid,Locality,Clarke,51043,No,8,14.4
4/10/2026,2025,Opioid,Locality,Craig,51045,No,6,30
4/10/2026,2025,Opioid,Locality,Culpeper,51047,No,38,11.2
4/10/2026,2025,Opioid,Locality,Cumberland,51049,No,7,16.7
4/10/2026,2025,Opioid,Locality,Dickenson,51051,No,13,14.1
4/10/2026,2025,Opioid,Locality,Dinwiddie,51053,No,21,17.1
4/10/2026,2025,Opioid,Locality,Essex,51057,No,*,3.7
4/10/2026,2025,Opioid,Locality,Fauquier,51061,No,35,12.1
4/10/2026,2025,Opioid,Locality,Floyd,51063,No,13,19.5
4/10/2026,2025,Opioid,Locality,Fluvanna,51065,No,25,24.8
4/10/2026,2025,Opioid,Locality,Fredericksburg,51630,No,14,7.4
4/10/2026,2025,Opioid,Locality,Giles,51071,No,19,16.6
4/10/2026,2025,Opioid,Locality,Gloucester,51073,No,29,14
4/10/2026,2025,Opioid,Locality,Goochland,51075,No,13,13.7
4/10/2026,2025,Opioid,Locality,Greene,51079,No,27,20.6
4/10/2026,2025,Opioid,Locality,Halifax,51083,No,26,13.7
4/10/2026,2025,Opioid,Locality,Henrico,51087,No,404,25.6
4/10/2026,2025,Opioid,Locality,Highland,51091,No,0,0
4/10/2026,2025,Opioid,Locality,Isle of Wight,51093,No,18,9.7
4/10/2026,2025,Opioid,Locality,James City,51095,No,49,10.2
4/10/2026,2025,Opioid,Locality,King and Queen,51097,No,*,4.7
4/10/2026,2025,Opioid,Locality,King George,51099,No,6,5.1
4/10/2026,2025,Opioid,Locality,King William,51101,No,17,17.9
4/10/2026,2025,Opioid,Locality,Lee,51105,No,33,24.6
4/10/2026,2025,Opioid,Locality,Loudoun,51107,No,144,11.7
4/10/2026,2025,Opioid,Locality,Louisa,51109,No,42,19.2
4/10/2026,2025,Opioid,Locality,Lynchburg,51680,No,134,33.6
4/10/2026,2025,Opioid,Locality,Madison,51113,No,9,15.9
4/10/2026,2025,Opioid,Locality,Mathews,51115,No,5,12.2
4/10/2026,2025,Opioid,Locality,Mecklenburg,51117,No,28,16
4/10/2026,2025,Opioid,Locality,Nelson,51125,No,13,19.5
4/10/2026,2025,Opioid,Locality,Newport News,51700,No,190,16.9
4/10/2026,2025,Opioid,Locality,Norfolk,51710,No,283,19.8
4/10/2026,2025,Opioid,Locality,Northumberland,51133,No,10,10.2
4/10/2026,2025,Opioid,Locality,Orange,51137,No,17,9.2
4/10/2026,2025,Opioid,Locality,Portsmouth,51740,No,277,37.6
4/10/2026,2025,Opioid,Locality,Powhatan,51145,No,19,16.1
4/10/2026,2025,Opioid,Locality,Pulaski,51155,No,83,36.1
4/10/2026,2025,Opioid,Locality,Rappahannock,51157,No,*,4.1
4/10/2026,2025,Opioid,Locality,Richmond City,51760,No,669,39.9
4/10/2026,2025,Opioid,Locality,Richmond County,51159,No,5,10.2
4/10/2026,2025,Opioid,Locality,Russell,51167,No,31,21.7
4/10/2026,2025,Opioid,Locality,Shenandoah,51171,No,41,14.9
4/10/2026,2025,Opioid,Locality,Smyth,51173,No,37,18.9
4/10/2026,2025,Opioid,Locality,Spotsylvania,51177,No,81,9.7
4/10/2026,2025,Opioid,Locality,Stafford,51179,No,52,8.1
4/10/2026,2025,Opioid,Locality,Suffolk,51800,No,81,13
4/10/2026,2025,Opioid,Locality,Surry,51181,No,*,2.9
4/10/2026,2025,Opioid,Locality,Tazewell,51185,No,53,22.6
4/10/2026,2025,Opioid,State,Virginia,51,-,7571,19.1
4/10/2026,2025,Opioid,Locality,Virginia Beach,51810,No,275,13.9
4/10/2026,2025,Opioid,Locality,Westmoreland,51193,No,12,11.7
4/10/2026,2025,Opioid,Locality,Williamsburg,51830,No,*,31.8
4/10/2026,2025,Opioid,Locality,Wythe,51197,No,38,17.5
4/10/2026,2026,Opioid,Locality,Accomack,51001,No,3,6.8
4/10/2026,2026,Opioid,Locality,Alexandria,51510,No,15,12.6
4/10/2026,2026,Opioid,Locality,Amelia,51007,No,2,10.4
4/10/2026,2026,Opioid,Locality,Amherst,51009,No,8,28
4/10/2026,2026,Opioid,Locality,Appomattox,51011,No,2,14.1
4/10/2026,2026,Opioid,Locality,Bath,51017,No,0,0
4/10/2026,2026,Opioid,Locality,Bedford,51019,No,6,8.3
4/10/2026,2026,Opioid,Locality,Bland,51021,No,3,43.2
4/10/2026,2026,Opioid,Locality,Botetourt,51023,No,10,34.1
4/10/2026,2026,Opioid,Locality,Brunswick,51025,No,5,21.5
4/10/2026,2026,Opioid,Locality,Buchanan,51027,No,6,23.6
4/10/2026,2026,Opioid,Locality,Campbell,51031,No,6,15
4/10/2026,2026,Opioid,Locality,Caroline,51033,No,7,14.9
4/10/2026,2026,Opioid,Locality,Carroll,51035,No,5,22.5
4/10/2026,2026,Opioid,Locality,Charles City,51036,No,2,22
4/10/2026,2026,Opioid,Locality,Charlotte,51037,No,3,18.1
4/10/2026,2026,Opioid,Locality,Clarke,51043,No,2,15.5
4/10/2026,2026,Opioid,Locality,Craig,51045,No,0,0
4/10/2026,2026,Opioid,Locality,Cumberland,51049,No,1,9.5
4/10/2026,2026,Opioid,Locality,Dickenson,51051,No,2,9.1
4/10/2026,2026,Opioid,Locality,Dinwiddie,51053,No,3,10.1
4/10/2026,2026,Opioid,Locality,Essex,51057,No,2,10.5
4/10/2026,2026,Opioid,Locality,Fauquier,51061,No,11,15.6
4/10/2026,2026,Opioid,Locality,Floyd,51063,No,1,5.9
4/10/2026,2026,Opioid,Locality,Franklin County,51067,No,6,9.3
4/10/2026,2026,Opioid,Locality,Giles,51071,No,2,7.3
4/10/2026,2026,Opioid,Locality,Gloucester,51073,No,4,7.8
4/10/2026,2026,Opioid,Locality,Goochland,51075,No,0,0
4/10/2026,2026,Opioid,Locality,Greene,51079,No,7,21.2
4/10/2026,2026,Opioid,Locality,Halifax,51083,No,7,15.7
4/10/2026,2026,Opioid,Locality,Hampton,51650,No,23,12.1
4/10/2026,2026,Opioid,Locality,Henrico,51087,No,76,19.6
4/10/2026,2026,Opioid,Locality,Highland,51091,No,2,87.3
4/10/2026,2026,Opioid,Locality,James City,51095,No,10,8.1
4/10/2026,2026,Opioid,Locality,King George,51099,No,1,3.5
4/10/2026,2026,Opioid,Locality,King William,51101,No,1,4.4
4/10/2026,2026,Opioid,Locality,Lee,51105,No,8,26.2
4/10/2026,2026,Opioid,Locality,Loudoun,51107,No,33,11.7
4/10/2026,2026,Opioid,Locality,Louisa,51109,No,4,7.4
4/10/2026,2026,Opioid,Locality,Lunenburg,51111,No,0,0
4/10/2026,2026,Opioid,Locality,Lynchburg,51680,No,34,34.8
4/10/2026,2026,Opioid,Locality,Madison,51113,No,1,7.6
4/10/2026,2026,Opioid,Locality,Mathews,51115,No,1,10.2
4/10/2026,2026,Opioid,Locality,Mecklenburg,51117,No,6,13.8
4/10/2026,2026,Opioid,Locality,Nelson,51125,No,1,5.9
4/10/2026,2026,Opioid,Locality,Newport News,51700,No,40,14.2
4/10/2026,2026,Opioid,Locality,Norfolk,51710,No,58,16.8
4/10/2026,2026,Opioid,Locality,Northampton,51131,No,1,5.5
4/10/2026,2026,Opioid,Locality,Northumberland,51133,No,3,11.7
4/10/2026,2026,Opioid,Locality,Nottoway,51135,No,2,7.6
4/10/2026,2026,Opioid,Locality,Orange,51137,No,2,4.3
4/10/2026,2026,Opioid,Locality,Patrick,51141,No,1,16.2
4/10/2026,2026,Opioid,Locality,Portsmouth,51740,No,66,36.2
4/10/2026,2026,Opioid,Locality,Prince Edward,51147,No,4,10
4/10/2026,2026,Opioid,Locality,Pulaski,51155,No,12,20.9
4/10/2026,2026,Opioid,Locality,Rappahannock,51157,No,0,0
4/10/2026,2026,Opioid,Locality,Richmond City,51760,No,110,27.3
4/10/2026,2026,Opioid,Locality,Richmond County,51159,No,1,8.2
4/10/2026,2026,Opioid,Locality,Russell,51167,No,4,11.7
4/10/2026,2026,Opioid,Locality,Scott,51169,No,3,63.8
4/10/2026,2026,Opioid,Locality,Smyth,51173,No,6,11.8
4/10/2026,2026,Opioid,Locality,Spotsylvania,51177,No,13,6.5
4/10/2026,2026,Opioid,Locality,Stafford,51179,No,10,6.3
4/10/2026,2026,Opioid,Locality,Suffolk,51800,No,18,11.8
4/10/2026,2026,Opioid,Locality,Surry,51181,No,0,0
4/10/2026,2026,Opioid,Locality,Sussex,51183,No,4,16.9
4/10/2026,2026,Opioid,Locality,Tazewell,51185,No,16,28.1
4/10/2026,2026,Opioid,State,Virginia,51,-,1581,16.4
4/10/2026,2026,Opioid,Locality,Virginia Beach,51810,No,78,15.3
4/10/2026,2026,Opioid,Locality,Warren,51187,No,4,7.5
4/10/2026,2026,Opioid,Locality,Williamsburg,51830,No,0,0
4/10/2026,2026,Opioid,Locality,Wythe,51197,No,6,11.5
4/10/2026,2021,Stimulant,Locality,Accomack,51001,No,4,2.6
4/10/2026,2021,Stimulant,Locality,Alexandria,51510,No,4,1
4/10/2026,2021,Stimulant,Locality,Amelia,51007,No,0,0
4/10/2026,2021,Stimulant,Locality,Amherst,51009,No,13,11.9
4/10/2026,2021,Stimulant,Locality,Appomattox,51011,No,4,8
4/10/2026,2021,Stimulant,Locality,Arlington,51013,No,8,1.8
4/10/2026,2021,Stimulant,Locality,Bath,51017,No,0,0
4/10/2026,2021,Stimulant,Locality,Botetourt,51023,No,0,0
4/10/2026,2021,Stimulant,Locality,Brunswick,51025,No,2,2.2
4/10/2026,2021,Stimulant,Locality,Buchanan,51027,No,14,13.7
4/10/2026,2021,Stimulant,Locality,Caroline,51033,No,2,1.3
4/10/2026,2021,Stimulant,Locality,Carroll,51035,No,1,1.3
4/10/2026,2021,Stimulant,Locality,Charles City,51036,No,1,3.1
4/10/2026,2021,Stimulant,Locality,Chesapeake,51550,No,17,1.9
4/10/2026,2021,Stimulant,Locality,Clarke,51043,No,0,0
4/10/2026,2021,Stimulant,Locality,Craig,51045,No,1,5.7
4/10/2026,2021,Stimulant,Locality,Culpeper,51047,No,7,3.1
4/10/2026,2021,Stimulant,Locality,Cumberland,51049,No,0,0
4/10/2026,2021,Stimulant,Locality,Dinwiddie,51053,No,3,3.4
4/10/2026,2021,Stimulant,Locality,Essex,51057,No,1,1.3
4/10/2026,2021,Stimulant,Locality,Fauquier,51061,No,7,2.8
4/10/2026,2021,Stimulant,Locality,Franklin County,51067,No,6,2.7
4/10/2026,2021,Stimulant,Locality,Fredericksburg,51630,No,2,1.3
4/10/2026,2021,Stimulant,Locality,Giles,51071,No,7,6.8
4/10/2026,2021,Stimulant,Locality,Gloucester,51073,No,2,1.1
4/10/2026,2021,Stimulant,Locality,Goochland,51075,No,1,1.4
4/10/2026,2021,Stimulant,Locality,Greene,51079,No,2,1.8
4/10/2026,2021,Stimulant,Locality,Halifax,51083,No,8,4.6
4/10/2026,2021,Stimulant,Locality,Hampton,51650,No,3,0.5
4/10/2026,2021,Stimulant,Locality,Henrico,51087,No,50,4
4/10/2026,2021,Stimulant,Locality,Isle of Wight,51093,No,1,0.7
4/10/2026,2021,Stimulant,Locality,King and Queen,51097,No,1,2.6
4/10/2026,2021,Stimulant,Locality,King George,51099,No,2,2.1
4/10/2026,2021,Stimulant,Locality,King William,51101,No,2,2.7
4/10/2026,2021,Stimulant,Locality,Lee,51105,No,5,5.3
4/10/2026,2021,Stimulant,Locality,Loudoun,51107,No,18,1.9
4/10/2026,2021,Stimulant,Locality,Louisa,51109,No,1,0.6
4/10/2026,2021,Stimulant,Locality,Lunenburg,51111,No,2,4.4
4/10/2026,2021,Stimulant,Locality,Madison,51113,No,0,0
4/10/2026,2021,Stimulant,Locality,Mecklenburg,51117,No,7,4.3
4/10/2026,2021,Stimulant,Locality,Middlesex,51119,No,0,0
4/10/2026,2021,Stimulant,Locality,Nelson,51125,No,2,3.6
4/10/2026,2021,Stimulant,Locality,New Kent,51127,No,0,0
4/10/2026,2021,Stimulant,Locality,Newport News,51700,No,14,1.4
4/10/2026,2021,Stimulant,Locality,Norfolk,51710,No,15,1.2
4/10/2026,2021,Stimulant,Locality,Northampton,51131,No,0,0
4/10/2026,2021,Stimulant,Locality,Northumberland,51133,No,0,0
4/10/2026,2021,Stimulant,Locality,Nottoway,51135,No,9,8.9
4/10/2026,2021,Stimulant,Locality,Orange,51137,No,1,0.8
4/10/2026,2021,Stimulant,Locality,Page,51139,No,2,1.3
4/10/2026,2021,Stimulant,Locality,Patrick,51141,No,9,28.2
4/10/2026,2021,Stimulant,Locality,Prince Edward,51147,No,6,3.9
4/10/2026,2021,Stimulant,Locality,Pulaski,51155,No,18,9.2
4/10/2026,2021,Stimulant,Locality,Rappahannock,51157,No,0,0
4/10/2026,2021,Stimulant,Locality,Richmond City,51760,No,134,8.9
4/10/2026,2021,Stimulant,Locality,Russell,51167,No,9,6.3
4/10/2026,2021,Stimulant,Locality,Smyth,51173,No,7,3.7
4/10/2026,2021,Stimulant,Locality,Spotsylvania,51177,No,10,1.7
4/10/2026,2021,Stimulant,Locality,Stafford,51179,No,5,1
4/10/2026,2021,Stimulant,Locality,Surry,51181,No,0,0
4/10/2026,2021,Stimulant,Locality,Tazewell,51185,No,12,5.9
4/10/2026,2021,Stimulant,State,Virginia,51,-,1001,3
4/10/2026,2021,Stimulant,Locality,Virginia Beach,51810,No,17,1
4/10/2026,2021,Stimulant,Locality,Westmoreland,51193,No,1,1.1
4/10/2026,2021,Stimulant,Locality,Williamsburg,51830,No,0,0
4/10/2026,2021,Stimulant,Locality,Wythe,51197,No,4,2.2
4/10/2026,2021,Stimulant,Locality,York,51199,No,1,0.7
4/10/2026,2022,Stimulant,Locality,Accomack,51001,No,3,1.7
4/10/2026,2022,Stimulant,Locality,Alexandria,51510,No,8,1.9
4/10/2026,2022,Stimulant,Locality,Amelia,51007,No,2,2.6
4/10/2026,2022,Stimulant,Locality,Amherst,51009,No,11,9.7
4/10/2026,2022,Stimulant,Locality,Arlington,51013,No,10,2
4/10/2026,2022,Stimulant,Locality,Bath,51017,No,1,3.5
4/10/2026,2022,Stimulant,Locality,Bedford,51019,No,22,8
4/10/2026,2022,Stimulant,Locality,Bland,51021,No,0,0
4/10/2026,2022,Stimulant,Locality,Botetourt,51023,No,5,5.2
4/10/2026,2022,Stimulant,Locality,Brunswick,51025,No,6,6.5
4/10/2026,2022,Stimulant,Locality,Buchanan,51027,No,16,15
4/10/2026,2022,Stimulant,Locality,Buckingham,51029,No,1,1.5
4/10/2026,2022,Stimulant,Locality,Campbell,51031,No,11,7.3
4/10/2026,2022,Stimulant,Locality,Caroline,51033,No,2,1.2
4/10/2026,2022,Stimulant,Locality,Chesapeake,51550,No,13,1.4
4/10/2026,2022,Stimulant,Locality,Clarke,51043,No,0,0
4/10/2026,2022,Stimulant,Locality,Culpeper,51047,No,6,1.9
4/10/2026,2022,Stimulant,Locality,Cumberland,51049,No,1,2.4
4/10/2026,2022,Stimulant,Locality,Dickenson,51051,No,0,0
4/10/2026,2022,Stimulant,Locality,Dinwiddie,51053,No,1,1
4/10/2026,2022,Stimulant,Locality,Fauquier,51061,No,8,3.1
4/10/2026,2022,Stimulant,Locality,Floyd,51063,No,1,1.9
4/10/2026,2022,Stimulant,Locality,Fluvanna,51065,No,0,0
4/10/2026,2022,Stimulant,Locality,Franklin County,51067,No,12,5
4/10/2026,2022,Stimulant,Locality,Fredericksburg,51630,No,3,2
4/10/2026,2022,Stimulant,Locality,Gloucester,51073,No,2,1
4/10/2026,2022,Stimulant,Locality,Goochland,51075,No,2,2.4
4/10/2026,2022,Stimulant,Locality,Greene,51079,No,0,0
4/10/2026,2022,Stimulant,Locality,Halifax,51083,No,3,1.6
4/10/2026,2022,Stimulant,Locality,Hanover,51085,No,8,1.9
4/10/2026,2022,Stimulant,Locality,Henrico,51087,No,42,2.9
4/10/2026,2022,Stimulant,Locality,Isle of Wight,51093,No,4,2.4
4/10/2026,2022,Stimulant,Locality,James City,51095,No,5,1.1
4/10/2026,2022,Stimulant,Locality,King and Queen,51097,No,0,0
4/10/2026,2022,Stimulant,Locality,King George,51099,No,0,0
4/10/2026,2022,Stimulant,Locality,Lancaster,51103,No,0,0
4/10/2026,2022,Stimulant,Locality,Lee,51105,No,2,1.5
4/10/2026,2022,Stimulant,Locality,Loudoun,51107,No,7,0.6
4/10/2026,2022,Stimulant,Locality,Louisa,51109,No,4,2.1
4/10/2026,2022,Stimulant,Locality,Lynchburg,51680,No,27,7.4
4/10/2026,2022,Stimulant,Locality,Madison,51113,No,1,1.8
4/10/2026,2022,Stimulant,Locality,Mecklenburg,51117,No,8,4.8
4/10/2026,2022,Stimulant,Locality,Middlesex,51119,No,1,1.5
4/10/2026,2022,Stimulant,Locality,Nelson,51125,No,1,1.7
4/10/2026,2022,Stimulant,Locality,New Kent,51127,No,5,3.9
4/10/2026,2022,Stimulant,Locality,Norfolk,51710,No,24,1.8
4/10/2026,2022,Stimulant,Locality,Northumberland,51133,No,1,1.1
4/10/2026,2022,Stimulant,Locality,Nottoway,51135,No,5,4.9
4/10/2026,2022,Stimulant,Locality,Orange,51137,No,2,1.3
4/10/2026,2022,Stimulant,Locality,Page,51139,No,1,0.6
4/10/2026,2022,Stimulant,Locality,Patrick,51141,No,6,17
4/10/2026,2022,Stimulant,Locality,Poquoson,51735,No,0,0
4/10/2026,2022,Stimulant,Locality,Portsmouth,51740,No,17,2.4
4/10/2026,2022,Stimulant,Locality,Powhatan,51145,No,1,0.9
4/10/2026,2022,Stimulant,Locality,Prince Edward,51147,No,10,6.1
4/10/2026,2022,Stimulant,Locality,Pulaski,51155,No,26,12
4/10/2026,2022,Stimulant,Locality,Rappahannock,51157,No,0,0
4/10/2026,2022,Stimulant,Locality,Richmond City,51760,No,98,6.2
4/10/2026,2022,Stimulant,Locality,Richmond County,51159,No,0,0
4/10/2026,2022,Stimulant,Locality,Russell,51167,No,3,2
4/10/2026,2022,Stimulant,Locality,Scott,51169,No,0,0
4/10/2026,2022,Stimulant,Locality,Shenandoah,51171,No,4,1.4
4/10/2026,2022,Stimulant,Locality,Smyth,51173,No,4,1.9
4/10/2026,2022,Stimulant,Locality,Suffolk,51800,No,6,1.1
4/10/2026,2022,Stimulant,Locality,Surry,51181,No,1,3.2
4/10/2026,2022,Stimulant,Locality,Tazewell,51185,No,8,3.7
4/10/2026,2022,Stimulant,State,Virginia,51,-,918,2.6
4/10/2026,2022,Stimulant,Locality,Virginia Beach,51810,No,17,1
4/10/2026,2022,Stimulant,Locality,Warren,51187,No,4,1.8
4/10/2026,2022,Stimulant,Locality,Westmoreland,51193,No,1,1.1
4/10/2026,2022,Stimulant,Locality,York,51199,No,4,2.7
4/10/2026,2023,Stimulant,Locality,Accomack,51001,No,3,1.6
4/10/2026,2023,Stimulant,Locality,Alexandria,51510,No,5,1.1
4/10/2026,2023,Stimulant,Locality,Appomattox,51011,No,4,7.5
4/10/2026,2023,Stimulant,Locality,Arlington,51013,No,8,1.5
4/10/2026,2023,Stimulant,Locality,Bath,51017,No,2,6.1
4/10/2026,2023,Stimulant,Locality,Bedford,51019,No,16,6
4/10/2026,2023,Stimulant,Locality,Bland,51021,No,0,0
4/10/2026,2023,Stimulant,Locality,Botetourt,51023,No,2,1.7
4/10/2026,2023,Stimulant,Locality,Buchanan,51027,No,16,14.7
4/10/2026,2023,Stimulant,Locality,Buckingham,51029,No,1,1.5
4/10/2026,2023,Stimulant,Locality,Campbell,51031,No,3,2
4/10/2026,2023,Stimulant,Locality,Caroline,51033,No,2,1.2
4/10/2026,2023,Stimulant,Locality,Carroll,51035,No,0,0
4/10/2026,2023,Stimulant,Locality,Charles City,51036,No,1,2.9
4/10/2026,2023,Stimulant,Locality,Charlotte,51037,No,4,5.7
4/10/2026,2023,Stimulant,Locality,Culpeper,51047,No,8,2.5
4/10/2026,2023,Stimulant,Locality,Cumberland,51049,No,2,4.9
4/10/2026,2023,Stimulant,Locality,Dickenson,51051,No,2,2.1
4/10/2026,2023,Stimulant,Locality,Essex,51057,No,5,5.9
4/10/2026,2023,Stimulant,Locality,Fauquier,51061,No,4,1.5
4/10/2026,2023,Stimulant,Locality,Floyd,51063,No,0,0
4/10/2026,2023,Stimulant,Locality,Fluvanna,51065,No,0,0
4/10/2026,2023,Stimulant,Locality,Fredericksburg,51630,No,1,0.6
4/10/2026,2023,Stimulant,Locality,Giles,51071,No,1,0.9
4/10/2026,2023,Stimulant,Locality,Gloucester,51073,No,1,0.5
4/10/2026,2023,Stimulant,Locality,Goochland,51075,No,0,0
4/10/2026,2023,Stimulant,Locality,Greene,51079,No,0,0
4/10/2026,2023,Stimulant,Locality,Halifax,51083,No,0,0
4/10/2026,2023,Stimulant,Locality,Hampton,51650,No,10,1.4
4/10/2026,2023,Stimulant,Locality,Hanover,51085,No,8,1.8
4/10/2026,2023,Stimulant,Locality,Highland,51091,No,0,0
4/10/2026,2023,Stimulant,Locality,Isle of Wight,51093,No,0,0
4/10/2026,2023,Stimulant,Locality,James City,51095,No,5,1.1
4/10/2026,2023,Stimulant,Locality,King George,51099,No,0,0
4/10/2026,2023,Stimulant,Locality,King William,51101,No,1,1.1
4/10/2026,2023,Stimulant,Locality,Lee,51105,No,1,0.7
4/10/2026,2023,Stimulant,Locality,Louisa,51109,No,5,2.4
4/10/2026,2023,Stimulant,Locality,Lunenburg,51111,No,1,2.1
4/10/2026,2023,Stimulant,Locality,Lynchburg,51680,No,40,11.6
4/10/2026,2023,Stimulant,Locality,Madison,51113,No,1,1.8
4/10/2026,2023,Stimulant,Locality,Mathews,51115,No,2,5
4/10/2026,2023,Stimulant,Locality,Nelson,51125,No,2,3.1
4/10/2026,2023,Stimulant,Locality,New Kent,51127,No,5,3.6
4/10/2026,2023,Stimulant,Locality,Newport News,51700,No,9,0.8
4/10/2026,2023,Stimulant,Locality,Norfolk,51710,No,27,1.9
4/10/2026,2023,Stimulant,Locality,Northampton,51131,No,0,0
4/10/2026,2023,Stimulant,Locality,Northumberland,51133,No,0,0
4/10/2026,2023,Stimulant,Locality,Nottoway,51135,No,5,4.7
4/10/2026,2023,Stimulant,Locality,Orange,51137,No,4,2.4
4/10/2026,2023,Stimulant,Locality,Page,51139,No,3,1.7
4/10/2026,2023,Stimulant,Locality,Patrick,51141,No,3,7.9
4/10/2026,2023,Stimulant,Locality,Poquoson,51735,No,0,0
4/10/2026,2023,Stimulant,Locality,Portsmouth,51740,No,12,1.7
4/10/2026,2023,Stimulant,Locality,Powhatan,51145,No,1,0.9
4/10/2026,2023,Stimulant,Locality,Prince Edward,51147,No,5,3.3
4/10/2026,2023,Stimulant,Locality,Pulaski,51155,No,13,5.8
4/10/2026,2023,Stimulant,Locality,Rappahannock,51157,No,0,0
4/10/2026,2023,Stimulant,Locality,Richmond City,51760,No,134,8.3
4/10/2026,2023,Stimulant,Locality,Richmond County,51159,No,1,1.9
4/10/2026,2023,Stimulant,Locality,Scott,51169,No,1,5.2
4/10/2026,2023,Stimulant,Locality,Shenandoah,51171,No,3,1.1
4/10/2026,2023,Stimulant,Locality,Spotsylvania,51177,No,8,1.1
4/10/2026,2023,Stimulant,Locality,Suffolk,51800,No,2,0.3
4/10/2026,2023,Stimulant,Locality,Sussex,51183,No,3,3.3
4/10/2026,2023,Stimulant,State,Virginia,51,-,932,2.5
4/10/2026,2023,Stimulant,Locality,Virginia Beach,51810,No,14,0.8
4/10/2026,2023,Stimulant,Locality,Warren,51187,No,8,3.4
4/10/2026,2023,Stimulant,Locality,Westmoreland,51193,No,0,0
4/10/2026,2023,Stimulant,Locality,Williamsburg,51830,No,0,0
4/10/2026,2023,Stimulant,Locality,York,51199,No,1,0.6
4/10/2026,2024,Stimulant,Locality,Amelia,51007,No,4,4.9
4/10/2026,2024,Stimulant,Locality,Arlington,51013,No,14,2.7
4/10/2026,2024,Stimulant,Locality,Bedford,51019,No,4,1.4
4/10/2026,2024,Stimulant,Locality,Bland,51021,No,0,0
4/10/2026,2024,Stimulant,Locality,Botetourt,51023,No,2,1.7
4/10/2026,2024,Stimulant,Locality,Brunswick,51025,No,1,1
4/10/2026,2024,Stimulant,Locality,Buchanan,51027,No,8,7.1
4/10/2026,2024,Stimulant,Locality,Buckingham,51029,No,2,3
4/10/2026,2024,Stimulant,Locality,Caroline,51033,No,0,0
4/10/2026,2024,Stimulant,Locality,Carroll,51035,No,2,2.4
4/10/2026,2024,Stimulant,Locality,Charlotte,51037,No,1,1.4
4/10/2026,2024,Stimulant,Locality,Chesapeake,51550,No,18,1.7
4/10/2026,2024,Stimulant,Locality,Clarke,51043,No,1,1.9
4/10/2026,2024,Stimulant,Locality,Craig,51045,No,0,0
4/10/2026,2024,Stimulant,Locality,Cumberland,51049,No,0,0
4/10/2026,2024,Stimulant,Locality,Dickenson,51051,No,3,3.2
4/10/2026,2024,Stimulant,Locality,Dinwiddie,51053,No,2,1.8
4/10/2026,2024,Stimulant,Locality,Essex,51057,No,0,0
4/10/2026,2024,Stimulant,Locality,Fauquier,51061,No,5,1.8
4/10/2026,2024,Stimulant,Locality,Fluvanna,51065,No,1,1
4/10/2026,2024,Stimulant,Locality,Franklin County,51067,No,3,1.1
4/10/2026,2024,Stimulant,Locality,Fredericksburg,51630,No,2,1.1
4/10/2026,2024,Stimulant,Locality,Giles,51071,No,1,0.9
4/10/2026,2024,Stimulant,Locality,Gloucester,51073,No,1,0.5
4/10/2026,2024,Stimulant,Locality,Greene,51079,No,1,0.8
4/10/2026,2024,Stimulant,Locality,Halifax,51083,No,7,3.6
4/10/2026,2024,Stimulant,Locality,Hampton,51650,No,9,1.2
4/10/2026,2024,Stimulant,Locality,Hanover,51085,No,7,1.5
4/10/2026,2024,Stimulant,Locality,Henrico,51087,No,44,2.8
4/10/2026,2024,Stimulant,Locality,Highland,51091,No,1,11.4
4/10/2026,2024,Stimulant,Locality,Isle of Wight,51093,No,0,0
4/10/2026,2024,Stimulant,Locality,James City,51095,No,4,0.8
4/10/2026,2024,Stimulant,Locality,King and Queen,51097,No,0,0
4/10/2026,2024,Stimulant,Locality,Lancaster,51103,No,0,0
4/10/2026,2024,Stimulant,Locality,Lee,51105,No,3,2.2
4/10/2026,2024,Stimulant,Locality,Loudoun,51107,No,9,0.8
4/10/2026,2024,Stimulant,Locality,Lynchburg,51680,No,32,8.6
4/10/2026,2024,Stimulant,Locality,Madison,51113,No,0,0
4/10/2026,2024,Stimulant,Locality,Mathews,51115,No,0,0
4/10/2026,2024,Stimulant,Locality,Middlesex,51119,No,0,0
4/10/2026,2024,Stimulant,Locality,Nelson,51125,No,0,0
4/10/2026,2024,Stimulant,Locality,Newport News,51700,No,16,1.4
4/10/2026,2024,Stimulant,Locality,Norfolk,51710,No,17,1.2
4/10/2026,2024,Stimulant,Locality,Northampton,51131,No,1,1.3
4/10/2026,2024,Stimulant,Locality,Northumberland,51133,No,0,0
4/10/2026,2024,Stimulant,Locality,Nottoway,51135,No,3,2.8
4/10/2026,2024,Stimulant,Locality,Page,51139,No,3,1.7
4/10/2026,2024,Stimulant,Locality,Powhatan,51145,No,4,3.4
4/10/2026,2024,Stimulant,Locality,Prince Edward,51147,No,2,1.2
4/10/2026,2024,Stimulant,Locality,Pulaski,51155,No,17,7.5
4/10/2026,2024,Stimulant,Locality,Rappahannock,51157,No,0,0
4/10/2026,2024,Stimulant,Locality,Richmond City,51760,No,148,8.9
4/10/2026,2024,Stimulant,Locality,Richmond County,51159,No,0,0
4/10/2026,2024,Stimulant,Locality,Russell,51167,No,1,0.7
4/10/2026,2024,Stimulant,Locality,Scott,51169,No,0,0
4/10/2026,2024,Stimulant,Locality,Shenandoah,51171,No,5,1.8
4/10/2026,2024,Stimulant,Locality,Smyth,51173,No,1,0.5
4/10/2026,2024,Stimulant,Locality,Stafford,51179,No,3,0.5
4/10/2026,2024,Stimulant,Locality,Tazewell,51185,No,28,11.8
4/10/2026,2024,Stimulant,State,Virginia,51,-,923,2.4
4/10/2026,2024,Stimulant,Locality,Virginia Beach,51810,No,29,1.5
4/10/2026,2024,Stimulant,Locality,Warren,51187,No,8,3.5
4/10/2026,2024,Stimulant,Locality,Williamsburg,51830,No,0,0
4/10/2026,2024,Stimulant,Locality,Wythe,51197,No,8,3.9
4/10/2026,2025,Stimulant,Locality,Accomack,51001,No,5,2.7
4/10/2026,2025,Stimulant,Locality,Alexandria,51510,No,5,1
4/10/2026,2025,Stimulant,Locality,Amelia,51007,No,0,0
4/10/2026,2025,Stimulant,Locality,Amherst,51009,No,*,1.7
4/10/2026,2025,Stimulant,Locality,Bath,51017,No,*,5.9
4/10/2026,2025,Stimulant,Locality,Bedford,51019,No,5,1.8
4/10/2026,2025,Stimulant,Locality,Botetourt,51023,No,*,1.6
4/10/2026,2025,Stimulant,Locality,Brunswick,51025,No,0,0
4/10/2026,2025,Stimulant,Locality,Buckingham,51029,No,*,1.4
4/10/2026,2025,Stimulant,Locality,Carroll,51035,No,*,2.2
4/10/2026,2025,Stimulant,Locality,Charlotte,51037,No,*,1.4
4/10/2026,2025,Stimulant,Locality,Chesapeake,51550,No,9,0.8
4/10/2026,2025,Stimulant,Locality,Clarke,51043,No,0,0
4/10/2026,2025,Stimulant,Locality,Craig,51045,No,*,5
4/10/2026,2025,Stimulant,Locality,Culpeper,51047,No,0,0
4/10/2026,2025,Stimulant,Locality,Cumberland,51049,No,*,9.5
4/10/2026,2025,Stimulant,Locality,Dickenson,51051,No,0,0
4/10/2026,2025,Stimulant,Locality,Essex,51057,No,*,1.2
4/10/2026,2025,Stimulant,Locality,Fauquier,51061,No,5,1.7
4/10/2026,2025,Stimulant,Locality,Floyd,51063,No,0,0
4/10/2026,2025,Stimulant,Locality,Fluvanna,51065,No,*,2
4/10/2026,2025,Stimulant,Locality,Giles,51071,No,*,2.6
4/10/2026,2025,Stimulant,Locality,Gloucester,51073,No,*,0.5
4/10/2026,2025,Stimulant,Locality,Goochland,51075,No,0,0
4/10/2026,2025,Stimulant,Locality,Greene,51079,No,0,0
4/10/2026,2025,Stimulant,Locality,Halifax,51083,No,*,1.1
4/10/2026,2025,Stimulant,Locality,Hampton,51650,No,10,1.3
4/10/2026,2025,Stimulant,Locality,Hanover,51085,No,12,2.6
4/10/2026,2025,Stimulant,Locality,Henrico,51087,No,51,3.2
4/10/2026,2025,Stimulant,Locality,Highland,51091,No,*,11.2
4/10/2026,2025,Stimulant,Locality,James City,51095,No,*,0.4
4/10/2026,2025,Stimulant,Locality,King George,51099,No,0,0
4/10/2026,2025,Stimulant,Locality,King William,51101,No,*,3.2
4/10/2026,2025,Stimulant,Locality,Lancaster,51103,No,0,0
4/10/2026,2025,Stimulant,Locality,Loudoun,51107,No,12,1
4/10/2026,2025,Stimulant,Locality,Louisa,51109,No,*,1.4
4/10/2026,2025,Stimulant,Locality,Lynchburg,51680,No,18,4.5
4/10/2026,2025,Stimulant,Locality,Mathews,51115,No,0,0
4/10/2026,2025,Stimulant,Locality,Middlesex,51119,No,0,0
4/10/2026,2025,Stimulant,Locality,Nelson,51125,No,*,4.5
4/10/2026,2025,Stimulant,Locality,New Kent,51127,No,*,2.1
4/10/2026,2025,Stimulant,Locality,Newport News,51700,No,8,0.7
4/10/2026,2025,Stimulant,Locality,Norfolk,51710,No,19,1.3
4/10/2026,2025,Stimulant,Locality,Northampton,51131,No,*,1.4
4/10/2026,2025,Stimulant,Locality,Northumberland,51133,No,*,1
4/10/2026,2025,Stimulant,Locality,Nottoway,51135,No,*,3.8
4/10/2026,2025,Stimulant,Locality,Orange,51137,No,*,1.6
4/10/2026,2025,Stimulant,Locality,Page,51139,No,*,1.2
4/10/2026,2025,Stimulant,Locality,Patrick,51141,No,0,0
4/10/2026,2025,Stimulant,Locality,Portsmouth,51740,No,12,1.6
4/10/2026,2025,Stimulant,Locality,Powhatan,51145,No,0,0
4/10/2026,2025,Stimulant,Locality,Prince Edward,51147,No,*,2.4
4/10/2026,2025,Stimulant,Locality,Pulaski,51155,No,7,3
4/10/2026,2025,Stimulant,Locality,Rappahannock,51157,No,0,0
4/10/2026,2025,Stimulant,Locality,Richmond City,51760,No,108,6.4
4/10/2026,2025,Stimulant,Locality,Richmond County,51159,No,0,0
4/10/2026,2025,Stimulant,Locality,Russell,51167,No,*,1.4
4/10/2026,2025,Stimulant,Locality,Scott,51169,No,*,11.4
4/10/2026,2025,Stimulant,Locality,Shenandoah,51171,No,*,1.1
4/10/2026,2025,Stimulant,Locality,Smyth,51173,No,*,0.5
4/10/2026,2025,Stimulant,Locality,Spotsylvania,51177,No,16,1.9
4/10/2026,2025,Stimulant,Locality,Stafford,51179,No,*,0.6
4/10/2026,2025,Stimulant,Locality,Suffolk,51800,No,6,1
4/10/2026,2025,Stimulant,Locality,Surry,51181,No,0,0
4/10/2026,2025,Stimulant,Locality,Sussex,51183,No,0,0
4/10/2026,2025,Stimulant,Locality,Tazewell,51185,No,16,6.8
4/10/2026,2025,Stimulant,State,Virginia,51,-,786,2
4/10/2026,2025,Stimulant,Locality,Virginia Beach,51810,No,12,0.6
4/10/2026,2025,Stimulant,Locality,Warren,51187,No,*,1.8
4/10/2026,2025,Stimulant,Locality,Williamsburg,51830,No,0,0
4/10/2026,2025,Stimulant,Locality,Wythe,51197,No,9,4.1
4/10/2026,2025,Stimulant,Locality,York,51199,No,0,0
4/10/2026,2026,Stimulant,Locality,Accomack,51001,No,0,0
4/10/2026,2026,Stimulant,Locality,Alexandria,51510,No,0,0
4/10/2026,2026,Stimulant,Locality,Amelia,51007,No,0,0
4/10/2026,2026,Stimulant,Locality,Appomattox,51011,No,0,0
4/10/2026,2026,Stimulant,Locality,Arlington,51013,No,5,3.9
4/10/2026,2026,Stimulant,Locality,Bedford,51019,No,1,1.4
4/10/2026,2026,Stimulant,Locality,Bland,51021,No,0,0
4/10/2026,2026,Stimulant,Locality,Botetourt,51023,No,1,3.4
4/10/2026,2026,Stimulant,Locality,Brunswick,51025,No,1,4.3
4/10/2026,2026,Stimulant,Locality,Buchanan,51027,No,1,3.9
4/10/2026,2026,Stimulant,Locality,Buckingham,51029,No,0,0
4/10/2026,2026,Stimulant,Locality,Caroline,51033,No,0,0
4/10/2026,2026,Stimulant,Locality,Charlotte,51037,No,0,0
4/10/2026,2026,Stimulant,Locality,Chesapeake,51550,No,4,1.5
4/10/2026,2026,Stimulant,Locality,Clarke,51043,No,1,7.8
4/10/2026,2026,Stimulant,Locality,Culpeper,51047,No,1,1.2
4/10/2026,2026,Stimulant,Locality,Dickenson,51051,No,1,4.5
4/10/2026,2026,Stimulant,Locality,Dinwiddie,51053,No,1,3.4
4/10/2026,2026,Stimulant,Locality,Fauquier,51061,No,1,1.4
4/10/2026,2026,Stimulant,Locality,Floyd,51063,No,0,0
4/10/2026,2026,Stimulant,Locality,Fluvanna,51065,No,0,0
4/10/2026,2026,Stimulant,Locality,Franklin County,51067,No,1,1.6
4/10/2026,2026,Stimulant,Locality,Fredericksburg,51630,No,1,2.3
4/10/2026,2026,Stimulant,Locality,Goochland,51075,No,0,0
4/10/2026,2026,Stimulant,Locality,Greene,51079,No,1,3
4/10/2026,2026,Stimulant,Locality,Hampton,51650,No,2,1.1
4/10/2026,2026,Stimulant,Locality,Hanover,51085,No,2,1.7
4/10/2026,2026,Stimulant,Locality,Henrico,51087,No,9,2.3
4/10/2026,2026,Stimulant,Locality,Highland,51091,No,0,0
4/10/2026,2026,Stimulant,Locality,James City,51095,No,2,1.6
4/10/2026,2026,Stimulant,Locality,King and Queen,51097,No,0,0
4/10/2026,2026,Stimulant,Locality,King George,51099,No,1,3.5
4/10/2026,2026,Stimulant,Locality,King William,51101,No,0,0
4/10/2026,2026,Stimulant,Locality,Lancaster,51103,No,0,0
4/10/2026,2026,Stimulant,Locality,Lee,51105,No,2,6.5
4/10/2026,2026,Stimulant,Locality,Loudoun,51107,No,1,0.4
4/10/2026,2026,Stimulant,Locality,Louisa,51109,No,1,1.8
4/10/2026,2026,Stimulant,Locality,Lunenburg,51111,No,0,0
4/10/2026,2026,Stimulant,Locality,Lynchburg,51680,No,3,3.1
4/10/2026,2026,Stimulant,Locality,Madison,51113,No,0,0
4/10/2026,2026,Stimulant,Locality,Mathews,51115,No,0,0
4/10/2026,2026,Stimulant,Locality,Mecklenburg,51117,No,2,4.6
4/10/2026,2026,Stimulant,Locality,Middlesex,51119,No,1,5.9
4/10/2026,2026,Stimulant,Locality,Nelson,51125,No,0,0
4/10/2026,2026,Stimulant,Locality,New Kent,51127,No,0,0
4/10/2026,2026,Stimulant,Locality,Newport News,51700,No,1,0.4
4/10/2026,2026,Stimulant,Locality,Norfolk,51710,No,3,0.9
4/10/2026,2026,Stimulant,Locality,Northampton,51131,No,0,0
4/10/2026,2026,Stimulant,Locality,Northumberland,51133,No,0,0
4/10/2026,2026,Stimulant,Locality,Orange,51137,No,1,2.2
4/10/2026,2026,Stimulant,Locality,Page,51139,No,0,0
4/10/2026,2026,Stimulant,Locality,Patrick,51141,No,1,16.2
4/10/2026,2026,Stimulant,Locality,Poquoson,51735,No,1,9.5
4/10/2026,2026,Stimulant,Locality,Portsmouth,51740,No,0,0
4/10/2026,2026,Stimulant,Locality,Powhatan,51145,No,0,0
4/10/2026,2026,Stimulant,Locality,Richmond County,51159,No,0,0
4/10/2026,2026,Stimulant,Locality,Russell,51167,No,2,5.9
4/10/2026,2026,Stimulant,Locality,Scott,51169,No,0,0
4/10/2026,2026,Stimulant,Locality,Shenandoah,51171,No,0,0
4/10/2026,2026,Stimulant,Locality,Smyth,51173,No,1,2
4/10/2026,2026,Stimulant,Locality,Spotsylvania,51177,No,1,0.5
4/10/2026,2026,Stimulant,Locality,Suffolk,51800,No,1,0.7
4/10/2026,2026,Stimulant,Locality,Sussex,51183,No,0,0
4/10/2026,2026,Stimulant,Locality,Tazewell,51185,No,2,3.5
4/10/2026,2026,Stimulant,State,Virginia,51,-,170,1.8
4/10/2026,2026,Stimulant,Locality,Warren,51187,No,1,1.9
4/10/2026,2026,Stimulant,Locality,Westmoreland,51193,No,0,0
4/10/2026,2026,Stimulant,Locality,Williamsburg,51830,No,0,0
4/10/2026,2021,All Drug,Locality,Albemarle County and Charlottesville City,51540,Yes,282,60.5
4/10/2026,2021,All Drug,Locality,Alleghany County and Covington City,51005,Yes,59,43.6
4/10/2026,2021,All Drug,Locality,"Augusta County, Staunton City, and Waynesboro City",51790,Yes,309,54.7
4/10/2026,2021,All Drug,Locality,"Augusta County, Staunton City, and Waynesboro City",51820,Yes,309,54.7
4/10/2026,2021,All Drug,Locality,"Augusta County, Staunton City, and Waynesboro City",51015,Yes,309,54.7
4/10/2026,2021,All Drug,Locality,Chesterfield County and Colonial Heights City,51570,Yes,1096,71.1
4/10/2026,2021,All Drug,Locality,Chesterfield County and Colonial Heights City,51041,Yes,1096,71.1
4/10/2026,2021,All Drug,Locality,"Fairfax County, Fairfax City, and Falls Church City",51600,Yes,1312,49.7
4/10/2026,2021,All Drug,Locality,"Fairfax County, Fairfax City, and Falls Church City",51059,Yes,1312,49.7
4/10/2026,2021,All Drug,Locality,Frederick County and Winchester City,51069,Yes,256,57
4/10/2026,2021,All Drug,Locality,Grayson County and Galax City,51640,Yes,117,86.2
4/10/2026,2021,All Drug,Locality,Greensville County and Emporia City,51595,Yes,60,56.5
4/10/2026,2021,All Drug,Locality,Henry County and Martinsville City,51690,Yes,305,89.4
4/10/2026,2021,All Drug,Locality,Montgomery County and Radford City,51750,Yes,252,67.9
4/10/2026,2021,All Drug,Locality,Montgomery County and Radford City,51121,Yes,252,67.9
4/10/2026,2021,All Drug,Locality,Pittsylvania County and Danville City,51143,Yes,384,69.2
4/10/2026,2021,All Drug,Locality,"Prince George County, Hopewell City, and Petersburg City",51670,Yes,527,58.2
4/10/2026,2021,All Drug,Locality,"Prince George County, Hopewell City, and Petersburg City",51149,Yes,527,58.2
4/10/2026,2021,All Drug,Locality,"Prince William County, Manassas City, and Manassas Park City",51685,Yes,794,52.4
4/10/2026,2021,All Drug,Locality,"Prince William County, Manassas City, and Manassas Park City",51683,Yes,794,52.4
4/10/2026,2021,All Drug,Locality,"Prince William County, Manassas City, and Manassas Park City",51153,Yes,794,52.4
4/10/2026,2021,All Drug,Locality,"Roanoke County, Roanoke City, and Salem City",51775,Yes,1208,108.1
4/10/2026,2021,All Drug,Locality,"Roanoke County, Roanoke City, and Salem City",51770,Yes,1208,108.1
4/10/2026,2021,All Drug,Locality,"Roanoke County, Roanoke City, and Salem City",51161,Yes,1208,108.1
4/10/2026,2021,All Drug,Locality,"Rockbridge County, Buena Vista City, and Lexington City",51678,Yes,69,47.8
4/10/2026,2021,All Drug,Locality,"Rockbridge County, Buena Vista City, and Lexington City",51530,Yes,69,47.8
4/10/2026,2021,All Drug,Locality,Rockingham County and Harrisonburg City,51660,Yes,216,43.1
4/10/2026,2021,All Drug,Locality,Rockingham County and Harrisonburg City,51165,Yes,216,43.1
4/10/2026,2021,All Drug,Locality,Southampton County and Franklin City,51620,Yes,76,43.9
4/10/2026,2021,All Drug,Locality,Southampton County and Franklin City,51175,Yes,76,43.9
4/10/2026,2021,All Drug,Locality,Washington County and Bristol City,51520,Yes,86,51.4
4/10/2026,2021,All Drug,Locality,Washington County and Bristol City,51191,Yes,86,51.4
4/10/2026,2021,All Drug,Locality,Wise County and Norton City,51195,Yes,157,60.9
4/10/2026,2022,All Drug,Locality,Albemarle County and Charlottesville City,51003,Yes,302,58.1
4/10/2026,2022,All Drug,Locality,Alleghany County and Covington City,51005,Yes,93,63
4/10/2026,2022,All Drug,Locality,"Augusta County, Staunton City, and Waynesboro City",51790,Yes,349,58.3
4/10/2026,2022,All Drug,Locality,"Augusta County, Staunton City, and Waynesboro City",51820,Yes,349,58.3
4/10/2026,2022,All Drug,Locality,Chesterfield County and Colonial Heights City,51570,Yes,996,57.9
4/10/2026,2022,All Drug,Locality,Chesterfield County and Colonial Heights City,51041,Yes,996,57.9
4/10/2026,2022,All Drug,Locality,"Fairfax County, Fairfax City, and Falls Church City",51610,Yes,1433,47.8
4/10/2026,2022,All Drug,Locality,"Fairfax County, Fairfax City, and Falls Church City",51059,Yes,1433,47.8
4/10/2026,2022,All Drug,Locality,Greensville County and Emporia City,51595,Yes,53,44.5
4/10/2026,2022,All Drug,Locality,Greensville County and Emporia City,51081,Yes,53,44.5
4/10/2026,2022,All Drug,Locality,Henry County and Martinsville City,51690,Yes,243,68.3
4/10/2026,2022,All Drug,Locality,Montgomery County and Radford City,51750,Yes,333,80.9
4/10/2026,2022,All Drug,Locality,Montgomery County and Radford City,51121,Yes,333,80.9
4/10/2026,2022,All Drug,Locality,Pittsylvania County and Danville City,51590,Yes,401,70.6
4/10/2026,2022,All Drug,Locality,Pittsylvania County and Danville City,51143,Yes,401,70.6
4/10/2026,2022,All Drug,Locality,"Prince George County, Hopewell City, and Petersburg City",51670,Yes,558,59.3
4/10/2026,2022,All Drug,Locality,"Prince William County, Manassas City, and Manassas Park City",51685,Yes,827,49.3
4/10/2026,2022,All Drug,Locality,"Roanoke County, Roanoke City, and Salem City",51775,Yes,1179,100.5
4/10/2026,2022,All Drug,Locality,"Roanoke County, Roanoke City, and Salem City",51770,Yes,1179,100.5
4/10/2026,2022,All Drug,Locality,"Roanoke County, Roanoke City, and Salem City",51161,Yes,1179,100.5
4/10/2026,2022,All Drug,Locality,"Rockbridge County, Buena Vista City, and Lexington City",51678,Yes,93,58.1
4/10/2026,2022,All Drug,Locality,"Rockbridge County, Buena Vista City, and Lexington City",51530,Yes,93,58.1
4/10/2026,2022,All Drug,Locality,"Rockbridge County, Buena Vista City, and Lexington City",51163,Yes,93,58.1
4/10/2026,2022,All Drug,Locality,Rockingham County and Harrisonburg City,51660,Yes,216,40.6
4/10/2026,2022,All Drug,Locality,Southampton County and Franklin City,51175,Yes,84,44
4/10/2026,2022,All Drug,Locality,Washington County and Bristol City,51520,Yes,119,67.8
4/10/2026,2022,All Drug,Locality,Washington County and Bristol City,51191,Yes,119,67.8
4/10/2026,2022,All Drug,Locality,Wise County and Norton City,51720,Yes,184,69
4/10/2026,2023,All Drug,Locality,Albemarle County and Charlottesville City,51540,Yes,326,59.5
4/10/2026,2023,All Drug,Locality,Albemarle County and Charlottesville City,51003,Yes,326,59.5
4/10/2026,2023,All Drug,Locality,Alleghany County and Covington City,51580,Yes,93,57.8
4/10/2026,2023,All Drug,Locality,Alleghany County and Covington City,51005,Yes,93,57.8
4/10/2026,2023,All Drug,Locality,"Augusta County, Staunton City, and Waynesboro City",51790,Yes,418,65.1
4/10/2026,2023,All Drug,Locality,"Augusta County, Staunton City, and Waynesboro City",51820,Yes,418,65.1
4/10/2026,2023,All Drug,Locality,"Augusta County, Staunton City, and Waynesboro City",51015,Yes,418,65.1
4/10/2026,2023,All Drug,Locality,Chesterfield County and Colonial Heights City,51570,Yes,1006,53.1
4/10/2026,2023,All Drug,Locality,Chesterfield County and Colonial Heights City,51041,Yes,1006,53.1
4/10/2026,2023,All Drug,Locality,"Fairfax County, Fairfax City, and Falls Church City",51610,Yes,1501,46.9
4/10/2026,2023,All Drug,Locality,"Fairfax County, Fairfax City, and Falls Church City",51059,Yes,1501,46.9
4/10/2026,2023,All Drug,Locality,Frederick County and Winchester City,51840,Yes,240,48.2
4/10/2026,2023,All Drug,Locality,Frederick County and Winchester City,51069,Yes,240,48.2
4/10/2026,2023,All Drug,Locality,Grayson County and Galax City,51640,Yes,139,103.7
4/10/2026,2023,All Drug,Locality,Grayson County and Galax City,51077,Yes,139,103.7
4/10/2026,2023,All Drug,Locality,Greensville County and Emporia City,51595,Yes,37,31.6
4/10/2026,2023,All Drug,Locality,Greensville County and Emporia City,51081,Yes,37,31.6
4/10/2026,2023,All Drug,Locality,Henry County and Martinsville City,51690,Yes,270,73
4/10/2026,2023,All Drug,Locality,Henry County and Martinsville City,51089,Yes,270,73
4/10/2026,2023,All Drug,Locality,Montgomery County and Radford City,51750,Yes,230,52
4/10/2026,2023,All Drug,Locality,Pittsylvania County and Danville City,51590,Yes,378,65.5
4/10/2026,2023,All Drug,Locality,Pittsylvania County and Danville City,51143,Yes,378,65.5
4/10/2026,2023,All Drug,Locality,"Prince George County, Hopewell City, and Petersburg City",51670,Yes,631,58.2
4/10/2026,2023,All Drug,Locality,"Prince George County, Hopewell City, and Petersburg City",51149,Yes,631,58.2
4/10/2026,2023,All Drug,Locality,"Prince William County, Manassas City, and Manassas Park City",51685,Yes,735,40.9
4/10/2026,2023,All Drug,Locality,"Prince William County, Manassas City, and Manassas Park City",51683,Yes,735,40.9
4/10/2026,2023,All Drug,Locality,"Prince William County, Manassas City, and Manassas Park City",51153,Yes,735,40.9
4/10/2026,2023,All Drug,Locality,"Roanoke County, Roanoke City, and Salem City",51770,Yes,1080,83.5
4/10/2026,2023,All Drug,Locality,"Rockbridge County, Buena Vista City, and Lexington City",51678,Yes,90,51.7
4/10/2026,2023,All Drug,Locality,"Rockbridge County, Buena Vista City, and Lexington City",51530,Yes,90,51.7
4/10/2026,2023,All Drug,Locality,Rockingham County and Harrisonburg City,51660,Yes,190,32.9
4/10/2026,2023,All Drug,Locality,Southampton County and Franklin City,51620,Yes,86,43.4
4/10/2026,2023,All Drug,Locality,Southampton County and Franklin City,51175,Yes,86,43.4
4/10/2026,2023,All Drug,Locality,Washington County and Bristol City,51191,Yes,105,58.8
4/10/2026,2023,All Drug,Locality,Wise County and Norton City,51720,Yes,189,71.8
4/10/2026,2023,All Drug,Locality,Wise County and Norton City,51195,Yes,189,71.8
4/10/2026,2024,All Drug,Locality,Albemarle County and Charlottesville City,51003,Yes,259,46.6
4/10/2026,2024,All Drug,Locality,Alleghany County and Covington City,51580,Yes,79,47.1
4/10/2026,2024,All Drug,Locality,"Augusta County, Staunton City, and Waynesboro City",51790,Yes,421,63.3
4/10/2026,2024,All Drug,Locality,"Augusta County, Staunton City, and Waynesboro City",51820,Yes,421,63.3
4/10/2026,2024,All Drug,Locality,Chesterfield County and Colonial Heights City,51570,Yes,840,42.6
4/10/2026,2024,All Drug,Locality,Chesterfield County and Colonial Heights City,51041,Yes,840,42.6
4/10/2026,2024,All Drug,Locality,"Fairfax County, Fairfax City, and Falls Church City",51610,Yes,1323,40.2
4/10/2026,2024,All Drug,Locality,"Fairfax County, Fairfax City, and Falls Church City",51600,Yes,1323,40.2
4/10/2026,2024,All Drug,Locality,Frederick County and Winchester City,51840,Yes,238,47.1
4/10/2026,2024,All Drug,Locality,Frederick County and Winchester City,51069,Yes,238,47.1
4/10/2026,2024,All Drug,Locality,Grayson County and Galax City,51640,Yes,73,51.3
4/10/2026,2024,All Drug,Locality,Grayson County and Galax City,51077,Yes,73,51.3
4/10/2026,2024,All Drug,Locality,Greensville County and Emporia City,51081,Yes,43,35.9
4/10/2026,2024,All Drug,Locality,Henry County and Martinsville City,51089,Yes,269,68.3
4/10/2026,2024,All Drug,Locality,Montgomery County and Radford City,51750,Yes,198,44.6
4/10/2026,2024,All Drug,Locality,Montgomery County and Radford City,51121,Yes,198,44.6
4/10/2026,2024,All Drug,Locality,Pittsylvania County and Danville City,51590,Yes,329,52.2
4/10/2026,2024,All Drug,Locality,Pittsylvania County and Danville City,51143,Yes,329,52.2
4/10/2026,2024,All Drug,Locality,"Prince George County, Hopewell City, and Petersburg City",51670,Yes,431,38
4/10/2026,2024,All Drug,Locality,"Prince George County, Hopewell City, and Petersburg City",51730,Yes,431,38
4/10/2026,2024,All Drug,Locality,"Prince George County, Hopewell City, and Petersburg City",51149,Yes,431,38
4/10/2026,2024,All Drug,Locality,"Prince William County, Manassas City, and Manassas Park City",51685,Yes,638,34.5
4/10/2026,2024,All Drug,Locality,"Prince William County, Manassas City, and Manassas Park City",51683,Yes,638,34.5
4/10/2026,2024,All Drug,Locality,"Prince William County, Manassas City, and Manassas Park City",51153,Yes,638,34.5
4/10/2026,2024,All Drug,Locality,"Roanoke County, Roanoke City, and Salem City",51775,Yes,1005,74.7
4/10/2026,2024,All Drug,Locality,"Roanoke County, Roanoke City, and Salem City",51770,Yes,1005,74.7
4/10/2026,2024,All Drug,Locality,"Roanoke County, Roanoke City, and Salem City",51161,Yes,1005,74.7
4/10/2026,2024,All Drug,Locality,"Rockbridge County, Buena Vista City, and Lexington City",51678,Yes,58,33
4/10/2026,2024,All Drug,Locality,"Rockbridge County, Buena Vista City, and Lexington City",51163,Yes,58,33
4/10/2026,2024,All Drug,Locality,Rockingham County and Harrisonburg City,51660,Yes,153,25.2
4/10/2026,2024,All Drug,Locality,Rockingham County and Harrisonburg City,51165,Yes,153,25.2
4/10/2026,2024,All Drug,Locality,Southampton County and Franklin City,51175,Yes,73,35.1
4/10/2026,2024,All Drug,Locality,Washington County and Bristol City,51520,Yes,99,53.8
4/10/2026,2024,All Drug,Locality,Washington County and Bristol City,51191,Yes,99,53.8
4/10/2026,2024,All Drug,Locality,Wise County and Norton City,51720,Yes,142,54.9
4/10/2026,2024,All Drug,Locality,Wise County and Norton City,51195,Yes,142,54.9
4/10/2026,2025,All Drug,Locality,Albemarle County and Charlottesville City,51540,Yes,229,40.1
4/10/2026,2025,All Drug,Locality,Albemarle County and Charlottesville City,51003,Yes,229,40.1
4/10/2026,2025,All Drug,Locality,Alleghany County and Covington City,51580,Yes,74,42
4/10/2026,2025,All Drug,Locality,Alleghany County and Covington City,51005,Yes,74,42
4/10/2026,2025,All Drug,Locality,"Augusta County, Staunton City, and Waynesboro City",51790,Yes,398,59.1
4/10/2026,2025,All Drug,Locality,"Augusta County, Staunton City, and Waynesboro City",51820,Yes,398,59.1
4/10/2026,2025,All Drug,Locality,"Augusta County, Staunton City, and Waynesboro City",51015,Yes,398,59.1
4/10/2026,2025,All Drug,Locality,Chesterfield County and Colonial Heights City,51041,Yes,783,38.8
4/10/2026,2025,All Drug,Locality,"Fairfax County, Fairfax City, and Falls Church City",51610,Yes,1281,37.7
4/10/2026,2025,All Drug,Locality,"Fairfax County, Fairfax City, and Falls Church City",51600,Yes,1281,37.7
4/10/2026,2025,All Drug,Locality,"Fairfax County, Fairfax City, and Falls Church City",51059,Yes,1281,37.7
4/10/2026,2025,All Drug,Locality,Frederick County and Winchester City,51840,Yes,203,39.4
4/10/2026,2025,All Drug,Locality,Frederick County and Winchester City,51069,Yes,203,39.4
4/10/2026,2025,All Drug,Locality,Grayson County and Galax City,51640,Yes,77,55.2
4/10/2026,2025,All Drug,Locality,Greensville County and Emporia City,51081,Yes,29,24.8
4/10/2026,2025,All Drug,Locality,Henry County and Martinsville City,51690,Yes,230,57
4/10/2026,2025,All Drug,Locality,Henry County and Martinsville City,51089,Yes,230,57
4/10/2026,2025,All Drug,Locality,Montgomery County and Radford City,51750,Yes,215,44.8
4/10/2026,2025,All Drug,Locality,Montgomery County and Radford City,51121,Yes,215,44.8
4/10/2026,2025,All Drug,Locality,Pittsylvania County and Danville City,51590,Yes,310,46.7
4/10/2026,2025,All Drug,Locality,Pittsylvania County and Danville City,51143,Yes,310,46.7
4/10/2026,2025,All Drug,Locality,"Prince George County, Hopewell City, and Petersburg City",51670,Yes,383,32.4
4/10/2026,2025,All Drug,Locality,"Prince George County, Hopewell City, and Petersburg City",51730,Yes,383,32.4
4/10/2026,2025,All Drug,Locality,"Prince William County, Manassas City, and Manassas Park City",51685,Yes,640,34.2
4/10/2026,2025,All Drug,Locality,"Prince William County, Manassas City, and Manassas Park City",51683,Yes,640,34.2
4/10/2026,2025,All Drug,Locality,"Prince William County, Manassas City, and Manassas Park City",51153,Yes,640,34.2
4/10/2026,2025,All Drug,Locality,"Roanoke County, Roanoke City, and Salem City",51775,Yes,831,62.4
4/10/2026,2025,All Drug,Locality,"Roanoke County, Roanoke City, and Salem City",51770,Yes,831,62.4
4/10/2026,2025,All Drug,Locality,"Roanoke County, Roanoke City, and Salem City",51161,Yes,831,62.4
4/10/2026,2025,All Drug,Locality,"Rockbridge County, Buena Vista City, and Lexington City",51678,Yes,73,40.8
4/10/2026,2025,All Drug,Locality,"Rockbridge County, Buena Vista City, and Lexington City",51530,Yes,73,40.8
4/10/2026,2025,All Drug,Locality,"Rockbridge County, Buena Vista City, and Lexington City",51163,Yes,73,40.8
4/10/2026,2025,All Drug,Locality,Rockingham County and Harrisonburg City,51660,Yes,184,30.1
4/10/2026,2025,All Drug,Locality,Rockingham County and Harrisonburg City,51165,Yes,184,30.1
4/10/2026,2025,All Drug,Locality,Southampton County and Franklin City,51620,Yes,58,28.7
4/10/2026,2025,All Drug,Locality,Wise County and Norton City,51720,Yes,127,47.1
4/10/2026,2026,All Drug,Locality,Albemarle County and Charlottesville City,51540,Yes,50,36.4
4/10/2026,2026,All Drug,Locality,Albemarle County and Charlottesville City,51003,Yes,50,36.4
4/10/2026,2026,All Drug,Locality,Alleghany County and Covington City,51580,Yes,18,40.7
4/10/2026,2026,All Drug,Locality,Alleghany County and Covington City,51005,Yes,18,40.7
4/10/2026,2026,All Drug,Locality,"Augusta County, Staunton City, and Waynesboro City",51790,Yes,82,50.7
4/10/2026,2026,All Drug,Locality,Chesterfield County and Colonial Heights City,51570,Yes,158,31.4
4/10/2026,2026,All Drug,Locality,"Fairfax County, Fairfax City, and Falls Church City",51610,Yes,300,38.1
4/10/2026,2026,All Drug,Locality,"Fairfax County, Fairfax City, and Falls Church City",51600,Yes,300,38.1
4/10/2026,2026,All Drug,Locality,"Fairfax County, Fairfax City, and Falls Church City",51059,Yes,300,38.1
4/10/2026,2026,All Drug,Locality,Frederick County and Winchester City,51840,Yes,60,47.4
4/10/2026,2026,All Drug,Locality,Frederick County and Winchester City,51069,Yes,60,47.4
4/10/2026,2026,All Drug,Locality,Grayson County and Galax City,51077,Yes,23,63.3
4/10/2026,2026,All Drug,Locality,Greensville County and Emporia City,51595,Yes,6,21.5
4/10/2026,2026,All Drug,Locality,Greensville County and Emporia City,51081,Yes,6,21.5
4/10/2026,2026,All Drug,Locality,Henry County and Martinsville City,51690,Yes,47,49.6
4/10/2026,2026,All Drug,Locality,Henry County and Martinsville City,51089,Yes,47,49.6
4/10/2026,2026,All Drug,Locality,Montgomery County and Radford City,51750,Yes,64,52.4
4/10/2026,2026,All Drug,Locality,Montgomery County and Radford City,51121,Yes,64,52.4
4/10/2026,2026,All Drug,Locality,Pittsylvania County and Danville City,51590,Yes,67,41.1
4/10/2026,2026,All Drug,Locality,Pittsylvania County and Danville City,51143,Yes,67,41.1
4/10/2026,2026,All Drug,Locality,"Prince George County, Hopewell City, and Petersburg City",51670,Yes,61,21
4/10/2026,2026,All Drug,Locality,"Prince George County, Hopewell City, and Petersburg City",51730,Yes,61,21
4/10/2026,2026,All Drug,Locality,"Prince William County, Manassas City, and Manassas Park City",51685,Yes,138,30.6
4/10/2026,2026,All Drug,Locality,"Prince William County, Manassas City, and Manassas Park City",51683,Yes,138,30.6
4/10/2026,2026,All Drug,Locality,"Roanoke County, Roanoke City, and Salem City",51770,Yes,192,58.9
4/10/2026,2026,All Drug,Locality,"Roanoke County, Roanoke City, and Salem City",51161,Yes,192,58.9
4/10/2026,2026,All Drug,Locality,"Rockbridge County, Buena Vista City, and Lexington City",51530,Yes,23,52.7
4/10/2026,2026,All Drug,Locality,"Rockbridge County, Buena Vista City, and Lexington City",51163,Yes,23,52.7
4/10/2026,2026,All Drug,Locality,Rockingham County and Harrisonburg City,51660,Yes,45,29.6
4/10/2026,2026,All Drug,Locality,Rockingham County and Harrisonburg City,51165,Yes,45,29.6
4/10/2026,2026,All Drug,Locality,Southampton County and Franklin City,51620,Yes,15,30.2
4/10/2026,2026,All Drug,Locality,Southampton County and Franklin City,51175,Yes,15,30.2
4/10/2026,2026,All Drug,Locality,Washington County and Bristol City,51520,Yes,12,26
4/10/2026,2026,All Drug,Locality,Wise County and Norton City,51720,Yes,37,56.8
4/10/2026,2026,All Drug,Locality,Wise County and Norton City,51195,Yes,37,56.8
4/10/2026,2021,Heroin,Locality,Albemarle County and Charlottesville City,51540,Yes,18,3.9
4/10/2026,2021,Heroin,Locality,Albemarle County and Charlottesville City,51003,Yes,18,3.9
4/10/2026,2021,Heroin,Locality,Alleghany County and Covington City,51580,Yes,6,4.4
4/10/2026,2021,Heroin,Locality,Alleghany County and Covington City,51005,Yes,6,4.4
4/10/2026,2021,Heroin,Locality,"Augusta County, Staunton City, and Waynesboro City",51790,Yes,5,0.9
4/10/2026,2021,Heroin,Locality,"Augusta County, Staunton City, and Waynesboro City",51820,Yes,5,0.9
4/10/2026,2021,Heroin,Locality,"Fairfax County, Fairfax City, and Falls Church City",51610,Yes,48,1.8
4/10/2026,2021,Heroin,Locality,"Fairfax County, Fairfax City, and Falls Church City",51600,Yes,48,1.8
4/10/2026,2021,Heroin,Locality,"Fairfax County, Fairfax City, and Falls Church City",51059,Yes,48,1.8
4/10/2026,2021,Heroin,Locality,Frederick County and Winchester City,51840,Yes,8,1.8
4/10/2026,2021,Heroin,Locality,Frederick County and Winchester City,51069,Yes,8,1.8
4/10/2026,2021,Heroin,Locality,Grayson County and Galax City,51077,Yes,1,0.7
4/10/2026,2021,Heroin,Locality,Greensville County and Emporia City,51595,Yes,3,2.8
4/10/2026,2021,Heroin,Locality,Henry County and Martinsville City,51690,Yes,24,7
4/10/2026,2021,Heroin,Locality,Henry County and Martinsville City,51089,Yes,24,7
4/10/2026,2021,Heroin,Locality,Montgomery County and Radford City,51750,Yes,15,4
4/10/2026,2021,Heroin,Locality,Montgomery County and Radford City,51121,Yes,15,4
4/10/2026,2021,Heroin,Locality,Pittsylvania County and Danville City,51590,Yes,17,3.1
4/10/2026,2021,Heroin,Locality,Pittsylvania County and Danville City,51143,Yes,17,3.1
4/10/2026,2021,Heroin,Locality,"Prince George County, Hopewell City, and Petersburg City",51670,Yes,36,4
4/10/2026,2021,Heroin,Locality,"Prince George County, Hopewell City, and Petersburg City",51730,Yes,36,4
4/10/2026,2021,Heroin,Locality,"Prince George County, Hopewell City, and Petersburg City",51149,Yes,36,4
4/10/2026,2021,Heroin,Locality,"Prince William County, Manassas City, and Manassas Park City",51685,Yes,23,1.5
4/10/2026,2021,Heroin,Locality,"Prince William County, Manassas City, and Manassas Park City",51683,Yes,23,1.5
4/10/2026,2021,Heroin,Locality,"Prince William County, Manassas City, and Manassas Park City",51153,Yes,23,1.5
4/10/2026,2021,Heroin,Locality,"Roanoke County, Roanoke City, and Salem City",51775,Yes,197,17.6
4/10/2026,2021,Heroin,Locality,"Roanoke County, Roanoke City, and Salem City",51770,Yes,197,17.6
4/10/2026,2021,Heroin,Locality,"Roanoke County, Roanoke City, and Salem City",51161,Yes,197,17.6
4/10/2026,2021,Heroin,Locality,"Rockbridge County, Buena Vista City, and Lexington City",51678,Yes,3,2.1
4/10/2026,2021,Heroin,Locality,"Rockbridge County, Buena Vista City, and Lexington City",51530,Yes,3,2.1
4/10/2026,2021,Heroin,Locality,"Rockbridge County, Buena Vista City, and Lexington City",51163,Yes,3,2.1
4/10/2026,2021,Heroin,Locality,Rockingham County and Harrisonburg City,51660,Yes,7,1.4
4/10/2026,2021,Heroin,Locality,Rockingham County and Harrisonburg City,51165,Yes,7,1.4
4/10/2026,2021,Heroin,Locality,Southampton County and Franklin City,51620,Yes,7,4
4/10/2026,2021,Heroin,Locality,Southampton County and Franklin City,51175,Yes,7,4
4/10/2026,2021,Heroin,Locality,Washington County and Bristol City,51520,Yes,2,1.2
4/10/2026,2021,Heroin,Locality,Washington County and Bristol City,51191,Yes,2,1.2
4/10/2026,2021,Heroin,Locality,Wise County and Norton City,51195,Yes,5,1.9
4/10/2026,2022,Heroin,Locality,Albemarle County and Charlottesville City,51540,Yes,14,2.7
4/10/2026,2022,Heroin,Locality,Albemarle County and Charlottesville City,51003,Yes,14,2.7
4/10/2026,2022,Heroin,Locality,Alleghany County and Covington City,51580,Yes,7,4.7
4/10/2026,2022,Heroin,Locality,Alleghany County and Covington City,51005,Yes,7,4.7
4/10/2026,2022,Heroin,Locality,"Augusta County, Staunton City, and Waynesboro City",51820,Yes,9,1.5
4/10/2026,2022,Heroin,Locality,"Augusta County, Staunton City, and Waynesboro City",51015,Yes,9,1.5
4/10/2026,2022,Heroin,Locality,"Fairfax County, Fairfax City, and Falls Church City",51610,Yes,31,1
4/10/2026,2022,Heroin,Locality,"Fairfax County, Fairfax City, and Falls Church City",51600,Yes,31,1
4/10/2026,2022,Heroin,Locality,"Fairfax County, Fairfax City, and Falls Church City",51059,Yes,31,1
4/10/2026,2022,Heroin,Locality,Frederick County and Winchester City,51840,Yes,5,1
4/10/2026,2022,Heroin,Locality,Frederick County and Winchester City,51069,Yes,5,1
4/10/2026,2022,Heroin,Locality,Grayson County and Galax City,51640,Yes,0,0
4/10/2026,2022,Heroin,Locality,Grayson County and Galax City,51077,Yes,0,0
4/10/2026,2022,Heroin,Locality,Greensville County and Emporia City,51595,Yes,1,0.8
4/10/2026,2022,Heroin,Locality,Greensville County and Emporia City,51081,Yes,1,0.8
4/10/2026,2022,Heroin,Locality,Henry County and Martinsville City,51690,Yes,20,5.6
4/10/2026,2022,Heroin,Locality,Henry County and Martinsville City,51089,Yes,20,5.6
4/10/2026,2022,Heroin,Locality,"Prince George County, Hopewell City, and Petersburg City",51670,Yes,24,2.6
4/10/2026,2022,Heroin,Locality,"Prince George County, Hopewell City, and Petersburg City",51730,Yes,24,2.6
4/10/2026,2022,Heroin,Locality,"Prince George County, Hopewell City, and Petersburg City",51149,Yes,24,2.6
4/10/2026,2022,Heroin,Locality,"Prince William County, Manassas City, and Manassas Park City",51685,Yes,18,1.1
4/10/2026,2022,Heroin,Locality,"Prince William County, Manassas City, and Manassas Park City",51683,Yes,18,1.1
4/10/2026,2022,Heroin,Locality,"Prince William County, Manassas City, and Manassas Park City",51153,Yes,18,1.1
4/10/2026,2022,Heroin,Locality,"Roanoke County, Roanoke City, and Salem City",51770,Yes,183,15.6
4/10/2026,2022,Heroin,Locality,"Rockbridge County, Buena Vista City, and Lexington City",51678,Yes,7,4.4
4/10/2026,2022,Heroin,Locality,"Rockbridge County, Buena Vista City, and Lexington City",51530,Yes,7,4.4
4/10/2026,2022,Heroin,Locality,"Rockbridge County, Buena Vista City, and Lexington City",51163,Yes,7,4.4
4/10/2026,2022,Heroin,Locality,Rockingham County and Harrisonburg City,51165,Yes,12,2.3
4/10/2026,2022,Heroin,Locality,Southampton County and Franklin City,51620,Yes,3,1.6
4/10/2026,2022,Heroin,Locality,Southampton County and Franklin City,51175,Yes,3,1.6
4/10/2026,2022,Heroin,Locality,Washington County and Bristol City,51191,Yes,2,1.1
4/10/2026,2022,Heroin,Locality,Wise County and Norton City,51720,Yes,2,0.7
4/10/2026,2023,Heroin,Locality,Albemarle County and Charlottesville City,51540,Yes,12,2.2
4/10/2026,2023,Heroin,Locality,Albemarle County and Charlottesville City,51003,Yes,12,2.2
4/10/2026,2023,Heroin,Locality,Alleghany County and Covington City,51580,Yes,9,5.6
4/10/2026,2023,Heroin,Locality,Alleghany County and Covington City,51005,Yes,9,5.6
4/10/2026,2023,Heroin,Locality,"Augusta County, Staunton City, and Waynesboro City",51820,Yes,3,0.5
4/10/2026,2023,Heroin,Locality,"Augusta County, Staunton City, and Waynesboro City",51015,Yes,3,0.5
4/10/2026,2023,Heroin,Locality,Chesterfield County and Colonial Heights City,51570,Yes,31,1.6
4/10/2026,2023,Heroin,Locality,Chesterfield County and Colonial Heights City,51041,Yes,31,1.6
4/10/2026,2023,Heroin,Locality,"Fairfax County, Fairfax City, and Falls Church City",51600,Yes,11,0.3
4/10/2026,2023,Heroin,Locality,Frederick County and Winchester City,51069,Yes,4,0.8
4/10/2026,2023,Heroin,Locality,Grayson County and Galax City,51640,Yes,1,0.7
4/10/2026,2023,Heroin,Locality,Grayson County and Galax City,51077,Yes,1,0.7
4/10/2026,2023,Heroin,Locality,Greensville County and Emporia City,51595,Yes,0,0
4/10/2026,2023,Heroin,Locality,Greensville County and Emporia City,51081,Yes,0,0
4/10/2026,2023,Heroin,Locality,Henry County and Martinsville City,51690,Yes,12,3.2
4/10/2026,2023,Heroin,Locality,Henry County and Martinsville City,51089,Yes,12,3.2
4/10/2026,2023,Heroin,Locality,Montgomery County and Radford City,51121,Yes,20,4.5
4/10/2026,2023,Heroin,Locality,Pittsylvania County and Danville City,51590,Yes,8,1.4
4/10/2026,2023,Heroin,Locality,Pittsylvania County and Danville City,51143,Yes,8,1.4
4/10/2026,2023,Heroin,Locality,"Prince George County, Hopewell City, and Petersburg City",51730,Yes,10,0.9
4/10/2026,2023,Heroin,Locality,"Prince George County, Hopewell City, and Petersburg City",51149,Yes,10,0.9
4/10/2026,2023,Heroin,Locality,"Prince William County, Manassas City, and Manassas Park City",51685,Yes,8,0.4
4/10/2026,2023,Heroin,Locality,"Prince William County, Manassas City, and Manassas Park City",51683,Yes,8,0.4
4/10/2026,2023,Heroin,Locality,"Prince William County, Manassas City, and Manassas Park City",51153,Yes,8,0.4
4/10/2026,2023,Heroin,Locality,"Roanoke County, Roanoke City, and Salem City",51775,Yes,133,10.3
4/10/2026,2023,Heroin,Locality,"Roanoke County, Roanoke City, and Salem City",51161,Yes,133,10.3
4/10/2026,2023,Heroin,Locality,"Rockbridge County, Buena Vista City, and Lexington City",51530,Yes,0,0
4/10/2026,2023,Heroin,Locality,"Rockbridge County, Buena Vista City, and Lexington City",51163,Yes,0,0
4/10/2026,2023,Heroin,Locality,Rockingham County and Harrisonburg City,51660,Yes,5,0.9
4/10/2026,2023,Heroin,Locality,Rockingham County and Harrisonburg City,51165,Yes,5,0.9
4/10/2026,2023,Heroin,Locality,Southampton County and Franklin City,51175,Yes,5,2.5
4/10/2026,2023,Heroin,Locality,Washington County and Bristol City,51520,Yes,1,0.6
4/10/2026,2023,Heroin,Locality,Washington County and Bristol City,51191,Yes,1,0.6
4/10/2026,2023,Heroin,Locality,Wise County and Norton City,51720,Yes,2,0.8
4/10/2026,2023,Heroin,Locality,Wise County and Norton City,51195,Yes,2,0.8
4/10/2026,2024,Heroin,Locality,Albemarle County and Charlottesville City,51540,Yes,7,1.3
4/10/2026,2024,Heroin,Locality,Albemarle County and Charlottesville City,51003,Yes,7,1.3
4/10/2026,2024,Heroin,Locality,Alleghany County and Covington City,51580,Yes,4,2.4
4/10/2026,2024,Heroin,Locality,Alleghany County and Covington City,51005,Yes,4,2.4
4/10/2026,2024,Heroin,Locality,"Augusta County, Staunton City, and Waynesboro City",51790,Yes,2,0.3
4/10/2026,2024,Heroin,Locality,"Augusta County, Staunton City, and Waynesboro City",51820,Yes,2,0.3
4/10/2026,2024,Heroin,Locality,Chesterfield County and Colonial Heights City,51570,Yes,13,0.7
4/10/2026,2024,Heroin,Locality,Chesterfield County and Colonial Heights City,51041,Yes,13,0.7
4/10/2026,2024,Heroin,Locality,"Fairfax County, Fairfax City, and Falls Church City",51610,Yes,11,0.3
4/10/2026,2024,Heroin,Locality,"Fairfax County, Fairfax City, and Falls Church City",51600,Yes,11,0.3
4/10/2026,2024,Heroin,Locality,Grayson County and Galax City,51640,Yes,0,0
4/10/2026,2024,Heroin,Locality,Grayson County and Galax City,51077,Yes,0,0
4/10/2026,2024,Heroin,Locality,Greensville County and Emporia City,51595,Yes,0,0
4/10/2026,2024,Heroin,Locality,Henry County and Martinsville City,51690,Yes,9,2.3
4/10/2026,2024,Heroin,Locality,Henry County and Martinsville City,51089,Yes,9,2.3
4/10/2026,2024,Heroin,Locality,Montgomery County and Radford City,51750,Yes,6,1.4
4/10/2026,2024,Heroin,Locality,Montgomery County and Radford City,51121,Yes,6,1.4
4/10/2026,2024,Heroin,Locality,Pittsylvania County and Danville City,51590,Yes,1,0.2
4/10/2026,2024,Heroin,Locality,"Prince George County, Hopewell City, and Petersburg City",51670,Yes,8,0.7
4/10/2026,2024,Heroin,Locality,"Prince George County, Hopewell City, and Petersburg City",51730,Yes,8,0.7
4/10/2026,2024,Heroin,Locality,"Prince George County, Hopewell City, and Petersburg City",51149,Yes,8,0.7
4/10/2026,2024,Heroin,Locality,"Prince William County, Manassas City, and Manassas Park City",51685,Yes,2,0.1
4/10/2026,2024,Heroin,Locality,"Roanoke County, Roanoke City, and Salem City",51775,Yes,108,8
4/10/2026,2024,Heroin,Locality,"Roanoke County, Roanoke City, and Salem City",51161,Yes,108,8
4/10/2026,2024,Heroin,Locality,"Rockbridge County, Buena Vista City, and Lexington City",51678,Yes,0,0
4/10/2026,2024,Heroin,Locality,"Rockbridge County, Buena Vista City, and Lexington City",51530,Yes,0,0
4/10/2026,2024,Heroin,Locality,"Rockbridge County, Buena Vista City, and Lexington City",51163,Yes,0,0
4/10/2026,2024,Heroin,Locality,Rockingham County and Harrisonburg City,51165,Yes,0,0
4/10/2026,2024,Heroin,Locality,Southampton County and Franklin City,51620,Yes,0,0
4/10/2026,2024,Heroin,Locality,Southampton County and Franklin City,51175,Yes,0,0
4/10/2026,2024,Heroin,Locality,Washington County and Bristol City,51520,Yes,1,0.5
4/10/2026,2024,Heroin,Locality,Washington County and Bristol City,51191,Yes,1,0.5
4/10/2026,2024,Heroin,Locality,Wise County and Norton City,51720,Yes,0,0
4/10/2026,2025,Heroin,Locality,Albemarle County and Charlottesville City,51540,Yes,5,0.9
4/10/2026,2025,Heroin,Locality,Alleghany County and Covington City,51580,Yes,*,1.1
4/10/2026,2025,Heroin,Locality,Alleghany County and Covington City,51005,Yes,*,1.1
4/10/2026,2025,Heroin,Locality,"Augusta County, Staunton City, and Waynesboro City",51790,Yes,*,0.4
4/10/2026,2025,Heroin,Locality,"Augusta County, Staunton City, and Waynesboro City",51820,Yes,*,0.4
4/10/2026,2025,Heroin,Locality,Chesterfield County and Colonial Heights City,51570,Yes,14,0.7
4/10/2026,2025,Heroin,Locality,Chesterfield County and Colonial Heights City,51041,Yes,14,0.7
4/10/2026,2025,Heroin,Locality,"Fairfax County, Fairfax City, and Falls Church City",51610,Yes,*,0.1
4/10/2026,2025,Heroin,Locality,"Fairfax County, Fairfax City, and Falls Church City",51600,Yes,*,0.1
4/10/2026,2025,Heroin,Locality,"Fairfax County, Fairfax City, and Falls Church City",51059,Yes,*,0.1
4/10/2026,2025,Heroin,Locality,Frederick County and Winchester City,51840,Yes,0,0
4/10/2026,2025,Heroin,Locality,Frederick County and Winchester City,51069,Yes,0,0
4/10/2026,2025,Heroin,Locality,Grayson County and Galax City,51077,Yes,0,0
4/10/2026,2025,Heroin,Locality,Greensville County and Emporia City,51595,Yes,0,0
4/10/2026,2025,Heroin,Locality,Greensville County and Emporia City,51081,Yes,0,0
4/10/2026,2025,Heroin,Locality,Henry County and Martinsville City,51690,Yes,11,2.7
4/10/2026,2025,Heroin,Locality,Henry County and Martinsville City,51089,Yes,11,2.7
4/10/2026,2025,Heroin,Locality,Montgomery County and Radford City,51750,Yes,6,1.3
4/10/2026,2025,Heroin,Locality,Montgomery County and Radford City,51121,Yes,6,1.3
4/10/2026,2025,Heroin,Locality,Pittsylvania County and Danville City,51143,Yes,*,0.5
4/10/2026,2025,Heroin,Locality,"Prince George County, Hopewell City, and Petersburg City",51670,Yes,6,0.5
4/10/2026,2025,Heroin,Locality,"Prince George County, Hopewell City, and Petersburg City",51149,Yes,6,0.5
4/10/2026,2025,Heroin,Locality,"Prince William County, Manassas City, and Manassas Park City",51685,Yes,*,0.1
4/10/2026,2025,Heroin,Locality,"Prince William County, Manassas City, and Manassas Park City",51683,Yes,*,0.1
4/10/2026,2025,Heroin,Locality,"Roanoke County, Roanoke City, and Salem City",51775,Yes,73,5.5
4/10/2026,2025,Heroin,Locality,"Roanoke County, Roanoke City, and Salem City",51770,Yes,73,5.5
4/10/2026,2025,Heroin,Locality,"Roanoke County, Roanoke City, and Salem City",51161,Yes,73,5.5
4/10/2026,2025,Heroin,Locality,"Rockbridge County, Buena Vista City, and Lexington City",51678,Yes,*,1.1
4/10/2026,2025,Heroin,Locality,"Rockbridge County, Buena Vista City, and Lexington City",51530,Yes,*,1.1
4/10/2026,2025,Heroin,Locality,"Rockbridge County, Buena Vista City, and Lexington City",51163,Yes,*,1.1
4/10/2026,2025,Heroin,Locality,Rockingham County and Harrisonburg City,51165,Yes,*,0.3
4/10/2026,2025,Heroin,Locality,Southampton County and Franklin City,51175,Yes,0,0
4/10/2026,2025,Heroin,Locality,Washington County and Bristol City,51520,Yes,*,0.5
4/10/2026,2025,Heroin,Locality,Washington County and Bristol City,51191,Yes,*,0.5
4/10/2026,2025,Heroin,Locality,Wise County and Norton City,51195,Yes,0,0
4/10/2026,2026,Heroin,Locality,Albemarle County and Charlottesville City,51540,Yes,0,0
4/10/2026,2026,Heroin,Locality,Alleghany County and Covington City,51005,Yes,1,2.3
4/10/2026,2026,Heroin,Locality,"Augusta County, Staunton City, and Waynesboro City",51790,Yes,0,0
4/10/2026,2026,Heroin,Locality,"Augusta County, Staunton City, and Waynesboro City",51820,Yes,0,0
4/10/2026,2026,Heroin,Locality,"Augusta County, Staunton City, and Waynesboro City",51015,Yes,0,0
4/10/2026,2026,Heroin,Locality,Chesterfield County and Colonial Heights City,51570,Yes,5,1
4/10/2026,2026,Heroin,Locality,Chesterfield County and Colonial Heights City,51041,Yes,5,1
4/10/2026,2026,Heroin,Locality,"Fairfax County, Fairfax City, and Falls Church City",51610,Yes,1,0.1
4/10/2026,2026,Heroin,Locality,"Fairfax County, Fairfax City, and Falls Church City",51600,Yes,1,0.1
4/10/2026,2026,Heroin,Locality,"Fairfax County, Fairfax City, and Falls Church City",51059,Yes,1,0.1
4/10/2026,2026,Heroin,Locality,Frederick County and Winchester City,51840,Yes,0,0
4/10/2026,2026,Heroin,Locality,Greensville County and Emporia City,51595,Yes,0,0
4/10/2026,2026,Heroin,Locality,Greensville County and Emporia City,51081,Yes,0,0
4/10/2026,2026,Heroin,Locality,Henry County and Martinsville City,51089,Yes,1,1.1
4/10/2026,2026,Heroin,Locality,Montgomery County and Radford City,51750,Yes,1,0.8
4/10/2026,2026,Heroin,Locality,Montgomery County and Radford City,51121,Yes,1,0.8
4/10/2026,2026,Heroin,Locality,Pittsylvania County and Danville City,51143,Yes,0,0
4/10/2026,2026,Heroin,Locality,"Prince George County, Hopewell City, and Petersburg City",51670,Yes,1,0.3
4/10/2026,2026,Heroin,Locality,"Prince George County, Hopewell City, and Petersburg City",51730,Yes,1,0.3
4/10/2026,2026,Heroin,Locality,"Prince William County, Manassas City, and Manassas Park City",51683,Yes,0,0
4/10/2026,2026,Heroin,Locality,"Prince William County, Manassas City, and Manassas Park City",51153,Yes,0,0
4/10/2026,2026,Heroin,Locality,"Roanoke County, Roanoke City, and Salem City",51775,Yes,11,3.4
4/10/2026,2026,Heroin,Locality,"Roanoke County, Roanoke City, and Salem City",51770,Yes,11,3.4
4/10/2026,2026,Heroin,Locality,"Roanoke County, Roanoke City, and Salem City",51161,Yes,11,3.4
4/10/2026,2026,Heroin,Locality,"Rockbridge County, Buena Vista City, and Lexington City",51678,Yes,0,0
4/10/2026,2026,Heroin,Locality,"Rockbridge County, Buena Vista City, and Lexington City",51530,Yes,0,0
4/10/2026,2026,Heroin,Locality,"Rockbridge County, Buena Vista City, and Lexington City",51163,Yes,0,0
4/10/2026,2026,Heroin,Locality,Rockingham County and Harrisonburg City,51660,Yes,0,0
4/10/2026,2026,Heroin,Locality,Southampton County and Franklin City,51620,Yes,0,0
4/10/2026,2026,Heroin,Locality,Southampton County and Franklin City,51175,Yes,0,0
4/10/2026,2026,Heroin,Locality,Washington County and Bristol City,51520,Yes,0,0
4/10/2026,2026,Heroin,Locality,Washington County and Bristol City,51191,Yes,0,0
4/10/2026,2021,Opioid,Locality,Albemarle County and Charlottesville City,51540,Yes,139,29.8
4/10/2026,2021,Opioid,Locality,Albemarle County and Charlottesville City,51003,Yes,139,29.8
4/10/2026,2021,Opioid,Locality,Alleghany County and Covington City,51580,Yes,32,23.6
4/10/2026,2021,Opioid,Locality,Alleghany County and Covington City,51005,Yes,32,23.6
4/10/2026,2021,Opioid,Locality,"Augusta County, Staunton City, and Waynesboro City",51820,Yes,170,30.1
4/10/2026,2021,Opioid,Locality,"Augusta County, Staunton City, and Waynesboro City",51015,Yes,170,30.1
4/10/2026,2021,Opioid,Locality,Chesterfield County and Colonial Heights City,51570,Yes,588,38.1
4/10/2026,2021,Opioid,Locality,Chesterfield County and Colonial Heights City,51041,Yes,588,38.1
4/10/2026,2021,Opioid,Locality,"Fairfax County, Fairfax City, and Falls Church City",51600,Yes,652,24.7
4/10/2026,2021,Opioid,Locality,"Fairfax County, Fairfax City, and Falls Church City",51059,Yes,652,24.7
4/10/2026,2021,Opioid,Locality,Frederick County and Winchester City,51840,Yes,156,34.7
4/10/2026,2021,Opioid,Locality,Frederick County and Winchester City,51069,Yes,156,34.7
4/10/2026,2021,Opioid,Locality,Grayson County and Galax City,51640,Yes,73,53.8
4/10/2026,2021,Opioid,Locality,Greensville County and Emporia City,51595,Yes,37,34.8
4/10/2026,2021,Opioid,Locality,Greensville County and Emporia City,51081,Yes,37,34.8
4/10/2026,2021,Opioid,Locality,Henry County and Martinsville City,51089,Yes,195,57.1
4/10/2026,2021,Opioid,Locality,Montgomery County and Radford City,51121,Yes,114,30.7
4/10/2026,2021,Opioid,Locality,"Prince William County, Manassas City, and Manassas Park City",51683,Yes,395,26.1
4/10/2026,2021,Opioid,Locality,"Prince William County, Manassas City, and Manassas Park City",51153,Yes,395,26.1
4/10/2026,2021,Opioid,Locality,"Roanoke County, Roanoke City, and Salem City",51775,Yes,657,58.8
4/10/2026,2021,Opioid,Locality,"Roanoke County, Roanoke City, and Salem City",51770,Yes,657,58.8
4/10/2026,2021,Opioid,Locality,"Roanoke County, Roanoke City, and Salem City",51161,Yes,657,58.8
4/10/2026,2021,Opioid,Locality,"Rockbridge County, Buena Vista City, and Lexington City",51678,Yes,44,30.5
4/10/2026,2021,Opioid,Locality,"Rockbridge County, Buena Vista City, and Lexington City",51163,Yes,44,30.5
4/10/2026,2021,Opioid,Locality,Rockingham County and Harrisonburg City,51660,Yes,128,25.5
4/10/2026,2021,Opioid,Locality,Southampton County and Franklin City,51620,Yes,31,17.9
4/10/2026,2021,Opioid,Locality,Washington County and Bristol City,51520,Yes,37,22.1
4/10/2026,2021,Opioid,Locality,Washington County and Bristol City,51191,Yes,37,22.1
4/10/2026,2021,Opioid,Locality,Wise County and Norton City,51195,Yes,85,33
4/10/2026,2022,Opioid,Locality,Albemarle County and Charlottesville City,51540,Yes,182,35
4/10/2026,2022,Opioid,Locality,Alleghany County and Covington City,51580,Yes,37,25.1
4/10/2026,2022,Opioid,Locality,"Augusta County, Staunton City, and Waynesboro City",51790,Yes,180,30.1
4/10/2026,2022,Opioid,Locality,"Augusta County, Staunton City, and Waynesboro City",51820,Yes,180,30.1
4/10/2026,2022,Opioid,Locality,"Augusta County, Staunton City, and Waynesboro City",51015,Yes,180,30.1
4/10/2026,2022,Opioid,Locality,Chesterfield County and Colonial Heights City,51570,Yes,480,27.9
4/10/2026,2022,Opioid,Locality,Chesterfield County and Colonial Heights City,51041,Yes,480,27.9
4/10/2026,2022,Opioid,Locality,"Fairfax County, Fairfax City, and Falls Church City",51610,Yes,608,20.3
4/10/2026,2022,Opioid,Locality,"Fairfax County, Fairfax City, and Falls Church City",51059,Yes,608,20.3
4/10/2026,2022,Opioid,Locality,Frederick County and Winchester City,51840,Yes,157,32.5
4/10/2026,2022,Opioid,Locality,Frederick County and Winchester City,51069,Yes,157,32.5
4/10/2026,2022,Opioid,Locality,Grayson County and Galax City,51640,Yes,91,69.8
4/10/2026,2022,Opioid,Locality,Grayson County and Galax City,51077,Yes,91,69.8
4/10/2026,2022,Opioid,Locality,Greensville County and Emporia City,51081,Yes,31,26
4/10/2026,2022,Opioid,Locality,Henry County and Martinsville City,51690,Yes,156,43.9
4/10/2026,2022,Opioid,Locality,Henry County and Martinsville City,51089,Yes,156,43.9
4/10/2026,2022,Opioid,Locality,Montgomery County and Radford City,51750,Yes,163,39.6
4/10/2026,2022,Opioid,Locality,Montgomery County and Radford City,51121,Yes,163,39.6
4/10/2026,2022,Opioid,Locality,Pittsylvania County and Danville City,51143,Yes,176,31
4/10/2026,2022,Opioid,Locality,"Prince William County, Manassas City, and Manassas Park City",51685,Yes,387,23.1
4/10/2026,2022,Opioid,Locality,"Prince William County, Manassas City, and Manassas Park City",51683,Yes,387,23.1
4/10/2026,2022,Opioid,Locality,"Roanoke County, Roanoke City, and Salem City",51775,Yes,648,55.2
4/10/2026,2022,Opioid,Locality,"Roanoke County, Roanoke City, and Salem City",51770,Yes,648,55.2
4/10/2026,2022,Opioid,Locality,"Roanoke County, Roanoke City, and Salem City",51161,Yes,648,55.2
4/10/2026,2022,Opioid,Locality,"Rockbridge County, Buena Vista City, and Lexington City",51678,Yes,51,31.9
4/10/2026,2022,Opioid,Locality,"Rockbridge County, Buena Vista City, and Lexington City",51530,Yes,51,31.9
4/10/2026,2022,Opioid,Locality,"Rockbridge County, Buena Vista City, and Lexington City",51163,Yes,51,31.9
4/10/2026,2022,Opioid,Locality,Rockingham County and Harrisonburg City,51660,Yes,108,20.3
4/10/2026,2022,Opioid,Locality,Southampton County and Franklin City,51620,Yes,48,25.1
4/10/2026,2022,Opioid,Locality,Southampton County and Franklin City,51175,Yes,48,25.1
4/10/2026,2022,Opioid,Locality,Washington County and Bristol City,51520,Yes,65,37
4/10/2026,2022,Opioid,Locality,Washington County and Bristol City,51191,Yes,65,37
4/10/2026,2022,Opioid,Locality,Wise County and Norton City,51195,Yes,96,36
4/10/2026,2023,Opioid,Locality,Albemarle County and Charlottesville City,51540,Yes,210,38.3
4/10/2026,2023,Opioid,Locality,Albemarle County and Charlottesville City,51003,Yes,210,38.3
4/10/2026,2023,Opioid,Locality,Alleghany County and Covington City,51580,Yes,28,17.4
4/10/2026,2023,Opioid,Locality,"Augusta County, Staunton City, and Waynesboro City",51820,Yes,159,24.8
4/10/2026,2023,Opioid,Locality,"Fairfax County, Fairfax City, and Falls Church City",51610,Yes,727,22.7
4/10/2026,2023,Opioid,Locality,"Fairfax County, Fairfax City, and Falls Church City",51600,Yes,727,22.7
4/10/2026,2023,Opioid,Locality,"Fairfax County, Fairfax City, and Falls Church City",51059,Yes,727,22.7
4/10/2026,2023,Opioid,Locality,Frederick County and Winchester City,51840,Yes,131,26.3
4/10/2026,2023,Opioid,Locality,Grayson County and Galax City,51077,Yes,82,61.2
4/10/2026,2023,Opioid,Locality,Greensville County and Emporia City,51595,Yes,23,19.6
4/10/2026,2023,Opioid,Locality,Henry County and Martinsville City,51690,Yes,174,47
4/10/2026,2023,Opioid,Locality,Montgomery County and Radford City,51750,Yes,80,18.1
4/10/2026,2023,Opioid,Locality,Pittsylvania County and Danville City,51590,Yes,200,34.7
4/10/2026,2023,Opioid,Locality,"Prince George County, Hopewell City, and Petersburg City",51670,Yes,369,34
4/10/2026,2023,Opioid,Locality,"Prince George County, Hopewell City, and Petersburg City",51730,Yes,369,34
4/10/2026,2023,Opioid,Locality,"Prince George County, Hopewell City, and Petersburg City",51149,Yes,369,34
4/10/2026,2023,Opioid,Locality,"Prince William County, Manassas City, and Manassas Park City",51685,Yes,355,19.7
4/10/2026,2023,Opioid,Locality,"Roanoke County, Roanoke City, and Salem City",51775,Yes,575,44.5
4/10/2026,2023,Opioid,Locality,"Roanoke County, Roanoke City, and Salem City",51161,Yes,575,44.5
4/10/2026,2023,Opioid,Locality,"Rockbridge County, Buena Vista City, and Lexington City",51678,Yes,45,25.8
4/10/2026,2023,Opioid,Locality,"Rockbridge County, Buena Vista City, and Lexington City",51163,Yes,45,25.8
4/10/2026,2023,Opioid,Locality,Rockingham County and Harrisonburg City,51660,Yes,85,14.7
4/10/2026,2023,Opioid,Locality,Southampton County and Franklin City,51620,Yes,46,23.2
4/10/2026,2023,Opioid,Locality,Southampton County and Franklin City,51175,Yes,46,23.2
4/10/2026,2023,Opioid,Locality,Washington County and Bristol City,51520,Yes,59,33.1
4/10/2026,2023,Opioid,Locality,Washington County and Bristol City,51191,Yes,59,33.1
4/10/2026,2024,Opioid,Locality,"Augusta County, Staunton City, and Waynesboro City",51790,Yes,124,18.6
4/10/2026,2024,Opioid,Locality,"Augusta County, Staunton City, and Waynesboro City",51015,Yes,124,18.6
4/10/2026,2024,Opioid,Locality,Chesterfield County and Colonial Heights City,51570,Yes,336,17
4/10/2026,2024,Opioid,Locality,Chesterfield County and Colonial Heights City,51041,Yes,336,17
4/10/2026,2024,Opioid,Locality,"Fairfax County, Fairfax City, and Falls Church City",51610,Yes,647,19.6
4/10/2026,2024,Opioid,Locality,"Fairfax County, Fairfax City, and Falls Church City",51059,Yes,647,19.6
4/10/2026,2024,Opioid,Locality,Frederick County and Winchester City,51840,Yes,112,22.2
4/10/2026,2024,Opioid,Locality,Frederick County and Winchester City,51069,Yes,112,22.2
4/10/2026,2024,Opioid,Locality,Grayson County and Galax City,51640,Yes,43,30.2
4/10/2026,2024,Opioid,Locality,Greensville County and Emporia City,51595,Yes,27,22.5
4/10/2026,2024,Opioid,Locality,Henry County and Martinsville City,51690,Yes,132,33.5
4/10/2026,2024,Opioid,Locality,Henry County and Martinsville City,51089,Yes,132,33.5
4/10/2026,2024,Opioid,Locality,Montgomery County and Radford City,51750,Yes,75,16.9
4/10/2026,2024,Opioid,Locality,Montgomery County and Radford City,51121,Yes,75,16.9
4/10/2026,2024,Opioid,Locality,Pittsylvania County and Danville City,51143,Yes,138,21.9
4/10/2026,2024,Opioid,Locality,"Prince George County, Hopewell City, and Petersburg City",51670,Yes,239,21.1
4/10/2026,2024,Opioid,Locality,"Prince George County, Hopewell City, and Petersburg City",51730,Yes,239,21.1
4/10/2026,2024,Opioid,Locality,"Prince George County, Hopewell City, and Petersburg City",51149,Yes,239,21.1
4/10/2026,2024,Opioid,Locality,"Prince William County, Manassas City, and Manassas Park City",51685,Yes,281,15.2
4/10/2026,2024,Opioid,Locality,"Prince William County, Manassas City, and Manassas Park City",51683,Yes,281,15.2
4/10/2026,2024,Opioid,Locality,"Roanoke County, Roanoke City, and Salem City",51775,Yes,493,36.6
4/10/2026,2024,Opioid,Locality,"Roanoke County, Roanoke City, and Salem City",51770,Yes,493,36.6
4/10/2026,2024,Opioid,Locality,"Roanoke County, Roanoke City, and Salem City",51161,Yes,493,36.6
4/10/2026,2024,Opioid,Locality,"Rockbridge County, Buena Vista City, and Lexington City",51678,Yes,32,18.2
4/10/2026,2024,Opioid,Locality,"Rockbridge County, Buena Vista City, and Lexington City",51530,Yes,32,18.2
4/10/2026,2024,Opioid,Locality,"Rockbridge County, Buena Vista City, and Lexington City",51163,Yes,32,18.2
4/10/2026,2024,Opioid,Locality,Rockingham County and Harrisonburg City,51660,Yes,60,9.9
4/10/2026,2024,Opioid,Locality,Rockingham County and Harrisonburg City,51165,Yes,60,9.9
4/10/2026,2024,Opioid,Locality,Southampton County and Franklin City,51175,Yes,39,18.8
4/10/2026,2024,Opioid,Locality,Washington County and Bristol City,51191,Yes,45,24.4
4/10/2026,2024,Opioid,Locality,Wise County and Norton City,51720,Yes,78,30.1
4/10/2026,2025,Opioid,Locality,Albemarle County and Charlottesville City,51540,Yes,108,18.9
4/10/2026,2025,Opioid,Locality,Albemarle County and Charlottesville City,51003,Yes,108,18.9
4/10/2026,2025,Opioid,Locality,Alleghany County and Covington City,51580,Yes,33,18.7
4/10/2026,2025,Opioid,Locality,Alleghany County and Covington City,51005,Yes,33,18.7
4/10/2026,2025,Opioid,Locality,"Augusta County, Staunton City, and Waynesboro City",51820,Yes,127,18.9
4/10/2026,2025,Opioid,Locality,"Augusta County, Staunton City, and Waynesboro City",51015,Yes,127,18.9
4/10/2026,2025,Opioid,Locality,Chesterfield County and Colonial Heights City,51041,Yes,304,15.1
4/10/2026,2025,Opioid,Locality,"Fairfax County, Fairfax City, and Falls Church City",51059,Yes,631,18.6
4/10/2026,2025,Opioid,Locality,Frederick County and Winchester City,51840,Yes,76,14.7
4/10/2026,2025,Opioid,Locality,Grayson County and Galax City,51640,Yes,46,33
4/10/2026,2025,Opioid,Locality,Grayson County and Galax City,51077,Yes,46,33
4/10/2026,2025,Opioid,Locality,Greensville County and Emporia City,51595,Yes,14,12
4/10/2026,2025,Opioid,Locality,Greensville County and Emporia City,51081,Yes,14,12
4/10/2026,2025,Opioid,Locality,Henry County and Martinsville City,51690,Yes,109,27
4/10/2026,2025,Opioid,Locality,Henry County and Martinsville City,51089,Yes,109,27
4/10/2026,2025,Opioid,Locality,Montgomery County and Radford City,51750,Yes,76,15.8
4/10/2026,2025,Opioid,Locality,Pittsylvania County and Danville City,51590,Yes,136,20.5
4/10/2026,2025,Opioid,Locality,Pittsylvania County and Danville City,51143,Yes,136,20.5
4/10/2026,2025,Opioid,Locality,"Prince George County, Hopewell City, and Petersburg City",51670,Yes,220,18.6
4/10/2026,2025,Opioid,Locality,"Prince George County, Hopewell City, and Petersburg City",51730,Yes,220,18.6
4/10/2026,2025,Opioid,Locality,"Prince George County, Hopewell City, and Petersburg City",51149,Yes,220,18.6
4/10/2026,2025,Opioid,Locality,"Prince William County, Manassas City, and Manassas Park City",51685,Yes,286,15.3
4/10/2026,2025,Opioid,Locality,"Prince William County, Manassas City, and Manassas Park City",51683,Yes,286,15.3
4/10/2026,2025,Opioid,Locality,"Prince William County, Manassas City, and Manassas Park City",51153,Yes,286,15.3
4/10/2026,2025,Opioid,Locality,"Roanoke County, Roanoke City, and Salem City",51770,Yes,437,32.8
4/10/2026,2025,Opioid,Locality,"Roanoke County, Roanoke City, and Salem City",51161,Yes,437,32.8
4/10/2026,2025,Opioid,Locality,"Rockbridge County, Buena Vista City, and Lexington City",51530,Yes,35,19.5
4/10/2026,2025,Opioid,Locality,"Rockbridge County, Buena Vista City, and Lexington City",51163,Yes,35,19.5
4/10/2026,2025,Opioid,Locality,Rockingham County and Harrisonburg City,51660,Yes,90,14.7
4/10/2026,2025,Opioid,Locality,Rockingham County and Harrisonburg City,51165,Yes,90,14.7
4/10/2026,2025,Opioid,Locality,Southampton County and Franklin City,51620,Yes,26,12.9
4/10/2026,2025,Opioid,Locality,Southampton County and Franklin City,51175,Yes,26,12.9
4/10/2026,2025,Opioid,Locality,Washington County and Bristol City,51520,Yes,69,36.6
4/10/2026,2025,Opioid,Locality,Washington County and Bristol City,51191,Yes,69,36.6
4/10/2026,2025,Opioid,Locality,Wise County and Norton City,51720,Yes,61,22.6
4/10/2026,2025,Opioid,Locality,Wise County and Norton City,51195,Yes,61,22.6
4/10/2026,2026,Opioid,Locality,Albemarle County and Charlottesville City,51003,Yes,28,20.4
4/10/2026,2026,Opioid,Locality,Alleghany County and Covington City,51580,Yes,6,13.6
4/10/2026,2026,Opioid,Locality,Alleghany County and Covington City,51005,Yes,6,13.6
4/10/2026,2026,Opioid,Locality,"Augusta County, Staunton City, and Waynesboro City",51790,Yes,25,15.5
4/10/2026,2026,Opioid,Locality,"Augusta County, Staunton City, and Waynesboro City",51820,Yes,25,15.5
4/10/2026,2026,Opioid,Locality,Chesterfield County and Colonial Heights City,51570,Yes,63,12.5
4/10/2026,2026,Opioid,Locality,Chesterfield County and Colonial Heights City,51041,Yes,63,12.5
4/10/2026,2026,Opioid,Locality,"Fairfax County, Fairfax City, and Falls Church City",51610,Yes,136,17.3
4/10/2026,2026,Opioid,Locality,"Fairfax County, Fairfax City, and Falls Church City",51600,Yes,136,17.3
4/10/2026,2026,Opioid,Locality,"Fairfax County, Fairfax City, and Falls Church City",51059,Yes,136,17.3
4/10/2026,2026,Opioid,Locality,Frederick County and Winchester City,51840,Yes,26,20.5
4/10/2026,2026,Opioid,Locality,Frederick County and Winchester City,51069,Yes,26,20.5
4/10/2026,2026,Opioid,Locality,Grayson County and Galax City,51640,Yes,13,35.8
4/10/2026,2026,Opioid,Locality,Grayson County and Galax City,51077,Yes,13,35.8
4/10/2026,2026,Opioid,Locality,Greensville County and Emporia City,51081,Yes,5,17.9
4/10/2026,2026,Opioid,Locality,Henry County and Martinsville City,51690,Yes,27,28.5
4/10/2026,2026,Opioid,Locality,Henry County and Martinsville City,51089,Yes,27,28.5
4/10/2026,2026,Opioid,Locality,Montgomery County and Radford City,51750,Yes,20,16.4
4/10/2026,2026,Opioid,Locality,Montgomery County and Radford City,51121,Yes,20,16.4
4/10/2026,2026,Opioid,Locality,Pittsylvania County and Danville City,51590,Yes,27,16.6
4/10/2026,2026,Opioid,Locality,Pittsylvania County and Danville City,51143,Yes,27,16.6
4/10/2026,2026,Opioid,Locality,"Prince George County, Hopewell City, and Petersburg City",51670,Yes,27,9.3
4/10/2026,2026,Opioid,Locality,"Prince George County, Hopewell City, and Petersburg City",51149,Yes,27,9.3
4/10/2026,2026,Opioid,Locality,"Prince William County, Manassas City, and Manassas Park City",51683,Yes,64,14.2
4/10/2026,2026,Opioid,Locality,"Prince William County, Manassas City, and Manassas Park City",51153,Yes,64,14.2
4/10/2026,2026,Opioid,Locality,"Roanoke County, Roanoke City, and Salem City",51775,Yes,94,28.8
4/10/2026,2026,Opioid,Locality,"Rockbridge County, Buena Vista City, and Lexington City",51678,Yes,8,18.3
4/10/2026,2026,Opioid,Locality,"Rockbridge County, Buena Vista City, and Lexington City",51530,Yes,8,18.3
4/10/2026,2026,Opioid,Locality,Rockingham County and Harrisonburg City,51165,Yes,23,15.1
4/10/2026,2026,Opioid,Locality,Southampton County and Franklin City,51620,Yes,7,14.1
4/10/2026,2026,Opioid,Locality,Southampton County and Franklin City,51175,Yes,7,14.1
4/10/2026,2026,Opioid,Locality,Washington County and Bristol City,51520,Yes,5,10.8
4/10/2026,2026,Opioid,Locality,Wise County and Norton City,51720,Yes,14,21.5
4/10/2026,2026,Opioid,Locality,Wise County and Norton City,51195,Yes,14,21.5
4/10/2026,2021,Stimulant,Locality,Albemarle County and Charlottesville City,51540,Yes,19,4.1
4/10/2026,2021,Stimulant,Locality,Albemarle County and Charlottesville City,51003,Yes,19,4.1
4/10/2026,2021,Stimulant,Locality,Alleghany County and Covington City,51005,Yes,10,7.4
4/10/2026,2021,Stimulant,Locality,"Augusta County, Staunton City, and Waynesboro City",51820,Yes,20,3.5
4/10/2026,2021,Stimulant,Locality,"Augusta County, Staunton City, and Waynesboro City",51015,Yes,20,3.5
4/10/2026,2021,Stimulant,Locality,Chesterfield County and Colonial Heights City,51570,Yes,69,4.5
4/10/2026,2021,Stimulant,Locality,Chesterfield County and Colonial Heights City,51041,Yes,69,4.5
4/10/2026,2021,Stimulant,Locality,"Fairfax County, Fairfax City, and Falls Church City",51600,Yes,40,1.5
4/10/2026,2021,Stimulant,Locality,"Fairfax County, Fairfax City, and Falls Church City",51059,Yes,40,1.5
4/10/2026,2021,Stimulant,Locality,Frederick County and Winchester City,51840,Yes,3,0.7
4/10/2026,2021,Stimulant,Locality,Grayson County and Galax City,51640,Yes,4,2.9
4/10/2026,2021,Stimulant,Locality,Grayson County and Galax City,51077,Yes,4,2.9
4/10/2026,2021,Stimulant,Locality,Greensville County and Emporia City,51595,Yes,1,0.9
4/10/2026,2021,Stimulant,Locality,Greensville County and Emporia City,51081,Yes,1,0.9
4/10/2026,2021,Stimulant,Locality,Henry County and Martinsville City,51089,Yes,35,10.3
4/10/2026,2021,Stimulant,Locality,Montgomery County and Radford City,51750,Yes,22,5.9
4/10/2026,2021,Stimulant,Locality,Montgomery County and Radford City,51121,Yes,22,5.9
4/10/2026,2021,Stimulant,Locality,Pittsylvania County and Danville City,51590,Yes,25,4.5
4/10/2026,2021,Stimulant,Locality,Pittsylvania County and Danville City,51143,Yes,25,4.5
4/10/2026,2021,Stimulant,Locality,"Prince George County, Hopewell City, and Petersburg City",51670,Yes,24,2.7
4/10/2026,2021,Stimulant,Locality,"Prince George County, Hopewell City, and Petersburg City",51149,Yes,24,2.7
4/10/2026,2021,Stimulant,Locality,"Prince William County, Manassas City, and Manassas Park City",51685,Yes,16,1.1
4/10/2026,2021,Stimulant,Locality,"Prince William County, Manassas City, and Manassas Park City",51683,Yes,16,1.1
4/10/2026,2021,Stimulant,Locality,"Roanoke County, Roanoke City, and Salem City",51775,Yes,67,6
4/10/2026,2021,Stimulant,Locality,"Rockbridge County, Buena Vista City, and Lexington City",51678,Yes,1,0.7
4/10/2026,2021,Stimulant,Locality,"Rockbridge County, Buena Vista City, and Lexington City",51530,Yes,1,0.7
4/10/2026,2021,Stimulant,Locality,"Rockbridge County, Buena Vista City, and Lexington City",51163,Yes,1,0.7
4/10/2026,2021,Stimulant,Locality,Rockingham County and Harrisonburg City,51660,Yes,5,1
4/10/2026,2021,Stimulant,Locality,Rockingham County and Harrisonburg City,51165,Yes,5,1
4/10/2026,2021,Stimulant,Locality,Southampton County and Franklin City,51175,Yes,2,1.2
4/10/2026,2021,Stimulant,Locality,Washington County and Bristol City,51191,Yes,8,4.8
4/10/2026,2021,Stimulant,Locality,Wise County and Norton City,51195,Yes,6,2.3
4/10/2026,2022,Stimulant,Locality,Albemarle County and Charlottesville City,51540,Yes,15,2.9
4/10/2026,2022,Stimulant,Locality,Alleghany County and Covington City,51580,Yes,11,7.5
4/10/2026,2022,Stimulant,Locality,Alleghany County and Covington City,51005,Yes,11,7.5
4/10/2026,2022,Stimulant,Locality,"Augusta County, Staunton City, and Waynesboro City",51790,Yes,33,5.5
4/10/2026,2022,Stimulant,Locality,"Augusta County, Staunton City, and Waynesboro City",51820,Yes,33,5.5
4/10/2026,2022,Stimulant,Locality,Chesterfield County and Colonial Heights City,51570,Yes,44,2.6
4/10/2026,2022,Stimulant,Locality,Chesterfield County and Colonial Heights City,51041,Yes,44,2.6
4/10/2026,2022,Stimulant,Locality,"Fairfax County, Fairfax City, and Falls Church City",51059,Yes,30,1
4/10/2026,2022,Stimulant,Locality,Frederick County and Winchester City,51069,Yes,3,0.6
4/10/2026,2022,Stimulant,Locality,Grayson County and Galax City,51640,Yes,0,0
4/10/2026,2022,Stimulant,Locality,Grayson County and Galax City,51077,Yes,0,0
4/10/2026,2022,Stimulant,Locality,Greensville County and Emporia City,51595,Yes,3,2.5
4/10/2026,2022,Stimulant,Locality,Greensville County and Emporia City,51081,Yes,3,2.5
4/10/2026,2022,Stimulant,Locality,Henry County and Martinsville City,51690,Yes,32,9
4/10/2026,2022,Stimulant,Locality,Montgomery County and Radford City,51121,Yes,26,6.3
4/10/2026,2022,Stimulant,Locality,Pittsylvania County and Danville City,51590,Yes,39,6.9
4/10/2026,2022,Stimulant,Locality,"Prince George County, Hopewell City, and Petersburg City",51149,Yes,30,3.2
4/10/2026,2022,Stimulant,Locality,"Prince William County, Manassas City, and Manassas Park City",51685,Yes,22,1.3
4/10/2026,2022,Stimulant,Locality,"Prince William County, Manassas City, and Manassas Park City",51683,Yes,22,1.3
4/10/2026,2022,Stimulant,Locality,"Prince William County, Manassas City, and Manassas Park City",51153,Yes,22,1.3
4/10/2026,2022,Stimulant,Locality,"Roanoke County, Roanoke City, and Salem City",51775,Yes,58,4.9
4/10/2026,2022,Stimulant,Locality,"Roanoke County, Roanoke City, and Salem City",51770,Yes,58,4.9
4/10/2026,2022,Stimulant,Locality,"Roanoke County, Roanoke City, and Salem City",51161,Yes,58,4.9
4/10/2026,2022,Stimulant,Locality,"Rockbridge County, Buena Vista City, and Lexington City",51678,Yes,4,2.5
4/10/2026,2022,Stimulant,Locality,"Rockbridge County, Buena Vista City, and Lexington City",51530,Yes,4,2.5
4/10/2026,2022,Stimulant,Locality,Rockingham County and Harrisonburg City,51660,Yes,7,1.3
4/10/2026,2022,Stimulant,Locality,Rockingham County and Harrisonburg City,51165,Yes,7,1.3
4/10/2026,2022,Stimulant,Locality,Southampton County and Franklin City,51620,Yes,0,0
4/10/2026,2022,Stimulant,Locality,Southampton County and Franklin City,51175,Yes,0,0
4/10/2026,2022,Stimulant,Locality,Washington County and Bristol City,51520,Yes,2,1.1
4/10/2026,2022,Stimulant,Locality,Washington County and Bristol City,51191,Yes,2,1.1
4/10/2026,2022,Stimulant,Locality,Wise County and Norton City,51195,Yes,9,3.4
4/10/2026,2023,Stimulant,Locality,Alleghany County and Covington City,51580,Yes,6,3.7
4/10/2026,2023,Stimulant,Locality,Alleghany County and Covington City,51005,Yes,6,3.7
4/10/2026,2023,Stimulant,Locality,"Augusta County, Staunton City, and Waynesboro City",51820,Yes,45,7
4/10/2026,2023,Stimulant,Locality,"Augusta County, Staunton City, and Waynesboro City",51015,Yes,45,7
4/10/2026,2023,Stimulant,Locality,Chesterfield County and Colonial Heights City,51570,Yes,47,2.5
4/10/2026,2023,Stimulant,Locality,Chesterfield County and Colonial Heights City,51041,Yes,47,2.5
4/10/2026,2023,Stimulant,Locality,"Fairfax County, Fairfax City, and Falls Church City",51610,Yes,44,1.4
4/10/2026,2023,Stimulant,Locality,"Fairfax County, Fairfax City, and Falls Church City",51600,Yes,44,1.4
4/10/2026,2023,Stimulant,Locality,Frederick County and Winchester City,51840,Yes,4,0.8
4/10/2026,2023,Stimulant,Locality,Frederick County and Winchester City,51069,Yes,4,0.8
4/10/2026,2023,Stimulant,Locality,Grayson County and Galax City,51640,Yes,5,3.7
4/10/2026,2023,Stimulant,Locality,Grayson County and Galax City,51077,Yes,5,3.7
4/10/2026,2023,Stimulant,Locality,Greensville County and Emporia City,51595,Yes,4,3.4
4/10/2026,2023,Stimulant,Locality,Henry County and Martinsville City,51690,Yes,30,8.1
4/10/2026,2023,Stimulant,Locality,Henry County and Martinsville City,51089,Yes,30,8.1
4/10/2026,2023,Stimulant,Locality,Montgomery County and Radford City,51750,Yes,6,1.4
4/10/2026,2023,Stimulant,Locality,Montgomery County and Radford City,51121,Yes,6,1.4
4/10/2026,2023,Stimulant,Locality,Pittsylvania County and Danville City,51590,Yes,28,4.9
4/10/2026,2023,Stimulant,Locality,Pittsylvania County and Danville City,51143,Yes,28,4.9
4/10/2026,2023,Stimulant,Locality,"Prince George County, Hopewell City, and Petersburg City",51670,Yes,27,2.5
4/10/2026,2023,Stimulant,Locality,"Prince George County, Hopewell City, and Petersburg City",51730,Yes,27,2.5
4/10/2026,2023,Stimulant,Locality,"Prince George County, Hopewell City, and Petersburg City",51149,Yes,27,2.5
4/10/2026,2023,Stimulant,Locality,"Prince William County, Manassas City, and Manassas Park City",51685,Yes,17,0.9
4/10/2026,2023,Stimulant,Locality,"Prince William County, Manassas City, and Manassas Park City",51683,Yes,17,0.9
4/10/2026,2023,Stimulant,Locality,"Prince William County, Manassas City, and Manassas Park City",51153,Yes,17,0.9
4/10/2026,2023,Stimulant,Locality,"Roanoke County, Roanoke City, and Salem City",51770,Yes,64,4.9
4/10/2026,2023,Stimulant,Locality,"Roanoke County, Roanoke City, and Salem City",51161,Yes,64,4.9
4/10/2026,2023,Stimulant,Locality,"Rockbridge County, Buena Vista City, and Lexington City",51530,Yes,4,2.3
4/10/2026,2023,Stimulant,Locality,Rockingham County and Harrisonburg City,51165,Yes,6,1
4/10/2026,2023,Stimulant,Locality,Southampton County and Franklin City,51175,Yes,1,0.5
4/10/2026,2023,Stimulant,Locality,Washington County and Bristol City,51520,Yes,2,1.1
4/10/2026,2023,Stimulant,Locality,Washington County and Bristol City,51191,Yes,2,1.1
4/10/2026,2023,Stimulant,Locality,Wise County and Norton City,51720,Yes,5,1.9
4/10/2026,2023,Stimulant,Locality,Wise County and Norton City,51195,Yes,5,1.9
4/10/2026,2024,Stimulant,Locality,Albemarle County and Charlottesville City,51540,Yes,14,2.5
4/10/2026,2024,Stimulant,Locality,Alleghany County and Covington City,51580,Yes,7,4.2
4/10/2026,2024,Stimulant,Locality,"Augusta County, Staunton City, and Waynesboro City",51790,Yes,56,8.4
4/10/2026,2024,Stimulant,Locality,"Augusta County, Staunton City, and Waynesboro City",51820,Yes,56,8.4
4/10/2026,2024,Stimulant,Locality,"Augusta County, Staunton City, and Waynesboro City",51015,Yes,56,8.4
4/10/2026,2024,Stimulant,Locality,Chesterfield County and Colonial Heights City,51570,Yes,32,1.6
4/10/2026,2024,Stimulant,Locality,Chesterfield County and Colonial Heights City,51041,Yes,32,1.6
4/10/2026,2024,Stimulant,Locality,"Fairfax County, Fairfax City, and Falls Church City",51610,Yes,34,1
4/10/2026,2024,Stimulant,Locality,"Fairfax County, Fairfax City, and Falls Church City",51600,Yes,34,1
4/10/2026,2024,Stimulant,Locality,"Fairfax County, Fairfax City, and Falls Church City",51059,Yes,34,1
4/10/2026,2024,Stimulant,Locality,Frederick County and Winchester City,51840,Yes,9,1.8
4/10/2026,2024,Stimulant,Locality,Frederick County and Winchester City,51069,Yes,9,1.8
4/10/2026,2024,Stimulant,Locality,Grayson County and Galax City,51640,Yes,2,1.4
4/10/2026,2024,Stimulant,Locality,Greensville County and Emporia City,51595,Yes,1,0.8
4/10/2026,2024,Stimulant,Locality,Greensville County and Emporia City,51081,Yes,1,0.8
4/10/2026,2024,Stimulant,Locality,Henry County and Martinsville City,51690,Yes,38,9.7
4/10/2026,2024,Stimulant,Locality,Henry County and Martinsville City,51089,Yes,38,9.7
4/10/2026,2024,Stimulant,Locality,Montgomery County and Radford City,51750,Yes,8,1.8
4/10/2026,2024,Stimulant,Locality,Montgomery County and Radford City,51121,Yes,8,1.8
4/10/2026,2024,Stimulant,Locality,Pittsylvania County and Danville City,51143,Yes,27,4.3
4/10/2026,2024,Stimulant,Locality,"Prince George County, Hopewell City, and Petersburg City",51670,Yes,24,2.1
4/10/2026,2024,Stimulant,Locality,"Prince George County, Hopewell City, and Petersburg City",51730,Yes,24,2.1
4/10/2026,2024,Stimulant,Locality,"Prince George County, Hopewell City, and Petersburg City",51149,Yes,24,2.1
4/10/2026,2024,Stimulant,Locality,"Prince William County, Manassas City, and Manassas Park City",51683,Yes,20,1.1
4/10/2026,2024,Stimulant,Locality,"Prince William County, Manassas City, and Manassas Park City",51153,Yes,20,1.1
4/10/2026,2024,Stimulant,Locality,"Roanoke County, Roanoke City, and Salem City",51775,Yes,58,4.3
4/10/2026,2024,Stimulant,Locality,"Roanoke County, Roanoke City, and Salem City",51770,Yes,58,4.3
4/10/2026,2024,Stimulant,Locality,"Roanoke County, Roanoke City, and Salem City",51161,Yes,58,4.3
4/10/2026,2024,Stimulant,Locality,"Rockbridge County, Buena Vista City, and Lexington City",51678,Yes,2,1.1
4/10/2026,2024,Stimulant,Locality,Rockingham County and Harrisonburg City,51660,Yes,11,1.8
4/10/2026,2024,Stimulant,Locality,Rockingham County and Harrisonburg City,51165,Yes,11,1.8
4/10/2026,2024,Stimulant,Locality,Southampton County and Franklin City,51620,Yes,2,1
4/10/2026,2024,Stimulant,Locality,Southampton County and Franklin City,51175,Yes,2,1
4/10/2026,2024,Stimulant,Locality,Washington County and Bristol City,51520,Yes,6,3.3
4/10/2026,2024,Stimulant,Locality,Washington County and Bristol City,51191,Yes,6,3.3
4/10/2026,2024,Stimulant,Locality,Wise County and Norton City,51720,Yes,5,1.9
4/10/2026,2024,Stimulant,Locality,Wise County and Norton City,51195,Yes,5,1.9
4/10/2026,2025,Stimulant,Locality,Albemarle County and Charlottesville City,51540,Yes,16,2.8
4/10/2026,2025,Stimulant,Locality,Albemarle County and Charlottesville City,51003,Yes,16,2.8
4/10/2026,2025,Stimulant,Locality,Alleghany County and Covington City,51580,Yes,*,0.6
4/10/2026,2025,Stimulant,Locality,Alleghany County and Covington City,51005,Yes,*,0.6
4/10/2026,2025,Stimulant,Locality,"Augusta County, Staunton City, and Waynesboro City",51790,Yes,63,9.4
4/10/2026,2025,Stimulant,Locality,"Fairfax County, Fairfax City, and Falls Church City",51610,Yes,45,1.3
4/10/2026,2025,Stimulant,Locality,"Fairfax County, Fairfax City, and Falls Church City",51600,Yes,45,1.3
4/10/2026,2025,Stimulant,Locality,Frederick County and Winchester City,51840,Yes,*,0.6
4/10/2026,2025,Stimulant,Locality,Frederick County and Winchester City,51069,Yes,*,0.6
4/10/2026,2025,Stimulant,Locality,Grayson County and Galax City,51640,Yes,8,5.7
4/10/2026,2025,Stimulant,Locality,Greensville County and Emporia City,51595,Yes,*,0.9
4/10/2026,2025,Stimulant,Locality,Greensville County and Emporia City,51081,Yes,*,0.9
4/10/2026,2025,Stimulant,Locality,Henry County and Martinsville City,51690,Yes,24,5.9
4/10/2026,2025,Stimulant,Locality,Henry County and Martinsville City,51089,Yes,24,5.9
4/10/2026,2025,Stimulant,Locality,Montgomery County and Radford City,51750,Yes,12,2.5
4/10/2026,2025,Stimulant,Locality,Montgomery County and Radford City,51121,Yes,12,2.5
4/10/2026,2025,Stimulant,Locality,Pittsylvania County and Danville City,51590,Yes,33,5
4/10/2026,2025,Stimulant,Locality,Pittsylvania County and Danville City,51143,Yes,33,5
4/10/2026,2025,Stimulant,Locality,"Prince George County, Hopewell City, and Petersburg City",51670,Yes,20,1.7
4/10/2026,2025,Stimulant,Locality,"Prince George County, Hopewell City, and Petersburg City",51730,Yes,20,1.7
4/10/2026,2025,Stimulant,Locality,"Prince William County, Manassas City, and Manassas Park City",51683,Yes,13,0.7
4/10/2026,2025,Stimulant,Locality,"Prince William County, Manassas City, and Manassas Park City",51153,Yes,13,0.7
4/10/2026,2025,Stimulant,Locality,"Roanoke County, Roanoke City, and Salem City",51770,Yes,30,2.3
4/10/2026,2025,Stimulant,Locality,"Roanoke County, Roanoke City, and Salem City",51161,Yes,30,2.3
4/10/2026,2025,Stimulant,Locality,"Rockbridge County, Buena Vista City, and Lexington City",51678,Yes,*,1.1
4/10/2026,2025,Stimulant,Locality,"Rockbridge County, Buena Vista City, and Lexington City",51163,Yes,*,1.1
4/10/2026,2025,Stimulant,Locality,Rockingham County and Harrisonburg City,51165,Yes,10,1.6
4/10/2026,2025,Stimulant,Locality,Southampton County and Franklin City,51620,Yes,*,0.5
4/10/2026,2025,Stimulant,Locality,Washington County and Bristol City,51520,Yes,*,2.1
4/10/2026,2025,Stimulant,Locality,Wise County and Norton City,51720,Yes,5,1.9
4/10/2026,2026,Stimulant,Locality,Albemarle County and Charlottesville City,51540,Yes,0,0
4/10/2026,2026,Stimulant,Locality,Albemarle County and Charlottesville City,51003,Yes,0,0
4/10/2026,2026,Stimulant,Locality,Alleghany County and Covington City,51580,Yes,0,0
4/10/2026,2026,Stimulant,Locality,Alleghany County and Covington City,51005,Yes,0,0
4/10/2026,2026,Stimulant,Locality,"Augusta County, Staunton City, and Waynesboro City",51790,Yes,7,4.3
4/10/2026,2026,Stimulant,Locality,"Augusta County, Staunton City, and Waynesboro City",51820,Yes,7,4.3
4/10/2026,2026,Stimulant,Locality,Chesterfield County and Colonial Heights City,51570,Yes,7,1.4
4/10/2026,2026,Stimulant,Locality,Chesterfield County and Colonial Heights City,51041,Yes,7,1.4
4/10/2026,2026,Stimulant,Locality,"Fairfax County, Fairfax City, and Falls Church City",51600,Yes,7,0.9
4/10/2026,2026,Stimulant,Locality,"Fairfax County, Fairfax City, and Falls Church City",51059,Yes,7,0.9
4/10/2026,2026,Stimulant,Locality,Frederick County and Winchester City,51840,Yes,4,3.2
4/10/2026,2026,Stimulant,Locality,Frederick County and Winchester City,51069,Yes,4,3.2
4/10/2026,2026,Stimulant,Locality,Grayson County and Galax City,51077,Yes,0,0
4/10/2026,2026,Stimulant,Locality,Greensville County and Emporia City,51595,Yes,0,0
4/10/2026,2026,Stimulant,Locality,Greensville County and Emporia City,51081,Yes,0,0
4/10/2026,2026,Stimulant,Locality,Henry County and Martinsville City,51089,Yes,5,5.3
4/10/2026,2026,Stimulant,Locality,Montgomery County and Radford City,51750,Yes,0,0
4/10/2026,2026,Stimulant,Locality,Pittsylvania County and Danville City,51590,Yes,4,2.5
4/10/2026,2026,Stimulant,Locality,Pittsylvania County and Danville City,51143,Yes,4,2.5
4/10/2026,2026,Stimulant,Locality,"Prince George County, Hopewell City, and Petersburg City",51670,Yes,5,1.7
4/10/2026,2026,Stimulant,Locality,"Prince George County, Hopewell City, and Petersburg City",51730,Yes,5,1.7
4/10/2026,2026,Stimulant,Locality,"Prince George County, Hopewell City, and Petersburg City",51149,Yes,5,1.7
4/10/2026,2026,Stimulant,Locality,"Prince William County, Manassas City, and Manassas Park City",51685,Yes,3,0.7
4/10/2026,2026,Stimulant,Locality,"Prince William County, Manassas City, and Manassas Park City",51683,Yes,3,0.7
4/10/2026,2026,Stimulant,Locality,"Prince William County, Manassas City, and Manassas Park City",51153,Yes,3,0.7
4/10/2026,2026,Stimulant,Locality,"Roanoke County, Roanoke City, and Salem City",51770,Yes,10,3.1
4/10/2026,2026,Stimulant,Locality,"Rockbridge County, Buena Vista City, and Lexington City",51678,Yes,1,2.3
4/10/2026,2026,Stimulant,Locality,"Rockbridge County, Buena Vista City, and Lexington City",51530,Yes,1,2.3
4/10/2026,2026,Stimulant,Locality,"Rockbridge County, Buena Vista City, and Lexington City",51163,Yes,1,2.3
4/10/2026,2026,Stimulant,Locality,Rockingham County and Harrisonburg City,51660,Yes,6,3.9
4/10/2026,2026,Stimulant,Locality,Rockingham County and Harrisonburg City,51165,Yes,6,3.9
4/10/2026,2026,Stimulant,Locality,Southampton County and Franklin City,51620,Yes,2,4
4/10/2026,2026,Stimulant,Locality,Washington County and Bristol City,51520,Yes,0,0
4/10/2026,2026,Stimulant,Locality,Washington County and Bristol City,51191,Yes,0,0
4/10/2026,2026,Stimulant,Locality,Wise County and Norton City,51720,Yes,4,6.1
4/10/2026,2024,Opioid,Health Region,Central,-,-,2158,25.1
4/10/2026,2026,Heroin,Health Region,Central,-,-,24,1.1
4/10/2026,2024,All Drug,Health Region,Northwest,-,-,2501,37.9
4/10/2026,2024,Stimulant,Health Region,Northern,-,-,80,1.1
4/10/2026,2024,Opioid,Health Region,Northwest,-,-,995,15.1
4/10/2026,2024,Heroin,Health Region,Eastern,-,-,210,2.1
4/10/2026,2022,Stimulant,Health Region,Northern,-,-,77,1.1
4/10/2026,2023,Heroin,Health Region,Southwest,-,-,283,4.4
4/10/2026,2023,Opioid,Health Region,Northwest,-,-,1375,21.8
4/10/2026,2023,All Drug,Health Region,Central,-,-,5511,66.5
4/10/2026,2025,Stimulant,Health Region,Eastern,-,-,97,1
4/10/2026,2025,Stimulant,Health Region,Northern,-,-,84,1.1
4/10/2026,2025,Opioid,Health Region,Central,-,-,1931,22.1
4/10/2026,2022,Opioid,Health Region,Eastern,-,-,3076,33.9
4/10/2026,2024,Stimulant,Health Region,Eastern,-,-,121,1.2
4/10/2026,2026,All Drug,Health Region,Eastern,-,-,875,35.5
4/10/2026,2026,Opioid,Health Region,Northern,-,-,264,14.9
4/10/2026,2021,Heroin,Health Region,Northern,-,-,94,1.6
4/10/2026,2023,Stimulant,Health Region,Eastern,-,-,111,1.2
4/10/2026,2025,Heroin,Health Region,Northwest,-,-,26,0.4
4/10/2026,2021,All Drug,Health Region,Eastern,-,-,5376,63.1
4/10/2026,2024,Heroin,Health Region,Northern,-,-,13,0.2
4/10/2026,2025,Opioid,Health Region,Northwest,-,-,941,14
4/10/2026,2022,Heroin,Health Region,Central,-,-,371,4.8
4/10/2026,2023,Heroin,Health Region,Eastern,-,-,389,4.1
4/10/2026,2022,Stimulant,Health Region,Eastern,-,-,112,1.2
4/10/2026,2024,Opioid,Health Region,Eastern,-,-,2204,22.3
4/10/2026,2021,Opioid,Health Region,Central,-,-,2956,41.2
4/10/2026,2021,Heroin,Health Region,Northwest,-,-,178,3.3
4/10/2026,2023,Opioid,Health Region,Eastern,-,-,3123,32.8
4/10/2026,2025,All Drug,Health Region,Central,-,-,3935,45.1
4/10/2026,2024,Stimulant,Health Region,Central,-,-,298,3.5
4/10/2026,2023,Stimulant,Health Region,Northwest,-,-,128,2
4/10/2026,2021,All Drug,Health Region,Central,-,-,5455,76.1
4/10/2026,2022,Stimulant,Health Region,Northwest,-,-,111,1.9
4/10/2026,2024,Opioid,Health Region,Southwest,-,-,1920,28.8
4/10/2026,2024,Stimulant,Health Region,Southwest,-,-,275,4.1
4/10/2026,2026,All Drug,Health Region,Northwest,-,-,577,35.4
4/10/2026,2021,All Drug,Health Region,Southwest,-,-,4594,79.2
4/10/2026,2025,All Drug,Health Region,Southwest,-,-,3575,52.5
4/10/2026,2025,Heroin,Health Region,Northern,-,-,4,0.1
4/10/2026,2026,Heroin,Health Region,Southwest,-,-,18,1.1
4/10/2026,2021,Opioid,Health Region,Southwest,-,-,2257,38.9
4/10/2026,2023,Stimulant,Health Region,Southwest,-,-,290,4.5
4/10/2026,2023,All Drug,Health Region,Northern,-,-,3157,44.3
4/10/2026,2024,All Drug,Health Region,Southwest,-,-,4009,60
4/10/2026,2026,Heroin,Health Region,Northern,-,-,1,0.1
4/10/2026,2025,Opioid,Health Region,Eastern,-,-,1711,17.3
4/10/2026,2021,Stimulant,Health Region,Eastern,-,-,106,1.2
4/10/2026,2023,All Drug,Health Region,Eastern,-,-,5563,58.5
4/10/2026,2023,Opioid,Health Region,Northern,-,-,1508,21.2
4/10/2026,2023,All Drug,Health Region,Northwest,-,-,2954,46.7
4/10/2026,2022,Heroin,Health Region,Eastern,-,-,537,5.9
4/10/2026,2026,Opioid,Health Region,Southwest,-,-,353,21.2
4/10/2026,2024,All Drug,Health Region,Northern,-,-,2828,38.6
4/10/2026,2026,Stimulant,Health Region,Central,-,-,57,2.7
4/10/2026,2026,Stimulant,Health Region,Northern,-,-,16,0.9
4/10/2026,2024,Heroin,Health Region,Central,-,-,118,1.4
4/10/2026,2021,Stimulant,Health Region,Southwest,-,-,362,6.2
4/10/2026,2024,All Drug,Health Region,Central,-,-,4461,51.8
4/10/2026,2025,Opioid,Health Region,Southwest,-,-,1731,25.4
4/10/2026,2025,Opioid,Health Region,Northern,-,-,1257,16.7
4/10/2026,2026,Stimulant,Health Region,Northwest,-,-,30,1.8
4/10/2026,2022,Heroin,Health Region,Northwest,-,-,132,2.2
4/10/2026,2021,Heroin,Health Region,Central,-,-,520,7.3
4/10/2026,2024,Heroin,Health Region,Northwest,-,-,24,0.4
4/10/2026,2026,Opioid,Health Region,Eastern,-,-,387,15.7
4/10/2026,2026,All Drug,Health Region,Northern,-,-,621,35.2
4/10/2026,2025,Stimulant,Health Region,Northwest,-,-,145,2.2
4/10/2026,2023,Opioid,Health Region,Southwest,-,-,2349,36.7
4/10/2026,2022,All Drug,Health Region,Northwest,-,-,2999,50.8
4/10/2026,2021,All Drug,Health Region,Northern,-,-,2964,49.9
4/10/2026,2023,Stimulant,Health Region,Northern,-,-,86,1.2
4/10/2026,2022,Opioid,Health Region,Northwest,-,-,1524,25.8
4/10/2026,2021,Heroin,Health Region,Eastern,-,-,691,8.1
4/10/2026,2026,Opioid,Health Region,Northwest,-,-,220,13.5
4/10/2026,2025,Heroin,Health Region,Southwest,-,-,129,1.9
4/10/2026,2023,Stimulant,Health Region,Central,-,-,317,3.8
4/10/2026,2024,Stimulant,Health Region,Northwest,-,-,149,2.3
4/10/2026,2023,Opioid,Health Region,Central,-,-,2951,35.6
4/10/2026,2022,Stimulant,Health Region,Southwest,-,-,340,5.5
4/10/2026,2022,Heroin,Health Region,Southwest,-,-,409,6.6
4/10/2026,2021,Opioid,Health Region,Eastern,-,-,2558,30
4/10/2026,2023,Heroin,Health Region,Northern,-,-,25,0.4
4/10/2026,2024,Heroin,Health Region,Southwest,-,-,174,2.6
4/10/2026,2025,Stimulant,Health Region,Southwest,-,-,200,2.9
4/10/2026,2022,All Drug,Health Region,Central,-,-,5530,71
4/10/2026,2026,Stimulant,Health Region,Southwest,-,-,48,2.9
4/10/2026,2021,Stimulant,Health Region,Northwest,-,-,105,1.9
4/10/2026,2022,Opioid,Health Region,Southwest,-,-,2464,39.7
4/10/2026,2022,Opioid,Health Region,Northern,-,-,1387,20.7
4/10/2026,2021,All Drug,Health Region,Northwest,-,-,2993,55.5
4/10/2026,2026,All Drug,Health Region,Southwest,-,-,840,50.5
4/10/2026,2022,Stimulant,Health Region,Central,-,-,278,3.6
4/10/2026,2023,Heroin,Health Region,Northwest,-,-,66,1
4/10/2026,2022,Heroin,Health Region,Northern,-,-,56,0.8
4/10/2026,2025,All Drug,Health Region,Northern,-,-,2715,36.2
4/10/2026,2025,All Drug,Health Region,Eastern,-,-,3812,38.4
4/10/2026,2026,Opioid,Health Region,Central,-,-,357,16.7
4/10/2026,2021,Opioid,Health Region,Northwest,-,-,1592,29.5
4/10/2026,2026,Heroin,Health Region,Northwest,-,-,3,0.2
4/10/2026,2021,Heroin,Health Region,Southwest,-,-,407,7
4/10/2026,2026,Stimulant,Health Region,Eastern,-,-,19,0.8
4/10/2026,2026,All Drug,Health Region,Central,-,-,786,36.7
4/10/2026,2024,All Drug,Health Region,Eastern,-,-,4493,45.5
4/10/2026,2025,Heroin,Health Region,Eastern,-,-,159,1.6
4/10/2026,2022,All Drug,Health Region,Northern,-,-,3195,47.7
4/10/2026,2026,Heroin,Health Region,Eastern,-,-,21,0.9
4/10/2026,2021,Stimulant,Health Region,Central,-,-,342,4.8
4/10/2026,2023,Heroin,Health Region,Central,-,-,281,3.4
4/10/2026,2021,Opioid,Health Region,Northern,-,-,1462,24.6
4/10/2026,2025,Heroin,Health Region,Central,-,-,87,1
4/10/2026,2022,Opioid,Health Region,Central,-,-,3052,39.2
4/10/2026,2025,Stimulant,Health Region,Central,-,-,260,3
4/10/2026,2022,All Drug,Health Region,Southwest,-,-,4868,78.5
4/10/2026,2023,All Drug,Health Region,Southwest,-,-,4580,71.5
4/10/2026,2021,Stimulant,Health Region,Northern,-,-,86,1.4
4/10/2026,2025,All Drug,Health Region,Northwest,-,-,2381,35.5
4/10/2026,2024,Opioid,Health Region,Northern,-,-,1303,17.8
4/10/2026,2022,All Drug,Health Region,Eastern,-,-,5809,63.9
4/10/2026,2026,All Drug,Health District,Central Shenandoah,-,-,155,42.2
4/10/2026,2021,Heroin,Health District,Cumberland Plateau,-,-,18,3.4
4/10/2026,2023,All Drug,Health District,Three Rivers,-,-,307,37
4/10/2026,2025,Stimulant,Health District,Central Virginia,-,-,29,2.8
4/10/2026,2021,Heroin,Health District,Fairfax,-,-,48,1.8
4/10/2026,2025,Stimulant,Health District,Southside,-,-,*,0.4
4/10/2026,2024,Stimulant,Health District,Pittsylvania-Danville,-,-,27,4.3
4/10/2026,2022,Heroin,Health District,Southside,-,-,13,2.9
4/10/2026,2025,Stimulant,Health District,Roanoke,-,-,24,3.2
4/10/2026,2024,All Drug,Health District,Blue Ridge,-,-,452,42.6
4/10/2026,2026,Heroin,Health District,Peninsula,-,-,0,0
4/10/2026,2026,All Drug,Health District,Lord Fairfax,-,-,116,38.7
4/10/2026,2024,Stimulant,Health District,Cumberland Plateau,-,-,40,6.8
4/10/2026,2023,Heroin,Health District,Blue Ridge,-,-,23,2.2
4/10/2026,2023,Opioid,Health District,Norfolk,-,-,627,44.8
4/10/2026,2024,Opioid,Health District,Blue Ridge,-,-,230,21.7
4/10/2026,2024,Heroin,Health District,Norfolk,-,-,73,5.1
4/10/2026,2021,Stimulant,Health District,Eastern Shore,-,-,4,1.9
4/10/2026,2025,All Drug,Health District,Eastern Shore,-,-,79,30.4
4/10/2026,2021,Heroin,Health District,New River,-,-,28,3.9
4/10/2026,2022,Opioid,Health District,Roanoke,-,-,411,62.8
4/10/2026,2023,Heroin,Health District,Eastern Shore,-,-,4,1.5
4/10/2026,2022,Opioid,Health District,Fairfax,-,-,608,20.3
4/10/2026,2024,Stimulant,Health District,West Piedmont,-,-,43,6.2
4/10/2026,2022,Heroin,Health District,Norfolk,-,-,168,12.5
4/10/2026,2022,Opioid,Health District,Blue Ridge,-,-,338,34.6
4/10/2026,2023,Heroin,Health District,Pittsylvania-Danville,-,-,8,1.4
4/10/2026,2025,All Drug,Health District,Lord Fairfax,-,-,452,36.3
4/10/2026,2026,Opioid,Health District,Crater,-,-,39,10.2
4/10/2026,2023,All Drug,Health District,New River,-,-,448,53.5
4/10/2026,2023,All Drug,Health District,Richmond,-,-,1734,107.9
4/10/2026,2022,Opioid,Health District,Western Tidewater,-,-,225,25.1
4/10/2026,2025,Heroin,Health District,Lenowisco,-,-,0,0
4/10/2026,2021,Stimulant,Health District,Lord Fairfax,-,-,19,1.7
4/10/2026,2023,Opioid,Health District,Henrico,-,-,606,40.1
4/10/2026,2023,All Drug,Health District,Pittsylvania-Danville,-,-,378,65.5
4/10/2026,2022,All Drug,Health District,Roanoke,-,-,745,113.8
4/10/2026,2022,Opioid,Health District,Prince William,-,-,387,23.1
4/10/2026,2025,All Drug,Health District,Rappahannock,-,-,554,28.1
4/10/2026,2021,All Drug,Health District,Chickahominy,-,-,376,62.8
4/10/2026,2022,Heroin,Health District,Rappahannock Rapidan,-,-,17,2.1
4/10/2026,2021,Stimulant,Health District,Norfolk,-,-,15,1.2
4/10/2026,2026,Opioid,Health District,Norfolk,-,-,58,16.8
4/10/2026,2026,Heroin,Health District,Blue Ridge,-,-,1,0.4
4/10/2026,2025,Heroin,Health District,Piedmont,-,-,*,0.3
4/10/2026,2025,Heroin,Health District,Chickahominy,-,-,7,1
4/10/2026,2022,Opioid,Health District,Virginia Beach,-,-,411,23.3
4/10/2026,2023,All Drug,Health District,Alleghany,-,-,549,63.4
4/10/2026,2021,Opioid,Health District,Chesapeake,-,-,299,33.2
4/10/2026,2023,Heroin,Health District,Lenowisco,-,-,4,1
4/10/2026,2021,Heroin,Health District,Central Virginia,-,-,72,8.1
4/10/2026,2022,Heroin,Health District,Peninsula,-,-,66,3.9
4/10/2026,2022,Opioid,Health District,Alexandria,-,-,101,23.4
4/10/2026,2022,All Drug,Health District,Norfolk,-,-,1086,80.6
4/10/2026,2025,All Drug,Health District,Blue Ridge,-,-,441,40.5
4/10/2026,2022,Stimulant,Health District,Rappahannock Rapidan,-,-,17,2.1
4/10/2026,2024,Heroin,Health District,Portsmouth,-,-,56,7.5
4/10/2026,2021,Stimulant,Health District,Arlington,-,-,8,1.8
4/10/2026,2023,All Drug,Health District,Lenowisco,-,-,246,58.6
4/10/2026,2026,Heroin,Health District,Western Tidewater,-,-,2,0.8
4/10/2026,2022,Opioid,Health District,Chesapeake,-,-,369,38.9
4/10/2026,2024,Opioid,Health District,Peninsula,-,-,406,22.4
4/10/2026,2026,All Drug,Health District,Chesapeake,-,-,92,35
4/10/2026,2024,Opioid,Health District,Portsmouth,-,-,363,48.7
4/10/2026,2025,All Drug,Health District,Portsmouth,-,-,465,63.1
4/10/2026,2026,Heroin,Health District,Three Rivers,-,-,0,0
4/10/2026,2024,Stimulant,Health District,Mount Rogers,-,-,19,2.3
4/10/2026,2025,Opioid,Health District,Alleghany,-,-,187,20.7
4/10/2026,2025,All Drug,Health District,Chickahominy,-,-,238,32.4
4/10/2026,2024,Stimulant,Health District,Henrico,-,-,44,2.8
4/10/2026,2021,All Drug,Health District,Roanoke,-,-,712,112.4
4/10/2026,2022,Opioid,Health District,Piedmont,-,-,136,23.8
4/10/2026,2025,Heroin,Health District,Norfolk,-,-,56,3.9
4/10/2026,2021,Stimulant,Health District,Central Shenandoah,-,-,26,2.1
4/10/2026,2022,Opioid,Health District,Rappahannock,-,-,312,19.6
4/10/2026,2024,Stimulant,Health District,Three Rivers,-,-,2,0.2
4/10/2026,2026,Heroin,Health District,Mount Rogers,-,-,0,0
4/10/2026,2022,Opioid,Health District,Arlington,-,-,130,26
4/10/2026,2022,Heroin,Health District,Chesterfield,-,-,59,3.2
4/10/2026,2022,Stimulant,Health District,Henrico,-,-,42,2.9
4/10/2026,2026,All Drug,Health District,Pittsylvania-Danville,-,-,67,41.1
4/10/2026,2024,Opioid,Health District,Hampton,-,-,155,20.2
4/10/2026,2023,All Drug,Health District,Hampton,-,-,388,52.8
4/10/2026,2023,Opioid,Health District,Richmond,-,-,1066,66.3
4/10/2026,2025,Opioid,Health District,Southside,-,-,65,14
4/10/2026,2021,Stimulant,Health District,Chickahominy,-,-,15,2.5
4/10/2026,2021,Opioid,Health District,Western Tidewater,-,-,174,21.7
4/10/2026,2024,Stimulant,Health District,Richmond,-,-,148,8.9
4/10/2026,2024,Opioid,Health District,Loudoun,-,-,152,12.9
4/10/2026,2024,Opioid,Health District,Central Virginia,-,-,276,27.4
4/10/2026,2024,All Drug,Health District,Loudoun,-,-,450,38.1
4/10/2026,2026,Opioid,Health District,Lenowisco,-,-,25,24.9
4/10/2026,2022,All Drug,Health District,Virginia Beach,-,-,892,50.6
4/10/2026,2024,Opioid,Health District,Roanoke,-,-,320,42.3
4/10/2026,2025,Heroin,Health District,Roanoke,-,-,49,6.6
4/10/2026,2025,Stimulant,Health District,Rappahannock,-,-,23,1.2
4/10/2026,2021,All Drug,Health District,Rappahannock,-,-,837,56.1
4/10/2026,2026,Opioid,Health District,Prince William,-,-,64,14.2
4/10/2026,2021,Heroin,Health District,Prince William,-,-,23,1.5
4/10/2026,2024,All Drug,Health District,Cumberland Plateau,-,-,374,63.7
4/10/2026,2022,Stimulant,Health District,Mount Rogers,-,-,8,1
4/10/2026,2022,Opioid,Health District,Portsmouth,-,-,563,81.1
4/10/2026,2023,Opioid,Health District,Alleghany,-,-,252,29.1
4/10/2026,2023,All Drug,Health District,Portsmouth,-,-,863,118.8
4/10/2026,2021,Opioid,Health District,Eastern Shore,-,-,55,25.7
4/10/2026,2022,Stimulant,Health District,Virginia Beach,-,-,17,1
4/10/2026,2024,Stimulant,Health District,Loudoun,-,-,9,0.8
4/10/2026,2026,Stimulant,Health District,Peninsula,-,-,5,1.1
4/10/2026,2025,Stimulant,Health District,Chesterfield,-,-,37,1.7
4/10/2026,2022,All Drug,Health District,Peninsula,-,-,1038,61.5
4/10/2026,2021,All Drug,Health District,Chesterfield,-,-,1151,70.1
4/10/2026,2025,Stimulant,Health District,Chickahominy,-,-,17,2.3
4/10/2026,2021,Opioid,Health District,Southside,-,-,95,22.2
4/10/2026,2021,All Drug,Health District,Lord Fairfax,-,-,571,51.2
4/10/2026,2021,Stimulant,Health District,Alexandria,-,-,4,1
4/10/2026,2021,Heroin,Health District,Alleghany,-,-,86,11.8
4/10/2026,2021,Stimulant,Health District,Prince William,-,-,16,1.1
4/10/2026,2021,Heroin,Health District,Central Shenandoah,-,-,15,1.2
4/10/2026,2022,Stimulant,Health District,Chesapeake,-,-,13,1.4
4/10/2026,2021,Stimulant,Health District,Portsmouth,-,-,16,2.4
4/10/2026,2021,Heroin,Health District,Roanoke,-,-,127,20
4/10/2026,2021,Stimulant,Health District,Rappahannock,-,-,21,1.4
4/10/2026,2022,Stimulant,Health District,Crater,-,-,38,3
4/10/2026,2026,Opioid,Health District,Rappahannock Rapidan,-,-,30,13.7
4/10/2026,2026,Heroin,Health District,New River,-,-,2,0.9
4/10/2026,2022,All Drug,Health District,Eastern Shore,-,-,114,46.3
4/10/2026,2023,Stimulant,Health District,Central Virginia,-,-,72,7.8
4/10/2026,2023,Stimulant,Health District,Southside,-,-,7,1.5
4/10/2026,2024,Heroin,Health District,Chesapeake,-,-,26,2.5
4/10/2026,2021,Opioid,Health District,Chesterfield,-,-,614,37.4
4/10/2026,2023,All Drug,Health District,Alexandria,-,-,195,42.6
4/10/2026,2022,All Drug,Health District,Rappahannock Rapidan,-,-,448,55.9
4/10/2026,2024,Heroin,Health District,Rappahannock,-,-,5,0.3
4/10/2026,2021,Heroin,Health District,Rappahannock Rapidan,-,-,33,5
4/10/2026,2022,Stimulant,Health District,Norfolk,-,-,24,1.8
4/10/2026,2025,Heroin,Health District,Alleghany,-,-,31,3.4
4/10/2026,2025,Stimulant,Health District,Prince William,-,-,13,0.7
4/10/2026,2026,Opioid,Health District,Three Rivers,-,-,18,8.7
4/10/2026,2022,Heroin,Health District,Henrico,-,-,69,4.8
4/10/2026,2024,All Drug,Health District,West Piedmont,-,-,426,61
4/10/2026,2024,Heroin,Health District,Lenowisco,-,-,1,0.2
4/10/2026,2026,Heroin,Health District,Central Virginia,-,-,2,0.8
4/10/2026,2021,All Drug,Health District,Loudoun,-,-,446,46
4/10/2026,2021,Opioid,Health District,Central Virginia,-,-,318,35.9
4/10/2026,2023,Opioid,Health District,Lenowisco,-,-,145,34.5
4/10/2026,2025,Heroin,Health District,Lord Fairfax,-,-,*,0.1
4/10/2026,2024,Opioid,Health District,Pittsylvania-Danville,-,-,138,21.9
4/10/2026,2023,Opioid,Health District,Roanoke,-,-,388,53.8
4/10/2026,2023,Opioid,Health District,Mount Rogers,-,-,344,42.2
4/10/2026,2021,All Drug,Health District,Cumberland Plateau,-,-,310,57.7
4/10/2026,2025,Opioid,Health District,Loudoun,-,-,144,11.7
4/10/2026,2025,Stimulant,Health District,Richmond,-,-,108,6.4
4/10/2026,2026,Heroin,Health District,Prince William,-,-,0,0
4/10/2026,2025,Opioid,Health District,Henrico,-,-,404,25.6
4/10/2026,2021,All Drug,Health District,Southside,-,-,252,58.9
4/10/2026,2021,All Drug,Health District,Central Virginia,-,-,913,103
4/10/2026,2021,All Drug,Health District,Pittsylvania-Danville,-,-,384,69.2
4/10/2026,2025,Stimulant,Health District,Henrico,-,-,51,3.2
4/10/2026,2023,Opioid,Health District,Piedmont,-,-,115,20.2
4/10/2026,2026,Stimulant,Health District,Western Tidewater,-,-,3,1.2
4/10/2026,2021,Stimulant,Health District,Piedmont,-,-,28,5.1
4/10/2026,2024,Heroin,Health District,Piedmont,-,-,0,0
4/10/2026,2023,Stimulant,Health District,Chesterfield,-,-,48,2.4
4/10/2026,2023,All Drug,Health District,Chesterfield,-,-,1059,52.8
4/10/2026,2023,Opioid,Health District,Cumberland Plateau,-,-,195,33.8
4/10/2026,2023,Stimulant,Health District,Rappahannock Rapidan,-,-,17,2
4/10/2026,2022,Opioid,Health District,Three Rivers,-,-,178,22.4
4/10/2026,2023,Stimulant,Health District,New River,-,-,20,2.4
4/10/2026,2025,Opioid,Health District,Western Tidewater,-,-,125,12.4
4/10/2026,2024,All Drug,Health District,Richmond,-,-,1357,81.4
4/10/2026,2022,All Drug,Health District,Alexandria,-,-,186,43.1
4/10/2026,2025,All Drug,Health District,Loudoun,-,-,411,33.4
4/10/2026,2023,All Drug,Health District,Virginia Beach,-,-,873,47.2
4/10/2026,2025,Opioid,Health District,Central Virginia,-,-,293,28.7
4/10/2026,2021,Heroin,Health District,Lord Fairfax,-,-,27,2.4
4/10/2026,2026,Opioid,Health District,Lord Fairfax,-,-,54,18
4/10/2026,2022,Heroin,Health District,Blue Ridge,-,-,35,3.6
4/10/2026,2022,Opioid,Health District,Norfolk,-,-,549,40.7
4/10/2026,2024,Stimulant,Health District,Piedmont,-,-,12,2.1
4/10/2026,2021,Heroin,Health District,Piedmont,-,-,34,6.3
4/10/2026,2023,Stimulant,Health District,Western Tidewater,-,-,3,0.3
4/10/2026,2021,Stimulant,Health District,Richmond,-,-,134,8.9
4/10/2026,2025,All Drug,Health District,Cumberland Plateau,-,-,298,51.2
4/10/2026,2021,Opioid,Health District,Loudoun,-,-,189,19.5
4/10/2026,2024,Stimulant,Health District,Central Virginia,-,-,43,4.3
4/10/2026,2024,Stimulant,Health District,Southside,-,-,17,3.6
4/10/2026,2025,All Drug,Health District,Piedmont,-,-,221,37.9
4/10/2026,2022,All Drug,Health District,Western Tidewater,-,-,429,47.8
4/10/2026,2023,Heroin,Health District,Mount Rogers,-,-,8,1
4/10/2026,2024,All Drug,Health District,Prince William,-,-,638,34.5
4/10/2026,2024,Opioid,Health District,Central Shenandoah,-,-,216,14.5
4/10/2026,2025,Opioid,Health District,Piedmont,-,-,98,16.8
4/10/2026,2024,Stimulant,Health District,Chickahominy,-,-,12,1.6
4/10/2026,2025,Opioid,Health District,Blue Ridge,-,-,215,19.8
4/10/2026,2024,Stimulant,Health District,Crater,-,-,29,1.9
4/10/2026,2025,Opioid,Health District,Rappahannock,-,-,187,9.5
4/10/2026,2023,Stimulant,Health District,Three Rivers,-,-,12,1.4
4/10/2026,2021,Opioid,Health District,Crater,-,-,409,33.8
4/10/2026,2026,Stimulant,Health District,Central Shenandoah,-,-,14,3.8
4/10/2026,2022,Stimulant,Health District,Roanoke,-,-,38,5.8
4/10/2026,2023,Stimulant,Health District,Pittsylvania-Danville,-,-,28,4.9
4/10/2026,2025,Heroin,Health District,Southside,-,-,*,0.2
4/10/2026,2026,All Drug,Health District,Crater,-,-,80,21
4/10/2026,2021,Heroin,Health District,Alexandria,-,-,7,1.8
4/10/2026,2021,All Drug,Health District,Henrico,-,-,933,74.6
4/10/2026,2025,Stimulant,Health District,Pittsylvania-Danville,-,-,33,5
4/10/2026,2024,Stimulant,Health District,Roanoke,-,-,38,5
4/10/2026,2023,Heroin,Health District,Southside,-,-,7,1.5
4/10/2026,2023,All Drug,Health District,Rappahannock Rapidan,-,-,364,43.3
4/10/2026,2026,Heroin,Health District,Eastern Shore,-,-,0,0
4/10/2026,2026,Heroin,Health District,Pittsylvania-Danville,-,-,0,0
4/10/2026,2022,Stimulant,Health District,Hampton,-,-,3,0.4
4/10/2026,2024,All Drug,Health District,Eastern Shore,-,-,85,31.8
4/10/2026,2023,Heroin,Health District,Peninsula,-,-,43,2.5
4/10/2026,2021,All Drug,Health District,Blue Ridge,-,-,540,61.2
4/10/2026,2026,Stimulant,Health District,Rappahannock Rapidan,-,-,3,1.4
4/10/2026,2026,Opioid,Health District,West Piedmont,-,-,34,20.6
4/10/2026,2021,Heroin,Health District,West Piedmont,-,-,46,7.7
4/10/2026,2021,All Drug,Health District,Mount Rogers,-,-,485,62.5
4/10/2026,2023,Stimulant,Health District,Chesapeake,-,-,15,1.5
4/10/2026,2021,Heroin,Health District,Lenowisco,-,-,5,1.4
4/10/2026,2021,Opioid,Health District,Rappahannock,-,-,350,23.5
4/10/2026,2022,Stimulant,Health District,Central Shenandoah,-,-,45,3.4
4/10/2026,2025,Opioid,Health District,Crater,-,-,273,17.6
4/10/2026,2023,Opioid,Health District,Prince William,-,-,355,19.7
4/10/2026,2024,All Drug,Health District,Rappahannock,-,-,592,30.9
4/10/2026,2025,All Drug,Health District,Lenowisco,-,-,193,45.8
4/10/2026,2024,Heroin,Health District,Virginia Beach,-,-,24,1.2
4/10/2026,2023,Opioid,Health District,Chickahominy,-,-,151,21.6
4/10/2026,2024,All Drug,Health District,Alexandria,-,-,185,39.1
4/10/2026,2025,All Drug,Health District,Arlington,-,-,217,41.1
4/10/2026,2023,Heroin,Health District,Loudoun,-,-,1,0.1
4/10/2026,2022,All Drug,Health District,Three Rivers,-,-,365,46
4/10/2026,2021,All Drug,Health District,Chesapeake,-,-,613,68
4/10/2026,2022,All Drug,Health District,Portsmouth,-,-,849,122.3
4/10/2026,2021,Heroin,Health District,Three Rivers,-,-,25,3.4
4/10/2026,2023,Stimulant,Health District,Mount Rogers,-,-,14,1.7
4/10/2026,2022,Opioid,Health District,Alleghany,-,-,322,41.2
4/10/2026,2023,Opioid,Health District,Portsmouth,-,-,583,80.3
4/10/2026,2024,All Drug,Health District,Lord Fairfax,-,-,481,38.6
4/10/2026,2022,Heroin,Health District,Pittsylvania-Danville,-,-,31,5.5
4/10/2026,2026,Stimulant,Health District,Hampton,-,-,2,1.1
4/10/2026,2026,Stimulant,Health District,New River,-,-,4,1.8
4/10/2026,2023,All Drug,Health District,Norfolk,-,-,1062,75.9
4/10/2026,2023,Opioid,Health District,Alexandria,-,-,110,24
4/10/2026,2026,Heroin,Health District,Richmond,-,-,10,2.5
4/10/2026,2021,Heroin,Health District,Hampton,-,-,53,8
4/10/2026,2024,All Drug,Health District,Chickahominy,-,-,279,37.7
4/10/2026,2023,All Drug,Health District,Fairfax,-,-,1501,46.9
4/10/2026,2026,Heroin,Health District,Henrico,-,-,6,1.5
4/10/2026,2023,All Drug,Health District,Rappahannock,-,-,759,43.1
4/10/2026,2024,Opioid,Health District,Prince William,-,-,281,15.2
4/10/2026,2025,Heroin,Health District,Cumberland Plateau,-,-,*,0.2
4/10/2026,2022,All Drug,Health District,Central Shenandoah,-,-,679,51.2
4/10/2026,2022,Opioid,Health District,Cumberland Plateau,-,-,184,32.1
4/10/2026,2026,All Drug,Health District,Western Tidewater,-,-,82,33.3
4/10/2026,2023,Heroin,Health District,Chesterfield,-,-,33,1.6
4/10/2026,2021,All Drug,Health District,Piedmont,-,-,335,61.6
4/10/2026,2023,Opioid,Health District,Arlington,-,-,119,22.6
4/10/2026,2022,All Drug,Health District,Alleghany,-,-,606,77.5
4/10/2026,2022,Opioid,Health District,Peninsula,-,-,534,31.6
4/10/2026,2026,Stimulant,Health District,Alleghany,-,-,3,1.4
4/10/2026,2021,Opioid,Health District,New River,-,-,215,30
4/10/2026,2024,Heroin,Health District,Rappahannock Rapidan,-,-,1,0.1
4/10/2026,2025,Opioid,Health District,Roanoke,-,-,312,41.7
4/10/2026,2024,Opioid,Health District,Rappahannock,-,-,196,10.2
4/10/2026,2025,Opioid,Health District,Mount Rogers,-,-,214,24.9
4/10/2026,2021,Heroin,Health District,Arlington,-,-,7,1.6
4/10/2026,2023,Heroin,Health District,Rappahannock,-,-,19,1.1
4/10/2026,2022,Opioid,Health District,Pittsylvania-Danville,-,-,176,31
4/10/2026,2025,Stimulant,Health District,West Piedmont,-,-,27,3.8
4/10/2026,2023,Opioid,Health District,Fairfax,-,-,727,22.7
4/10/2026,2026,Stimulant,Health District,Fairfax,-,-,7,0.9
4/10/2026,2025,Opioid,Health District,Cumberland Plateau,-,-,130,22.3
4/10/2026,2024,Stimulant,Health District,Chesapeake,-,-,18,1.7
4/10/2026,2026,All Drug,Health District,Mount Rogers,-,-,81,37.7
4/10/2026,2025,Heroin,Health District,Rappahannock Rapidan,-,-,*,0.3
4/10/2026,2026,Stimulant,Health District,Norfolk,-,-,3,0.9
4/10/2026,2023,Stimulant,Health District,Crater,-,-,34,2.4
4/10/2026,2023,Stimulant,Health District,Norfolk,-,-,27,1.9
4/10/2026,2021,All Drug,Health District,Crater,-,-,689,57
4/10/2026,2026,Heroin,Health District,Alexandria,-,-,0,0
4/10/2026,2024,Heroin,Health District,Lord Fairfax,-,-,2,0.2
4/10/2026,2026,Stimulant,Health District,Alexandria,-,-,0,0
4/10/2026,2022,All Drug,Health District,Lenowisco,-,-,253,59.9
4/10/2026,2025,Stimulant,Health District,Cumberland Plateau,-,-,22,3.8
4/10/2026,2021,All Drug,Health District,Richmond,-,-,1719,114.6
4/10/2026,2022,All Drug,Health District,Arlington,-,-,251,50.2
4/10/2026,2024,Heroin,Health District,Loudoun,-,-,0,0
4/10/2026,2025,Heroin,Health District,Chesapeake,-,-,21,2
4/10/2026,2021,Stimulant,Health District,Blue Ridge,-,-,24,2.7
4/10/2026,2025,Opioid,Health District,Pittsylvania-Danville,-,-,136,20.5
4/10/2026,2025,Opioid,Health District,West Piedmont,-,-,168,23.6
4/10/2026,2022,Stimulant,Health District,Central Virginia,-,-,75,7.8
4/10/2026,2022,Stimulant,Health District,Southside,-,-,17,3.8
4/10/2026,2026,Heroin,Health District,Fairfax,-,-,1,0.1
4/10/2026,2022,Heroin,Health District,Western Tidewater,-,-,32,3.6
4/10/2026,2025,Stimulant,Health District,Arlington,-,-,9,1.7
4/10/2026,2024,All Drug,Health District,Alleghany,-,-,503,56.1
4/10/2026,2026,Opioid,Health District,Chesapeake,-,-,52,19.8
4/10/2026,2026,Stimulant,Health District,Richmond,-,-,26,6.4
4/10/2026,2026,Opioid,Health District,Loudoun,-,-,33,11.7
4/10/2026,2022,All Drug,Health District,Cumberland Plateau,-,-,366,63.9
4/10/2026,2021,Heroin,Health District,Loudoun,-,-,9,0.9
4/10/2026,2025,Stimulant,Health District,Lenowisco,-,-,9,2.1
4/10/2026,2021,Heroin,Health District,Western Tidewater,-,-,47,5.9
4/10/2026,2024,All Drug,Health District,Lenowisco,-,-,209,50.9
4/10/2026,2026,Stimulant,Health District,Arlington,-,-,5,3.9
4/10/2026,2022,Stimulant,Health District,Three Rivers,-,-,6,0.8
4/10/2026,2024,Heroin,Health District,Cumberland Plateau,-,-,8,1.4
4/10/2026,2026,All Drug,Health District,Three Rivers,-,-,65,31.3
4/10/2026,2023,All Drug,Health District,Central Shenandoah,-,-,721,50.2
4/10/2026,2021,Stimulant,Health District,New River,-,-,47,6.5
4/10/2026,2024,Opioid,Health District,Mount Rogers,-,-,222,26.4
4/10/2026,2024,Stimulant,Health District,Chesterfield,-,-,36,1.7
4/10/2026,2021,Opioid,Health District,Norfolk,-,-,404,31.4
4/10/2026,2021,Heroin,Health District,Blue Ridge,-,-,40,4.5
4/10/2026,2022,Heroin,Health District,Hampton,-,-,43,6.1
4/10/2026,2025,Heroin,Health District,Richmond,-,-,33,2
4/10/2026,2026,Heroin,Health District,Central Shenandoah,-,-,0,0
4/10/2026,2026,Stimulant,Health District,Portsmouth,-,-,0,0
4/10/2026,2025,Stimulant,Health District,Chesapeake,-,-,9,0.8
4/10/2026,2021,All Drug,Health District,Prince William,-,-,794,52.4
4/10/2026,2021,Opioid,Health District,Central Shenandoah,-,-,346,27.8
4/10/2026,2021,Opioid,Health District,Rappahannock Rapidan,-,-,286,43.4
4/10/2026,2025,Stimulant,Health District,Crater,-,-,28,1.8
4/10/2026,2026,Heroin,Health District,Southside,-,-,1,0.9
4/10/2026,2024,All Drug,Health District,Henrico,-,-,919,58.7
4/10/2026,2021,Stimulant,Health District,Roanoke,-,-,46,7.3
4/10/2026,2022,Heroin,Health District,West Piedmont,-,-,47,7.4
4/10/2026,2023,Stimulant,Health District,Lord Fairfax,-,-,18,1.4
4/10/2026,2024,All Drug,Health District,Mount Rogers,-,-,422,50.2
4/10/2026,2025,Stimulant,Health District,Portsmouth,-,-,12,1.6
4/10/2026,2026,Stimulant,Health District,Chesapeake,-,-,4,1.5
4/10/2026,2025,Heroin,Health District,Central Shenandoah,-,-,7,0.5
4/10/2026,2026,Heroin,Health District,Arlington,-,-,0,0
4/10/2026,2021,Opioid,Health District,Lord Fairfax,-,-,314,28.1
4/10/2026,2023,All Drug,Health District,Peninsula,-,-,942,53.9
4/10/2026,2025,Heroin,Health District,Fairfax,-,-,*,0.1
4/10/2026,2021,Stimulant,Health District,Southside,-,-,17,4
4/10/2026,2021,Stimulant,Health District,Central Virginia,-,-,90,10.1
4/10/2026,2026,Opioid,Health District,Virginia Beach,-,-,78,15.3
4/10/2026,2021,Heroin,Health District,Chickahominy,-,-,31,5.2
4/10/2026,2024,Opioid,Health District,Western Tidewater,-,-,174,17.3
4/10/2026,2021,Stimulant,Health District,Cumberland Plateau,-,-,36,6.7
4/10/2026,2025,All Drug,Health District,Richmond,-,-,1168,69.6
4/10/2026,2024,Opioid,Health District,Southside,-,-,87,18.3
4/10/2026,2023,Heroin,Health District,Lord Fairfax,-,-,5,0.4
4/10/2026,2021,All Drug,Health District,West Piedmont,-,-,486,81.2
4/10/2026,2022,All Drug,Health District,Fairfax,-,-,1433,47.8
4/10/2026,2021,Opioid,Health District,Peninsula,-,-,487,30.8
4/10/2026,2025,Stimulant,Health District,Alleghany,-,-,10,1.1
4/10/2026,2026,Stimulant,Health District,Piedmont,-,-,3,2.1
4/10/2026,2021,Stimulant,Health District,Western Tidewater,-,-,9,1.1
4/10/2026,2023,Heroin,Health District,Piedmont,-,-,10,1.8
4/10/2026,2022,All Drug,Health District,Henrico,-,-,1079,75.2
4/10/2026,2026,Stimulant,Health District,Pittsylvania-Danville,-,-,4,2.5
4/10/2026,2022,All Drug,Health District,Blue Ridge,-,-,571,58.5
4/10/2026,2026,Opioid,Health District,Roanoke,-,-,63,34.6
4/10/2026,2022,Heroin,Health District,Alleghany,-,-,80,10.2
4/10/2026,2022,Stimulant,Health District,Prince William,-,-,22,1.3
4/10/2026,2021,Opioid,Health District,Three Rivers,-,-,160,21.5
4/10/2026,2023,Heroin,Health District,Portsmouth,-,-,110,15.1
4/10/2026,2023,Heroin,Health District,Prince William,-,-,8,0.4
4/10/2026,2024,Opioid,Health District,West Piedmont,-,-,229,32.8
4/10/2026,2026,Opioid,Health District,Cumberland Plateau,-,-,28,20.2
4/10/2026,2026,Stimulant,Health District,Loudoun,-,-,1,0.4
4/10/2026,2023,Opioid,Health District,Eastern Shore,-,-,52,19.9
4/10/2026,2024,Heroin,Health District,Eastern Shore,-,-,0,0
4/10/2026,2023,Stimulant,Health District,Alleghany,-,-,24,2.8
4/10/2026,2023,Opioid,Health District,Southside,-,-,100,21.9
4/10/2026,2024,Heroin,Health District,Chickahominy,-,-,6,0.8
4/10/2026,2023,Opioid,Health District,Virginia Beach,-,-,411,22.2
4/10/2026,2022,All Drug,Health District,Prince William,-,-,827,49.3
4/10/2026,2022,Opioid,Health District,Central Shenandoah,-,-,348,26.2
4/10/2026,2022,Heroin,Health District,Central Virginia,-,-,54,5.6
4/10/2026,2026,Heroin,Health District,Norfolk,-,-,4,1.2
4/10/2026,2026,Opioid,Health District,Blue Ridge,-,-,45,17
4/10/2026,2022,Stimulant,Health District,Blue Ridge,-,-,20,2
4/10/2026,2026,Heroin,Health District,Chesapeake,-,-,2,0.8
4/10/2026,2024,Stimulant,Health District,Peninsula,-,-,22,1.2
4/10/2026,2021,All Drug,Health District,Western Tidewater,-,-,405,50.4
4/10/2026,2024,Opioid,Health District,Arlington,-,-,116,22
4/10/2026,2026,All Drug,Health District,Piedmont,-,-,43,30.5
4/10/2026,2024,Heroin,Health District,Chesterfield,-,-,14,0.7
4/10/2026,2023,Heroin,Health District,Arlington,-,-,3,0.6
4/10/2026,2023,Opioid,Health District,Chesterfield,-,-,453,22.6
4/10/2026,2025,All Drug,Health District,Norfolk,-,-,655,45.8
4/10/2026,2025,Opioid,Health District,Alexandria,-,-,83,17.3
4/10/2026,2026,Opioid,Health District,New River,-,-,35,15.6
4/10/2026,2025,Stimulant,Health District,Rappahannock Rapidan,-,-,8,0.9
4/10/2026,2023,Heroin,Health District,Rappahannock Rapidan,-,-,11,1.3
4/10/2026,2022,Heroin,Health District,Lord Fairfax,-,-,14,1.2
4/10/2026,2023,Heroin,Health District,Central Virginia,-,-,42,4.5
4/10/2026,2024,All Drug,Health District,Arlington,-,-,232,44.1
4/10/2026,2026,Stimulant,Health District,Lenowisco,-,-,6,6
4/10/2026,2022,Heroin,Health District,Loudoun,-,-,3,0.3
4/10/2026,2025,Stimulant,Health District,Loudoun,-,-,12,1
4/10/2026,2023,Stimulant,Health District,Virginia Beach,-,-,14,0.8
4/10/2026,2021,Heroin,Health District,Eastern Shore,-,-,2,0.9
4/10/2026,2022,Heroin,Health District,Lenowisco,-,-,4,0.9
4/10/2026,2026,Opioid,Health District,Portsmouth,-,-,66,36.2
4/10/2026,2024,All Drug,Health District,Chesapeake,-,-,477,45.2
4/10/2026,2024,Heroin,Health District,Three Rivers,-,-,2,0.2
4/10/2026,2026,Stimulant,Health District,Mount Rogers,-,-,2,0.9
4/10/2026,2024,Opioid,Health District,Henrico,-,-,463,29.6
4/10/2026,2026,All Drug,Health District,Fairfax,-,-,300,38.1
4/10/2026,2025,All Drug,Health District,West Piedmont,-,-,344,48.3
4/10/2026,2023,Heroin,Health District,Henrico,-,-,87,5.8
4/10/2026,2025,Heroin,Health District,Alexandria,-,-,0,0
4/10/2026,2022,All Drug,Health District,Crater,-,-,707,55.7
4/10/2026,2026,Stimulant,Health District,Blue Ridge,-,-,2,0.8
4/10/2026,2022,Heroin,Health District,Chesapeake,-,-,44,4.6
4/10/2026,2025,All Drug,Health District,Prince William,-,-,640,34.2
4/10/2026,2025,Opioid,Health District,Central Shenandoah,-,-,254,16.9
4/10/2026,2025,Heroin,Health District,Central Virginia,-,-,12,1.2
4/10/2026,2026,Heroin,Health District,West Piedmont,-,-,2,1.2
4/10/2026,2023,Stimulant,Health District,Portsmouth,-,-,12,1.7
4/10/2026,2023,Heroin,Health District,Central Shenandoah,-,-,8,0.6
4/10/2026,2022,All Drug,Health District,Mount Rogers,-,-,580,70.4
4/10/2026,2022,Heroin,Health District,Virginia Beach,-,-,69,3.9
4/10/2026,2025,Opioid,Health District,Chickahominy,-,-,99,13.5
4/10/2026,2026,Heroin,Health District,Alleghany,-,-,5,2.3
4/10/2026,2025,Opioid,Health District,Three Rivers,-,-,92,10.9
4/10/2026,2026,Stimulant,Health District,Prince William,-,-,3,0.7
4/10/2026,2021,Opioid,Health District,Alleghany,-,-,340,46.7
4/10/2026,2022,Heroin,Health District,Three Rivers,-,-,27,3.4
4/10/2026,2021,All Drug,Health District,Portsmouth,-,-,710,105.8
4/10/2026,2022,All Drug,Health District,Chesapeake,-,-,666,70.2
4/10/2026,2022,Stimulant,Health District,Loudoun,-,-,7,0.6
4/10/2026,2024,Stimulant,Health District,Virginia Beach,-,-,29,1.5
4/10/2026,2026,Opioid,Health District,Chickahominy,-,-,31,16.6
4/10/2026,2021,Heroin,Health District,Virginia Beach,-,-,125,7.6
4/10/2026,2022,Heroin,Health District,Cumberland Plateau,-,-,14,2.4
4/10/2026,2025,All Drug,Health District,Central Shenandoah,-,-,671,44.6
4/10/2026,2024,All Drug,Health District,Rappahannock Rapidan,-,-,331,37.5
4/10/2026,2024,Heroin,Health District,Western Tidewater,-,-,10,1
4/10/2026,2023,Stimulant,Health District,Arlington,-,-,8,1.5
4/10/2026,2021,All Drug,Health District,Lenowisco,-,-,210,57.1
4/10/2026,2024,Stimulant,Health District,Hampton,-,-,9,1.2
4/10/2026,2022,Heroin,Health District,Piedmont,-,-,23,4
4/10/2026,2023,Heroin,Health District,Chesapeake,-,-,42,4.2
4/10/2026,2026,All Drug,Health District,Richmond,-,-,208,51.5
4/10/2026,2022,Stimulant,Health District,Cumberland Plateau,-,-,27,4.7
4/10/2026,2024,Stimulant,Health District,Alleghany,-,-,29,3.2
4/10/2026,2021,All Drug,Health District,Rappahannock Rapidan,-,-,445,67.5
4/10/2026,2022,All Drug,Health District,Southside,-,-,284,63.5
4/10/2026,2022,All Drug,Health District,Central Virginia,-,-,933,97.5
4/10/2026,2026,Opioid,Health District,Henrico,-,-,76,19.6
4/10/2026,2023,Stimulant,Health District,Eastern Shore,-,-,3,1.1
4/10/2026,2022,Opioid,Health District,Lord Fairfax,-,-,294,24.4
4/10/2026,2023,Opioid,Health District,Blue Ridge,-,-,329,31.7
4/10/2026,2023,Heroin,Health District,Norfolk,-,-,96,6.9
4/10/2026,2026,All Drug,Health District,New River,-,-,106,47.3
4/10/2026,2026,Stimulant,Health District,Eastern Shore,-,-,0,0
4/10/2026,2025,All Drug,Health District,Three Rivers,-,-,249,29.5
4/10/2026,2024,Stimulant,Health District,Lord Fairfax,-,-,26,2.1
4/10/2026,2025,Heroin,Health District,West Piedmont,-,-,15,2.1
4/10/2026,2025,Heroin,Health District,Rappahannock,-,-,5,0.3
4/10/2026,2021,Heroin,Health District,Crater,-,-,44,3.6
4/10/2026,2024,Heroin,Health District,Roanoke,-,-,76,10.1
4/10/2026,2024,Stimulant,Health District,Rappahannock,-,-,16,0.8
4/10/2026,2023,Opioid,Health District,West Piedmont,-,-,278,41.9
4/10/2026,2023,Stimulant,Health District,Chickahominy,-,-,14,2
4/10/2026,2021,Stimulant,Health District,Loudoun,-,-,18,1.9
4/10/2026,2024,Opioid,Health District,Eastern Shore,-,-,30,11.2
4/10/2026,2025,Stimulant,Health District,Blue Ridge,-,-,24,2.2
4/10/2026,2021,Heroin,Health District,Chesapeake,-,-,72,8
4/10/2026,2023,Opioid,Health District,Hampton,-,-,210,28.6
4/10/2026,2024,All Drug,Health District,Hampton,-,-,297,38.7
4/10/2026,2024,Opioid,Health District,Richmond,-,-,720,43.2
4/10/2026,2024,Stimulant,Health District,Rappahannock Rapidan,-,-,9,1
4/10/2026,2023,Stimulant,Health District,Hampton,-,-,10,1.4
4/10/2026,2023,Stimulant,Health District,Alexandria,-,-,5,1.1
4/10/2026,2026,All Drug,Health District,Loudoun,-,-,100,35.5
4/10/2026,2026,Opioid,Health District,Central Virginia,-,-,56,22.2
4/10/2026,2024,Opioid,Health District,Lenowisco,-,-,120,29.2
4/10/2026,2023,Opioid,Health District,Pittsylvania-Danville,-,-,200,34.7
4/10/2026,2023,Stimulant,Health District,Richmond,-,-,134,8.3
4/10/2026,2023,Opioid,Health District,Loudoun,-,-,197,17.3
4/10/2026,2024,All Drug,Health District,Virginia Beach,-,-,844,43.4
4/10/2026,2022,All Drug,Health District,Loudoun,-,-,498,45.6
4/10/2026,2022,Opioid,Health District,Central Virginia,-,-,357,37.3
4/10/2026,2024,Opioid,Health District,Rappahannock Rapidan,-,-,150,17
4/10/2026,2026,Opioid,Health District,Central Shenandoah,-,-,58,15.8
4/10/2026,2026,All Drug,Health District,Prince William,-,-,138,30.6
4/10/2026,2025,Heroin,Health District,Blue Ridge,-,-,10,0.9
4/10/2026,2025,Opioid,Health District,Norfolk,-,-,283,19.8
4/10/2026,2026,Stimulant,Health District,Lord Fairfax,-,-,6,2
4/10/2026,2023,All Drug,Health District,Henrico,-,-,1131,74.9
4/10/2026,2026,Stimulant,Health District,Roanoke,-,-,8,4.4
4/10/2026,2021,Heroin,Health District,Southside,-,-,23,5.4
4/10/2026,2022,Stimulant,Health District,Chickahominy,-,-,18,2.7
4/10/2026,2026,Opioid,Health District,Southside,-,-,18,16.2
4/10/2026,2025,All Drug,Health District,Western Tidewater,-,-,296,29.3
4/10/2026,2024,Heroin,Health District,Mount Rogers,-,-,5,0.6
4/10/2026,2022,All Drug,Health District,Piedmont,-,-,311,54.4
4/10/2026,2025,Opioid,Health District,Chesapeake,-,-,236,21.9
4/10/2026,2024,Stimulant,Health District,Fairfax,-,-,34,1
4/10/2026,2021,Opioid,Health District,Fairfax,-,-,652,24.7
4/10/2026,2024,Stimulant,Health District,Lenowisco,-,-,8,1.9
4/10/2026,2026,All Drug,Health District,Arlington,-,-,41,32
4/10/2026,2025,Opioid,Health District,Richmond,-,-,669,39.9
4/10/2026,2022,Opioid,Health District,Hampton,-,-,192,27.2
4/10/2026,2025,All Drug,Health District,Hampton,-,-,280,37
4/10/2026,2024,Heroin,Health District,Fairfax,-,-,11,0.3
4/10/2026,2025,Heroin,Health District,Eastern Shore,-,-,0,0
4/10/2026,2024,Heroin,Health District,Central Virginia,-,-,10,1
4/10/2026,2026,Heroin,Health District,Lenowisco,-,-,0,0
4/10/2026,2025,Stimulant,Health District,Piedmont,-,-,17,2.9
4/10/2026,2022,Stimulant,Health District,Western Tidewater,-,-,10,1.1
4/10/2026,2022,Opioid,Health District,Loudoun,-,-,161,14.8
4/10/2026,2026,All Drug,Health District,Cumberland Plateau,-,-,75,54.1
4/10/2026,2022,Stimulant,Health District,Richmond,-,-,98,6.2
4/10/2026,2022,Stimulant,Health District,New River,-,-,56,7.1
4/10/2026,2026,All Drug,Health District,Central Virginia,-,-,148,58.7
4/10/2026,2022,Opioid,Health District,Henrico,-,-,597,41.6
4/10/2026,2026,All Drug,Health District,Southside,-,-,43,38.6
4/10/2026,2022,Opioid,Health District,Chickahominy,-,-,169,25.5
4/10/2026,2025,Heroin,Health District,Virginia Beach,-,-,18,0.9
4/10/2026,2023,Heroin,Health District,New River,-,-,35,4.2
4/10/2026,2021,All Drug,Health District,Alexandria,-,-,185,48.1
4/10/2026,2024,Opioid,Health District,Alleghany,-,-,230,25.7
4/10/2026,2025,Opioid,Health District,Portsmouth,-,-,277,37.6
4/10/2026,2025,Stimulant,Health District,Mount Rogers,-,-,24,2.8
4/10/2026,2024,All Drug,Health District,Portsmouth,-,-,566,75.9
4/10/2026,2026,Stimulant,Health District,Crater,-,-,6,1.6
4/10/2026,2022,Opioid,Health District,Rappahannock Rapidan,-,-,232,28.9
4/10/2026,2022,Stimulant,Health District,Chesterfield,-,-,45,2.5
4/10/2026,2021,Stimulant,Health District,Peninsula,-,-,18,1.1
4/10/2026,2024,Opioid,Health District,Alexandria,-,-,107,22.6
4/10/2026,2024,All Drug,Health District,Norfolk,-,-,763,53.3
4/10/2026,2023,Heroin,Health District,Alexandria,-,-,2,0.4
4/10/2026,2024,All Drug,Health District,Crater,-,-,566,37.9
4/10/2026,2023,Heroin,Health District,Cumberland Plateau,-,-,8,1.4
4/10/2026,2024,All Drug,Health District,Central Shenandoah,-,-,645,43.3
4/10/2026,2021,All Drug,Health District,Three Rivers,-,-,370,49.8
4/10/2026,2021,All Drug,Health District,Arlington,-,-,227,52.3
4/10/2026,2023,Stimulant,Health District,Lenowisco,-,-,7,1.7
4/10/2026,2022,Stimulant,Health District,Peninsula,-,-,16,0.9
4/10/2026,2021,Stimulant,Health District,Chesterfield,-,-,70,4.3
4/10/2026,2026,All Drug,Health District,Peninsula,-,-,146,31.8
4/10/2026,2025,All Drug,Health District,Chesterfield,-,-,830,38.9
4/10/2026,2025,Stimulant,Health District,New River,-,-,22,2.5
4/10/2026,2025,All Drug,Health District,Southside,-,-,168,36.3
4/10/2026,2021,Opioid,Health District,Henrico,-,-,476,38
4/10/2026,2025,All Drug,Health District,Central Virginia,-,-,640,62.7
4/10/2026,2025,All Drug,Health District,Fairfax,-,-,1281,37.7
4/10/2026,2026,All Drug,Health District,West Piedmont,-,-,75,45.4
4/10/2026,2021,Stimulant,Health District,Fairfax,-,-,40,1.5
4/10/2026,2024,Opioid,Health District,Fairfax,-,-,647,19.6
4/10/2026,2022,Stimulant,Health District,West Piedmont,-,-,50,7.9
4/10/2026,2023,Heroin,Health District,Fairfax,-,-,11,0.3
4/10/2026,2022,Heroin,Health District,Eastern Shore,-,-,3,1.2
4/10/2026,2021,Heroin,Health District,Pittsylvania-Danville,-,-,17,3.1
4/10/2026,2026,Opioid,Health District,Pittsylvania-Danville,-,-,27,16.6
4/10/2026,2022,All Drug,Health District,Rappahannock,-,-,729,45.8
4/10/2026,2025,Opioid,Health District,Prince William,-,-,286,15.3
4/10/2026,2024,Heroin,Health District,Peninsula,-,-,13,0.7
4/10/2026,2026,All Drug,Health District,Blue Ridge,-,-,89,33.6
4/10/2026,2026,Opioid,Health District,Eastern Shore,-,-,4,6.4
4/10/2026,2025,Stimulant,Health District,Virginia Beach,-,-,12,0.6
4/10/2026,2023,Stimulant,Health District,Loudoun,-,-,12,1.1
4/10/2026,2023,All Drug,Health District,Chickahominy,-,-,337,48.1
4/10/2026,2023,Heroin,Health District,Alleghany,-,-,61,7
4/10/2026,2023,Stimulant,Health District,Prince William,-,-,17,0.9
4/10/2026,2022,Heroin,Health District,Portsmouth,-,-,85,12.2
4/10/2026,2021,Opioid,Health District,Cumberland Plateau,-,-,144,26.8
4/10/2026,2022,Stimulant,Health District,Lord Fairfax,-,-,12,1
4/10/2026,2023,Heroin,Health District,West Piedmont,-,-,29,4.4
4/10/2026,2021,All Drug,Health District,New River,-,-,451,62.8
4/10/2026,2025,Heroin,Health District,Henrico,-,-,17,1.1
4/10/2026,2023,All Drug,Health District,West Piedmont,-,-,453,68.3
4/10/2026,2021,All Drug,Health District,Hampton,-,-,378,56.8
4/10/2026,2025,Opioid,Health District,Chesterfield,-,-,323,15.1
4/10/2026,2021,Opioid,Health District,Mount Rogers,-,-,271,34.9
4/10/2026,2025,Heroin,Health District,Arlington,-,-,0,0
4/10/2026,2026,Opioid,Health District,Piedmont,-,-,13,9.2
4/10/2026,2022,Stimulant,Health District,Piedmont,-,-,20,3.5
4/10/2026,2025,Stimulant,Health District,Western Tidewater,-,-,10,1
4/10/2026,2023,All Drug,Health District,Southside,-,-,212,46.5
4/10/2026,2023,All Drug,Health District,Central Virginia,-,-,851,92.1
4/10/2026,2023,Stimulant,Health District,Henrico,-,-,62,4.1
4/10/2026,2026,All Drug,Health District,Roanoke,-,-,113,62.1
4/10/2026,2021,All Drug,Health District,Norfolk,-,-,883,68.5
4/10/2026,2021,Opioid,Health District,Alexandria,-,-,108,28.1
4/10/2026,2022,Opioid,Health District,New River,-,-,271,34.3
4/10/2026,2022,Heroin,Health District,Crater,-,-,27,2.1
4/10/2026,2026,Heroin,Health District,Rappahannock,-,-,1,0.2
4/10/2026,2021,All Drug,Health District,Fairfax,-,-,1312,49.7
4/10/2026,2022,All Drug,Health District,West Piedmont,-,-,423,66.8
4/10/2026,2024,Heroin,Health District,Henrico,-,-,27,1.7
4/10/2026,2026,Stimulant,Health District,West Piedmont,-,-,7,4.2
4/10/2026,2025,Stimulant,Health District,Fairfax,-,-,45,1.3
4/10/2026,2021,Opioid,Health District,Piedmont,-,-,121,22.2
4/10/2026,2025,Heroin,Health District,Prince William,-,-,*,0.1
4/10/2026,2023,All Drug,Health District,Lord Fairfax,-,-,570,45.8
4/10/2026,2025,Heroin,Health District,Pittsylvania-Danville,-,-,*,0.5
4/10/2026,2024,Opioid,Health District,Lord Fairfax,-,-,203,16.3
4/10/2026,2025,Stimulant,Health District,Eastern Shore,-,-,6,2.3
4/10/2026,2025,Heroin,Health District,New River,-,-,15,1.7
4/10/2026,2021,All Drug,Health District,Eastern Shore,-,-,107,50
4/10/2026,2025,All Drug,Health District,Crater,-,-,482,31
4/10/2026,2022,Heroin,Health District,Alexandria,-,-,1,0.2
4/10/2026,2024,Stimulant,Health District,Norfolk,-,-,17,1.2
4/10/2026,2022,All Drug,Health District,Chesterfield,-,-,1062,58.2
4/10/2026,2021,All Drug,Health District,Peninsula,-,-,975,61.6
4/10/2026,2024,Heroin,Health District,Hampton,-,-,6,0.8
4/10/2026,2023,Heroin,Health District,Richmond,-,-,108,6.7
4/10/2026,2025,All Drug,Health District,Mount Rogers,-,-,397,46.2
4/10/2026,2024,Heroin,Health District,Central Shenandoah,-,-,2,0.1
4/10/2026,2024,Stimulant,Health District,Portsmouth,-,-,11,1.5
4/10/2026,2021,All Drug,Health District,Alleghany,-,-,643,88.2
4/10/2026,2023,Opioid,Health District,Chesapeake,-,-,340,33.7
4/10/2026,2023,Opioid,Health District,Rappahannock Rapidan,-,-,171,20.3
4/10/2026,2023,All Drug,Health District,Roanoke,-,-,702,97.3
4/10/2026,2022,All Drug,Health District,Pittsylvania-Danville,-,-,401,70.6
4/10/2026,2026,Stimulant,Health District,Henrico,-,-,9,2.3
4/10/2026,2023,All Drug,Health District,Cumberland Plateau,-,-,361,62.5
4/10/2026,2026,Stimulant,Health District,Central Virginia,-,-,8,3.2
4/10/2026,2026,Stimulant,Health District,Southside,-,-,4,3.6
4/10/2026,2022,Heroin,Health District,Fairfax,-,-,31,1
4/10/2026,2023,Stimulant,Health District,Blue Ridge,-,-,20,1.9
4/10/2026,2026,Stimulant,Health District,Cumberland Plateau,-,-,6,4.3
4/10/2026,2023,Opioid,Health District,Western Tidewater,-,-,231,24.2
4/10/2026,2022,All Drug,Health District,Richmond,-,-,1754,111.3
4/10/2026,2022,Opioid,Health District,Eastern Shore,-,-,55,22.3
4/10/2026,2021,Stimulant,Health District,Virginia Beach,-,-,17,1
4/10/2026,2023,Stimulant,Health District,Rappahannock,-,-,16,0.9
4/10/2026,2023,Heroin,Health District,Roanoke,-,-,88,12.2
4/10/2026,2023,Stimulant,Health District,Fairfax,-,-,44,1.4
4/10/2026,2026,Opioid,Health District,Fairfax,-,-,136,17.3
4/10/2026,2021,Stimulant,Health District,Hampton,-,-,3,0.5
4/10/2026,2024,Opioid,Health District,Three Rivers,-,-,92,10.8
4/10/2026,2026,Heroin,Health District,Portsmouth,-,-,5,2.7
4/10/2026,2026,All Drug,Health District,Rappahannock Rapidan,-,-,74,33.7
4/10/2026,2024,Stimulant,Health District,Eastern Shore,-,-,3,1.1
4/10/2026,2025,Opioid,Health District,Lord Fairfax,-,-,185,14.8
4/10/2026,2022,All Drug,Health District,Hampton,-,-,370,52.5
4/10/2026,2025,Opioid,Health District,Hampton,-,-,113,15
4/10/2026,2022,Opioid,Health District,Richmond,-,-,1072,68
4/10/2026,2025,All Drug,Health District,Rappahannock Rapidan,-,-,263,29.4
4/10/2026,2026,Heroin,Health District,Crater,-,-,2,0.5
4/10/2026,2022,Heroin,Health District,Rappahannock,-,-,37,2.3
4/10/2026,2022,Stimulant,Health District,Eastern Shore,-,-,6,2.4
4/10/2026,2023,Opioid,Health District,Lord Fairfax,-,-,290,23.3
4/10/2026,2023,Opioid,Health District,Three Rivers,-,-,152,18.3
4/10/2026,2021,Heroin,Health District,Norfolk,-,-,179,13.9
4/10/2026,2021,Opioid,Health District,Blue Ridge,-,-,296,33.6
4/10/2026,2021,Heroin,Health District,Chesterfield,-,-,90,5.5
4/10/2026,2023,All Drug,Health District,Piedmont,-,-,257,45.2
4/10/2026,2024,All Drug,Health District,Western Tidewater,-,-,374,37.3
4/10/2026,2025,Heroin,Health District,Mount Rogers,-,-,*,0.3
4/10/2026,2021,Opioid,Health District,Arlington,-,-,118,27.2
4/10/2026,2023,Stimulant,Health District,Peninsula,-,-,15,0.9
4/10/2026,2024,Heroin,Health District,New River,-,-,18,2.1
4/10/2026,2023,Opioid,Health District,New River,-,-,201,24
4/10/2026,2021,Stimulant,Health District,Rappahannock Rapidan,-,-,15,2.3
4/10/2026,2022,Opioid,Health District,Chesterfield,-,-,512,28
4/10/2026,2022,Heroin,Health District,Arlington,-,-,3,0.6
4/10/2026,2026,Opioid,Health District,Mount Rogers,-,-,38,17.7
4/10/2026,2024,Stimulant,Health District,Prince William,-,-,20,1.1
4/10/2026,2024,Heroin,Health District,Alleghany,-,-,42,4.7
4/10/2026,2025,Heroin,Health District,Portsmouth,-,-,41,5.6
4/10/2026,2025,Heroin,Health District,Peninsula,-,-,8,0.4
4/10/2026,2024,All Drug,Health District,Southside,-,-,224,47
4/10/2026,2024,All Drug,Health District,Central Virginia,-,-,689,68.5
4/10/2026,2023,Opioid,Health District,Central Shenandoah,-,-,296,20.6
4/10/2026,2023,All Drug,Health District,Prince William,-,-,735,40.9
4/10/2026,2021,Opioid,Health District,Virginia Beach,-,-,384,23.2
4/10/2026,2026,Heroin,Health District,Chickahominy,-,-,0,0
4/10/2026,2024,Stimulant,Health District,Alexandria,-,-,3,0.6
4/10/2026,2026,Opioid,Health District,Hampton,-,-,23,12.1
4/10/2026,2021,Opioid,Health District,Richmond,-,-,1049,69.9
4/10/2026,2022,Heroin,Health District,Prince William,-,-,18,1.1
4/10/2026,2025,Opioid,Health District,Fairfax,-,-,631,18.6
4/10/2026,2023,Stimulant,Health District,West Piedmont,-,-,40,6
4/10/2026,2023,Heroin,Health District,Hampton,-,-,15,2
4/10/2026,2024,Heroin,Health District,Richmond,-,-,57,3.4
4/10/2026,2024,Heroin,Health District,Pittsylvania-Danville,-,-,1,0.2
4/10/2026,2022,All Drug,Health District,Lord Fairfax,-,-,572,47.5
4/10/2026,2026,All Drug,Health District,Alleghany,-,-,113,50.9
4/10/2026,2024,Opioid,Health District,Chesapeake,-,-,243,23
4/10/2026,2022,Stimulant,Health District,Alleghany,-,-,36,4.6
4/10/2026,2026,Opioid,Health District,Peninsula,-,-,59,12.9
4/10/2026,2021,Heroin,Health District,Peninsula,-,-,81,5.1
4/10/2026,2023,All Drug,Health District,Blue Ridge,-,-,540,52.1
4/10/2026,2021,Opioid,Health District,Hampton,-,-,170,25.5
4/10/2026,2026,All Drug,Health District,Hampton,-,-,59,31.2
4/10/2026,2026,Opioid,Health District,Richmond,-,-,110,27.3
4/10/2026,2026,Heroin,Health District,Hampton,-,-,1,0.5
4/10/2026,2021,Heroin,Health District,Richmond,-,-,211,14.1
4/10/2026,2023,All Drug,Health District,Mount Rogers,-,-,592,72.7
4/10/2026,2022,Heroin,Health District,Central Shenandoah,-,-,29,2.2
4/10/2026,2022,Stimulant,Health District,Portsmouth,-,-,17,2.4
4/10/2026,2021,Stimulant,Health District,Chesapeake,-,-,17,1.9
4/10/2026,2021,Heroin,Health District,Henrico,-,-,87,7
4/10/2026,2024,All Drug,Health District,Fairfax,-,-,1323,40.2
4/10/2026,2021,Heroin,Health District,Portsmouth,-,-,107,15.9
4/10/2026,2025,Opioid,Health District,New River,-,-,191,21.4
4/10/2026,2024,Stimulant,Health District,Blue Ridge,-,-,25,2.4
4/10/2026,2025,All Drug,Health District,Alleghany,-,-,431,47.6
4/10/2026,2021,Stimulant,Health District,West Piedmont,-,-,50,8.4
4/10/2026,2022,Stimulant,Health District,Fairfax,-,-,30,1
4/10/2026,2025,Stimulant,Health District,Lord Fairfax,-,-,12,1
4/10/2026,2024,Heroin,Health District,West Piedmont,-,-,13,1.9
4/10/2026,2022,All Drug,Health District,New River,-,-,561,71.1
4/10/2026,2026,All Drug,Health District,Chesterfield,-,-,171,32.2
4/10/2026,2025,All Drug,Health District,Peninsula,-,-,639,35.1
4/10/2026,2026,Stimulant,Health District,Virginia Beach,-,-,1,0.2
4/10/2026,2025,Opioid,Health District,Eastern Shore,-,-,32,12.3
4/10/2026,2023,Stimulant,Health District,Central Shenandoah,-,-,57,4
4/10/2026,2024,Opioid,Health District,Crater,-,-,313,21
4/10/2026,2026,Stimulant,Health District,Three Rivers,-,-,1,0.5
4/10/2026,2022,Opioid,Health District,Mount Rogers,-,-,354,43
4/10/2026,2026,Opioid,Health District,Chesterfield,-,-,70,13.2
4/10/2026,2025,All Drug,Health District,New River,-,-,431,48.4
4/10/2026,2024,All Drug,Health District,Pittsylvania-Danville,-,-,329,52.2
4/10/2026,2025,All Drug,Health District,Roanoke,-,-,531,71.1
4/10/2026,2026,Heroin,Health District,Cumberland Plateau,-,-,0,0
4/10/2026,2021,All Drug,Health District,Central Shenandoah,-,-,600,48.3
4/10/2026,2024,All Drug,Health District,Three Rivers,-,-,246,29
4/10/2026,2021,All Drug,Health District,Virginia Beach,-,-,935,56.5
4/10/2026,2022,All Drug,Health District,Chickahominy,-,-,333,50.3
4/10/2026,2023,All Drug,Health District,Arlington,-,-,227,43.1
4/10/2026,2023,All Drug,Health District,Loudoun,-,-,499,43.7
4/10/2026,2023,All Drug,Health District,Crater,-,-,781,54.4
4/10/2026,2023,All Drug,Health District,Chesapeake,-,-,590,58.4
4/10/2026,2023,All Drug,Health District,Eastern Shore,-,-,116,44.4
4/10/2026,2023,All Drug,Health District,Western Tidewater,-,-,422,44.2
4/10/2026,2024,All Drug,Health District,New River,-,-,418,49.2
4/10/2026,2024,All Drug,Health District,Roanoke,-,-,639,84.5
4/10/2026,2024,All Drug,Health District,Chesterfield,-,-,891,42.6
4/10/2026,2024,All Drug,Health District,Piedmont,-,-,225,38.9
4/10/2026,2024,All Drug,Health District,Peninsula,-,-,841,46.4
4/10/2026,2025,All Drug,Health District,Alexandria,-,-,166,34.7
4/10/2026,2025,All Drug,Health District,Pittsylvania-Danville,-,-,310,46.7
4/10/2026,2025,All Drug,Health District,Henrico,-,-,828,52.4
4/10/2026,2025,All Drug,Health District,Chesapeake,-,-,456,42.4
4/10/2026,2025,All Drug,Health District,Virginia Beach,-,-,693,34.9
4/10/2026,2026,All Drug,Health District,Rappahannock,-,-,143,29.8
4/10/2026,2026,All Drug,Health District,Alexandria,-,-,42,35.4
4/10/2026,2026,All Drug,Health District,Lenowisco,-,-,62,61.7
4/10/2026,2026,All Drug,Health District,Chickahominy,-,-,80,42.8
4/10/2026,2026,All Drug,Health District,Henrico,-,-,161,41.5
4/10/2026,2026,All Drug,Health District,Eastern Shore,-,-,15,23.9
4/10/2026,2026,All Drug,Health District,Norfolk,-,-,123,35.5
4/10/2026,2026,All Drug,Health District,Virginia Beach,-,-,188,36.8
4/10/2026,2026,All Drug,Health District,Portsmouth,-,-,105,57.5
4/10/2026,2021,Heroin,Health District,Rappahannock,-,-,63,4.2
4/10/2026,2021,Heroin,Health District,Mount Rogers,-,-,8,1
4/10/2026,2022,Heroin,Health District,Mount Rogers,-,-,8,1
4/10/2026,2022,Heroin,Health District,New River,-,-,52,6.6
4/10/2026,2022,Heroin,Health District,Roanoke,-,-,119,18.2
4/10/2026,2022,Heroin,Health District,Chickahominy,-,-,15,2.3
4/10/2026,2022,Heroin,Health District,Richmond,-,-,165,10.5
4/10/2026,2023,Heroin,Health District,Crater,-,-,14,1
4/10/2026,2023,Heroin,Health District,Chickahominy,-,-,22,3.1
4/10/2026,2023,Heroin,Health District,Three Rivers,-,-,7,0.8
4/10/2026,2023,Heroin,Health District,Western Tidewater,-,-,24,2.5
4/10/2026,2023,Heroin,Health District,Virginia Beach,-,-,48,2.6
4/10/2026,2024,Heroin,Health District,Blue Ridge,-,-,14,1.3
4/10/2026,2024,Heroin,Health District,Alexandria,-,-,0,0
4/10/2026,2024,Heroin,Health District,Arlington,-,-,0,0
4/10/2026,2024,Heroin,Health District,Prince William,-,-,2,0.1
4/10/2026,2024,Heroin,Health District,Crater,-,-,10,0.7
4/10/2026,2024,Heroin,Health District,Southside,-,-,4,0.8
4/10/2026,2025,Heroin,Health District,Loudoun,-,-,0,0
4/10/2026,2025,Heroin,Health District,Chesterfield,-,-,19,0.9
4/10/2026,2025,Heroin,Health District,Crater,-,-,8,0.5
4/10/2026,2025,Heroin,Health District,Hampton,-,-,7,0.9
4/10/2026,2025,Heroin,Health District,Three Rivers,-,-,*,0.4
4/10/2026,2025,Heroin,Health District,Western Tidewater,-,-,5,0.5
4/10/2026,2026,Heroin,Health District,Lord Fairfax,-,-,0,0
4/10/2026,2026,Heroin,Health District,Rappahannock Rapidan,-,-,1,0.5
4/10/2026,2026,Heroin,Health District,Loudoun,-,-,0,0
4/10/2026,2026,Heroin,Health District,Roanoke,-,-,7,3.8
4/10/2026,2026,Heroin,Health District,Chesterfield,-,-,5,0.9
4/10/2026,2026,Heroin,Health District,Piedmont,-,-,0,0
4/10/2026,2026,Heroin,Health District,Virginia Beach,-,-,7,1.4
4/10/2026,2021,Opioid,Health District,Prince William,-,-,395,26.1
4/10/2026,2021,Opioid,Health District,Pittsylvania-Danville,-,-,165,29.7
4/10/2026,2021,Opioid,Health District,West Piedmont,-,-,292,48.8
4/10/2026,2021,Opioid,Health District,Lenowisco,-,-,111,30.2
4/10/2026,2021,Opioid,Health District,Roanoke,-,-,401,63.3
4/10/2026,2021,Opioid,Health District,Chickahominy,-,-,192,32.1
4/10/2026,2021,Opioid,Health District,Portsmouth,-,-,425,63.3
4/10/2026,2022,Opioid,Health District,West Piedmont,-,-,249,39.3
4/10/2026,2022,Opioid,Health District,Lenowisco,-,-,140,33.1
4/10/2026,2022,Opioid,Health District,Crater,-,-,415,32.7
4/10/2026,2022,Opioid,Health District,Southside,-,-,151,33.7
4/10/2026,2023,Opioid,Health District,Rappahannock,-,-,289,16.4
4/10/2026,2023,Opioid,Health District,Central Virginia,-,-,346,37.5
4/10/2026,2023,Opioid,Health District,Crater,-,-,460,32
4/10/2026,2023,Opioid,Health District,Peninsula,-,-,517,29.6
4/10/2026,2024,Opioid,Health District,Cumberland Plateau,-,-,189,32.2
4/10/2026,2024,Opioid,Health District,New River,-,-,196,23.1
4/10/2026,2024,Opioid,Health District,Chesterfield,-,-,362,17.3
4/10/2026,2024,Opioid,Health District,Chickahominy,-,-,113,15.3
4/10/2026,2024,Opioid,Health District,Piedmont,-,-,100,17.3
4/10/2026,2024,Opioid,Health District,Norfolk,-,-,388,27.1
4/10/2026,2024,Opioid,Health District,Virginia Beach,-,-,353,18.1
4/10/2026,2025,Opioid,Health District,Rappahannock Rapidan,-,-,100,11.2
4/10/2026,2025,Opioid,Health District,Arlington,-,-,113,21.4
4/10/2026,2025,Opioid,Health District,Lenowisco,-,-,100,23.7
4/10/2026,2025,Opioid,Health District,Peninsula,-,-,278,15.3
4/10/2026,2025,Opioid,Health District,Virginia Beach,-,-,275,13.9
4/10/2026,2026,Opioid,Health District,Rappahannock,-,-,33,6.9
4/10/2026,2026,Opioid,Health District,Alexandria,-,-,15,12.6
4/10/2026,2026,Opioid,Health District,Arlington,-,-,16,12.5
4/10/2026,2026,Opioid,Health District,Alleghany,-,-,47,21.2
4/10/2026,2026,Opioid,Health District,Western Tidewater,-,-,29,11.8
4/10/2026,2021,Stimulant,Health District,Alleghany,-,-,32,4.4
4/10/2026,2021,Stimulant,Health District,Pittsylvania-Danville,-,-,25,4.5
4/10/2026,2021,Stimulant,Health District,Lenowisco,-,-,12,3.3
4/10/2026,2021,Stimulant,Health District,Mount Rogers,-,-,24,3.1
4/10/2026,2021,Stimulant,Health District,Crater,-,-,28,2.3
4/10/2026,2021,Stimulant,Health District,Henrico,-,-,50,4
4/10/2026,2021,Stimulant,Health District,Three Rivers,-,-,7,0.9
4/10/2026,2022,Stimulant,Health District,Rappahannock,-,-,17,1.1
4/10/2026,2022,Stimulant,Health District,Alexandria,-,-,8,1.9
4/10/2026,2022,Stimulant,Health District,Arlington,-,-,10,2
4/10/2026,2022,Stimulant,Health District,Pittsylvania-Danville,-,-,39,6.9
4/10/2026,2022,Stimulant,Health District,Lenowisco,-,-,11,2.6
4/10/2026,2023,Stimulant,Health District,Cumberland Plateau,-,-,37,6.4
4/10/2026,2023,Stimulant,Health District,Roanoke,-,-,48,6.7
4/10/2026,2023,Stimulant,Health District,Piedmont,-,-,18,3.2
4/10/2026,2024,Stimulant,Health District,Central Shenandoah,-,-,73,4.9
4/10/2026,2024,Stimulant,Health District,Arlington,-,-,14,2.7
4/10/2026,2024,Stimulant,Health District,New River,-,-,28,3.3
4/10/2026,2024,Stimulant,Health District,Western Tidewater,-,-,10,1
4/10/2026,2025,Stimulant,Health District,Central Shenandoah,-,-,78,5.2
4/10/2026,2025,Stimulant,Health District,Alexandria,-,-,5,1
4/10/2026,2025,Stimulant,Health District,Hampton,-,-,10,1.3
4/10/2026,2025,Stimulant,Health District,Norfolk,-,-,19,1.3
4/10/2026,2025,Stimulant,Health District,Three Rivers,-,-,8,0.9
4/10/2026,2025,Stimulant,Health District,Peninsula,-,-,11,0.6
4/10/2026,2026,Stimulant,Health District,Rappahannock,-,-,5,1
4/10/2026,2026,Stimulant,Health District,Chesterfield,-,-,7,1.3
4/10/2026,2026,Stimulant,Health District,Chickahominy,-,-,2,1.1
